timestamp,load_MW,temp_C,humidity,wind_speed,hour,day_of_week,is_weekend,zone_id
2025-09-30 00:00:00,869.0300015835725,24.9,92,5.9,0,1,False,Zone_A
2025-09-30 01:00:00,938.2313459225651,26.9,84,1.7,1,1,False,Zone_A
2025-09-30 02:00:00,943.2414155582406,27.7,83,2.8,2,1,False,Zone_A
2025-09-30 03:00:00,1060.458176259274,29.4,76,1.2,3,1,False,Zone_A
2025-09-30 04:00:00,1084.4311964672377,31.4,66,2.8,4,1,False,Zone_A
2025-09-30 05:00:00,1097.0533332562811,32.8,59,3.9,5,1,False,Zone_A
2025-09-30 06:00:00,1087.267531140116,33.5,54,4.1,6,1,False,Zone_A
2025-09-30 07:00:00,1129.0258618624334,34.2,52,5.2,7,1,False,Zone_A
2025-09-30 08:00:00,1078.5014735459906,33.9,52,5.1,8,1,False,Zone_A
2025-09-30 09:00:00,1104.7520395203262,34.0,52,3.2,9,1,False,Zone_A
2025-09-30 10:00:00,1019.6738242398818,32.7,54,3.1,10,1,False,Zone_A
2025-09-30 11:00:00,1004.6952769637576,32.5,55,3.7,11,1,False,Zone_A
2025-09-30 12:00:00,984.799657259296,32.3,58,2.9,12,1,False,Zone_A
2025-09-30 13:00:00,990.9862440165666,31.7,61,3.6,13,1,False,Zone_A
2025-09-30 14:00:00,896.229862182533,31.0,67,3.1,14,1,False,Zone_A
2025-09-30 15:00:00,893.4320986358712,30.8,68,1.5,15,1,False,Zone_A
2025-09-30 16:00:00,907.7330904528542,30.2,69,2.7,16,1,False,Zone_A
2025-09-30 17:00:00,828.4862191400696,29.6,73,3.0,17,1,False,Zone_A
2025-09-30 18:00:00,869.4762390571834,29.1,72,4.6,18,1,False,Zone_A
2025-09-30 19:00:00,845.2054476520772,28.6,74,4.4,19,1,False,Zone_A
2025-09-30 20:00:00,855.4239354130236,28.2,75,4.1,20,1,False,Zone_A
2025-09-30 21:00:00,834.4537406066762,27.8,77,4.3,21,1,False,Zone_A
2025-09-30 22:00:00,870.1011121820887,27.3,78,4.8,22,1,False,Zone_A
2025-09-30 23:00:00,843.2023392576232,26.8,82,3.4,23,1,False,Zone_A
2025-10-01 00:00:00,838.0572140419337,24.0,94,4.8,0,2,False,Zone_A
2025-10-01 01:00:00,882.2188163787371,24.1,94,1.7,1,2,False,Zone_A
2025-10-01 02:00:00,939.0077505587113,25.1,91,1.9,2,2,False,Zone_A
2025-10-01 03:00:00,990.5195320586934,26.8,84,1.3,3,2,False,Zone_A
2025-10-01 04:00:00,1014.5237313383745,28.3,76,2.7,4,2,False,Zone_A
2025-10-01 05:00:00,1018.9592995133537,29.8,68,1.8,5,2,False,Zone_A
2025-10-01 06:00:00,1028.224618979001,30.9,65,3.5,6,2,False,Zone_A
2025-10-01 07:00:00,1065.681912753697,32.0,60,2.2,7,2,False,Zone_A
2025-10-01 08:00:00,1079.7451356553497,32.8,55,1.1,8,2,False,Zone_A
2025-10-01 09:00:00,1042.9710975473251,33.0,52,1.9,9,2,False,Zone_A
2025-10-01 10:00:00,1033.6931500045237,30.9,62,9.5,10,2,False,Zone_A
2025-10-01 11:00:00,969.021812987531,28.0,77,6.5,11,2,False,Zone_A
2025-10-01 12:00:00,893.224009722476,27.5,76,2.8,12,2,False,Zone_A
2025-10-01 13:00:00,887.5334619821382,28.0,76,1.3,13,2,False,Zone_A
2025-10-01 14:00:00,846.1800579639136,28.0,81,1.8,14,2,False,Zone_A
2025-10-01 15:00:00,825.9233706989577,27.8,86,1.7,15,2,False,Zone_A
2025-10-01 16:00:00,868.9171628265233,27.9,85,1.4,16,2,False,Zone_A
2025-10-01 17:00:00,762.594317921716,27.6,80,3.8,17,2,False,Zone_A
2025-10-01 18:00:00,815.1871036381222,26.6,81,6.8,18,2,False,Zone_A
2025-10-01 19:00:00,794.8820980893961,26.9,79,6.0,19,2,False,Zone_A
2025-10-01 20:00:00,817.4341798859002,26.6,83,3.7,20,2,False,Zone_A
2025-10-01 21:00:00,852.6783200745876,26.4,86,2.9,21,2,False,Zone_A
2025-10-01 22:00:00,839.2060876347874,26.2,86,2.2,22,2,False,Zone_A
2025-10-01 23:00:00,875.1070584771088,25.9,84,8.2,23,2,False,Zone_A
2025-10-02 00:00:00,905.8801771235679,24.7,88,1.3,0,3,False,Zone_A
2025-10-02 01:00:00,928.9501266481485,25.4,85,1.7,1,3,False,Zone_A
2025-10-02 02:00:00,908.8630092701615,26.4,82,2.7,2,3,False,Zone_A
2025-10-02 03:00:00,1020.4675021329516,28.0,75,4.8,3,3,False,Zone_A
2025-10-02 04:00:00,1023.6759886205535,30.0,66,4.3,4,3,False,Zone_A
2025-10-02 05:00:00,1055.4035642321508,31.7,58,5.6,5,3,False,Zone_A
2025-10-02 06:00:00,1072.9060690933293,31.5,55,6.3,6,3,False,Zone_A
2025-10-02 07:00:00,1095.8365309923263,32.3,51,10.3,7,3,False,Zone_A
2025-10-02 08:00:00,1085.5316878640574,31.8,56,6.9,8,3,False,Zone_A
2025-10-02 09:00:00,1062.9677054475821,31.5,56,6.4,9,3,False,Zone_A
2025-10-02 10:00:00,1032.330066138944,31.8,54,5.5,10,3,False,Zone_A
2025-10-02 11:00:00,1017.1359421970939,31.9,49,5.7,11,3,False,Zone_A
2025-10-02 12:00:00,965.2522845107585,29.2,70,5.0,12,3,False,Zone_A
2025-10-02 13:00:00,898.281472887905,28.9,71,9.3,13,3,False,Zone_A
2025-10-02 14:00:00,854.1109134128028,28.5,72,2.6,14,3,False,Zone_A
2025-10-02 15:00:00,862.9705243102143,28.4,73,3.3,15,3,False,Zone_A
2025-10-02 16:00:00,852.3287434747546,28.1,74,4.9,16,3,False,Zone_A
2025-10-02 17:00:00,817.9825547902333,27.6,77,5.8,17,3,False,Zone_A
2025-10-02 18:00:00,778.7149406372656,27.4,85,6.7,18,3,False,Zone_A
2025-10-02 19:00:00,784.8394861088663,26.3,90,1.3,19,3,False,Zone_A
2025-10-02 20:00:00,801.5054964397916,26.2,91,5.4,20,3,False,Zone_A
2025-10-02 21:00:00,829.6080751813271,25.7,92,5.5,21,3,False,Zone_A
2025-10-02 22:00:00,816.0922090832302,25.1,93,7.2,22,3,False,Zone_A
2025-10-02 23:00:00,848.9215090009035,24.8,94,5.2,23,3,False,Zone_A
2025-10-03 00:00:00,862.1711095701598,25.1,94,5.4,0,4,False,Zone_A
2025-10-03 01:00:00,910.0239920850972,25.1,94,3.8,1,4,False,Zone_A
2025-10-03 02:00:00,918.3412236736319,25.9,89,3.4,2,4,False,Zone_A
2025-10-03 03:00:00,975.2264742540501,27.4,81,4.3,3,4,False,Zone_A
2025-10-03 04:00:00,1019.3098739789991,29.1,68,5.2,4,4,False,Zone_A
2025-10-03 05:00:00,1025.5066831836098,30.6,60,5.7,5,4,False,Zone_A
2025-10-03 06:00:00,1108.3566599353987,31.2,57,6.0,6,4,False,Zone_A
2025-10-03 07:00:00,1087.0652885443103,32.6,53,5.3,7,4,False,Zone_A
2025-10-03 08:00:00,1057.7090719195455,33.5,49,5.3,8,4,False,Zone_A
2025-10-03 09:00:00,1062.2104028998099,33.7,48,6.3,9,4,False,Zone_A
2025-10-03 10:00:00,1081.2909150839212,33.7,48,7.3,10,4,False,Zone_A
2025-10-03 11:00:00,1053.879782718201,32.5,50,7.9,11,4,False,Zone_A
2025-10-03 12:00:00,951.2890475412812,31.5,57,5.6,12,4,False,Zone_A
2025-10-03 13:00:00,984.7686168933831,31.0,60,3.2,13,4,False,Zone_A
2025-10-03 14:00:00,884.9800267350578,30.8,60,3.9,14,4,False,Zone_A
2025-10-03 15:00:00,875.7441168771395,30.0,64,4.0,15,4,False,Zone_A
2025-10-03 16:00:00,873.3767175201259,29.1,71,3.2,16,4,False,Zone_A
2025-10-03 17:00:00,802.470672196649,28.5,75,3.0,17,4,False,Zone_A
2025-10-03 18:00:00,815.2563990735256,28.5,80,2.6,18,4,False,Zone_A
2025-10-03 19:00:00,809.0266535644904,28.4,79,2.6,19,4,False,Zone_A
2025-10-03 20:00:00,866.2151520235053,28.1,78,4.2,20,4,False,Zone_A
2025-10-03 21:00:00,830.936789483828,27.5,81,4.2,21,4,False,Zone_A
2025-10-03 22:00:00,854.048643663668,26.8,85,2.3,22,4,False,Zone_A
2025-10-03 23:00:00,875.3601013408038,26.5,87,1.7,23,4,False,Zone_A
2025-10-04 00:00:00,905.8925351080482,26.4,86,2.8,0,5,True,Zone_A
2025-10-04 01:00:00,939.3616180303259,26.5,85,1.9,1,5,True,Zone_A
2025-10-04 02:00:00,1009.3361730560243,27.5,77,2.6,2,5,True,Zone_A
2025-10-04 03:00:00,1019.9529141164059,29.5,63,3.2,3,5,True,Zone_A
2025-10-04 04:00:00,1073.7459542826923,31.4,53,6.6,4,5,True,Zone_A
2025-10-04 05:00:00,1124.6369034200357,32.8,46,9.1,5,5,True,Zone_A
2025-10-04 06:00:00,1108.4166199691922,33.5,44,10.2,6,5,True,Zone_A
2025-10-04 07:00:00,1106.953107185491,34.0,43,10.9,7,5,True,Zone_A
2025-10-04 08:00:00,1103.748319102709,34.5,40,12.3,8,5,True,Zone_A
2025-10-04 09:00:00,1057.908839772823,34.5,39,12.2,9,5,True,Zone_A
2025-10-04 10:00:00,1068.49574729986,34.2,41,12.4,10,5,True,Zone_A
2025-10-04 11:00:00,1017.6414583116741,33.5,42,12.1,11,5,True,Zone_A
2025-10-04 12:00:00,991.1387582587481,32.3,48,10.8,12,5,True,Zone_A
2025-10-04 13:00:00,960.9483504714509,31.4,53,6.4,13,5,True,Zone_A
2025-10-04 14:00:00,876.6954499195786,30.6,57,5.4,14,5,True,Zone_A
2025-10-04 15:00:00,896.9070004145093,30.0,61,4.8,15,5,True,Zone_A
2025-10-04 16:00:00,862.7412812169158,29.5,63,5.0,16,5,True,Zone_A
2025-10-04 17:00:00,840.6240275928261,28.8,66,5.0,17,5,True,Zone_A
2025-10-04 18:00:00,785.4768851078869,27.9,68,4.9,18,5,True,Zone_A
2025-10-04 19:00:00,829.6065209234464,27.2,70,5.2,19,5,True,Zone_A
2025-10-04 20:00:00,814.2138690180889,26.8,70,5.6,20,5,True,Zone_A
2025-10-04 21:00:00,823.1694828447545,26.2,70,5.1,21,5,True,Zone_A
2025-10-04 22:00:00,858.9039408468831,25.5,73,4.7,22,5,True,Zone_A
2025-10-04 23:00:00,861.9348464862471,25.0,76,4.6,23,5,True,Zone_A
2025-10-05 00:00:00,906.3700800259569,25.5,87,6.3,0,6,True,Zone_A
2025-10-05 01:00:00,903.6872861711036,25.7,84,7.4,1,6,True,Zone_A
2025-10-05 02:00:00,956.5547357417597,26.6,78,6.4,2,6,True,Zone_A
2025-10-05 03:00:00,1023.0082010179161,28.5,65,7.8,3,6,True,Zone_A
2025-10-05 04:00:00,1025.5032177606784,30.5,58,12.0,4,6,True,Zone_A
2025-10-05 05:00:00,1097.0130439579837,31.9,52,11.6,5,6,True,Zone_A
2025-10-05 06:00:00,1066.4314831257766,31.1,56,8.1,6,6,True,Zone_A
2025-10-05 07:00:00,1080.1656357873462,32.5,49,3.6,7,6,True,Zone_A
2025-10-05 08:00:00,1107.5370455087989,33.7,41,5.1,8,6,True,Zone_A
2025-10-05 09:00:00,1080.7030443691162,34.2,36,6.5,9,6,True,Zone_A
2025-10-05 10:00:00,1089.2642290948377,34.0,37,7.7,10,6,True,Zone_A
2025-10-05 11:00:00,1016.9836678433829,33.2,40,8.9,11,6,True,Zone_A
2025-10-05 12:00:00,987.0209373409123,32.4,45,5.1,12,6,True,Zone_A
2025-10-05 13:00:00,901.0605830511788,30.7,60,3.0,13,6,True,Zone_A
2025-10-05 14:00:00,901.1671829240441,30.5,59,1.3,14,6,True,Zone_A
2025-10-05 15:00:00,858.8563179724744,30.1,60,1.2,15,6,True,Zone_A
2025-10-05 16:00:00,866.4540586568171,29.2,63,2.4,16,6,True,Zone_A
2025-10-05 17:00:00,872.4425832664219,28.8,65,1.2,17,6,True,Zone_A
2025-10-05 18:00:00,797.7136007580914,24.9,79,14.5,18,6,True,Zone_A
2025-10-05 19:00:00,751.529685782771,22.4,91,12.3,19,6,True,Zone_A
2025-10-05 20:00:00,741.3208227100953,23.2,89,5.8,20,6,True,Zone_A
2025-10-05 21:00:00,748.190424071166,23.0,90,1.5,21,6,True,Zone_A
2025-10-05 22:00:00,780.4240243501501,22.8,90,2.0,22,6,True,Zone_A
2025-10-05 23:00:00,813.3683537261212,22.8,91,3.8,23,6,True,Zone_A
2025-10-06 00:00:00,824.777173215684,24.1,83,1.9,0,0,False,Zone_A
2025-10-06 01:00:00,898.1816942262775,24.3,83,0.9,1,0,False,Zone_A
2025-10-06 02:00:00,921.8369868660723,25.1,77,1.5,2,0,False,Zone_A
2025-10-06 03:00:00,927.0394657471376,26.1,72,3.6,3,0,False,Zone_A
2025-10-06 04:00:00,979.2216536978804,26.5,69,3.8,4,0,False,Zone_A
2025-10-06 05:00:00,1054.9144869066413,27.4,65,5.0,5,0,False,Zone_A
2025-10-06 06:00:00,1022.9001921474664,29.3,56,10.3,6,0,False,Zone_A
2025-10-06 07:00:00,1001.0942862529337,24.9,83,4.0,7,0,False,Zone_A
2025-10-06 08:00:00,976.4114389502594,25.2,74,6.3,8,0,False,Zone_A
2025-10-06 09:00:00,965.3443060025984,23.8,90,4.5,9,0,False,Zone_A
2025-10-06 10:00:00,926.1749970818491,24.5,84,5.8,10,0,False,Zone_A
2025-10-06 11:00:00,912.349835001245,24.4,85,6.9,11,0,False,Zone_A
2025-10-06 12:00:00,802.7149392236445,23.5,91,9.2,12,0,False,Zone_A
2025-10-06 13:00:00,830.4765742119914,22.8,93,7.6,13,0,False,Zone_A
2025-10-06 14:00:00,819.1698200067274,22.7,92,7.8,14,0,False,Zone_A
2025-10-06 15:00:00,758.1294939759157,22.6,93,7.3,15,0,False,Zone_A
2025-10-06 16:00:00,750.1775371827025,22.4,94,7.6,16,0,False,Zone_A
2025-10-06 17:00:00,715.6348123421168,22.4,95,7.4,17,0,False,Zone_A
2025-10-06 18:00:00,734.5484166745078,22.6,96,5.4,18,0,False,Zone_A
2025-10-06 19:00:00,735.8304530271366,22.7,95,6.5,19,0,False,Zone_A
2025-10-06 20:00:00,732.6860986280335,22.2,96,1.0,20,0,False,Zone_A
2025-10-06 21:00:00,759.14170823426,21.8,96,1.3,21,0,False,Zone_A
2025-10-06 22:00:00,792.6363813251913,22.2,96,4.7,22,0,False,Zone_A
2025-10-06 23:00:00,796.3008850314998,22.4,94,5.7,23,0,False,Zone_A
2025-10-07 00:00:00,795.4244230598723,22.2,95,5.6,0,1,False,Zone_A
2025-10-07 01:00:00,886.173483024622,22.1,96,6.2,1,1,False,Zone_A
2025-10-07 02:00:00,884.679456858473,22.7,91,7.1,2,1,False,Zone_A
2025-10-07 03:00:00,909.7135115622308,23.1,91,7.8,3,1,False,Zone_A
2025-10-07 04:00:00,919.046706505394,24.3,86,7.1,4,1,False,Zone_A
2025-10-07 05:00:00,1009.2743520193088,25.5,81,7.9,5,1,False,Zone_A
2025-10-07 06:00:00,1027.4815959340526,26.8,70,5.6,6,1,False,Zone_A
2025-10-07 07:00:00,1015.9120569964454,27.6,67,5.7,7,1,False,Zone_A
2025-10-07 08:00:00,1000.4530102107326,28.4,65,4.0,8,1,False,Zone_A
2025-10-07 09:00:00,1002.0003703876249,28.8,63,5.3,9,1,False,Zone_A
2025-10-07 10:00:00,941.718904318049,26.4,71,10.8,10,1,False,Zone_A
2025-10-07 11:00:00,928.4558421798301,25.9,73,7.2,11,1,False,Zone_A
2025-10-07 12:00:00,822.2177846921309,21.5,89,6.9,12,1,False,Zone_A
2025-10-07 13:00:00,800.8517173335509,21.5,87,5.1,13,1,False,Zone_A
2025-10-07 14:00:00,763.9130554534275,21.4,90,8.7,14,1,False,Zone_A
2025-10-07 15:00:00,725.8662750849365,21.1,93,3.8,15,1,False,Zone_A
2025-10-07 16:00:00,729.5743497273945,21.1,94,5.2,16,1,False,Zone_A
2025-10-07 17:00:00,712.6548567620418,20.9,95,2.0,17,1,False,Zone_A
2025-10-07 18:00:00,684.091339323395,21.1,98,2.6,18,1,False,Zone_A
2025-10-07 19:00:00,712.0291186915856,21.0,98,2.1,19,1,False,Zone_A
2025-10-07 20:00:00,747.2830349430872,20.7,98,1.6,20,1,False,Zone_A
2025-10-07 21:00:00,764.674131103984,20.9,97,3.8,21,1,False,Zone_A
2025-10-07 22:00:00,762.9781410036617,20.8,98,6.3,22,1,False,Zone_A
2025-10-07 23:00:00,744.1120469625477,20.4,98,3.1,23,1,False,Zone_A
2025-10-08 00:00:00,800.5470205071216,20.4,98,2.1,0,2,False,Zone_A
2025-10-08 01:00:00,869.7496771174077,20.9,97,3.3,1,2,False,Zone_A
2025-10-08 02:00:00,852.8083864231811,21.5,93,5.0,2,2,False,Zone_A
2025-10-08 03:00:00,860.9900309559022,22.4,87,4.3,3,2,False,Zone_A
2025-10-08 04:00:00,936.8611720310985,23.1,84,4.7,4,2,False,Zone_A
2025-10-08 05:00:00,954.3728952326253,24.2,79,1.6,5,2,False,Zone_A
2025-10-08 06:00:00,993.7502874588544,25.0,75,0.9,6,2,False,Zone_A
2025-10-08 07:00:00,981.6585544074143,25.9,70,0.9,7,2,False,Zone_A
2025-10-08 08:00:00,977.920975833609,26.2,66,3.4,8,2,False,Zone_A
2025-10-08 09:00:00,903.5730467924388,23.0,78,10.3,9,2,False,Zone_A
2025-10-08 10:00:00,884.2756341925132,23.6,77,5.2,10,2,False,Zone_A
2025-10-08 11:00:00,880.5619065774805,24.5,74,4.5,11,2,False,Zone_A
2025-10-08 12:00:00,862.0715966293944,23.3,84,4.1,12,2,False,Zone_A
2025-10-08 13:00:00,803.4903120088908,23.5,84,6.7,13,2,False,Zone_A
2025-10-08 14:00:00,794.7214959994085,23.2,83,4.6,14,2,False,Zone_A
2025-10-08 15:00:00,772.9834808240871,22.6,83,4.5,15,2,False,Zone_A
2025-10-08 16:00:00,750.3325892948699,21.9,86,3.6,16,2,False,Zone_A
2025-10-08 17:00:00,733.8519756401838,21.4,88,2.1,17,2,False,Zone_A
2025-10-08 18:00:00,728.3132037929479,21.6,91,4.0,18,2,False,Zone_A
2025-10-08 19:00:00,729.8299647023117,22.0,91,4.0,19,2,False,Zone_A
2025-10-08 20:00:00,715.4473838068197,21.8,92,4.7,20,2,False,Zone_A
2025-10-08 21:00:00,777.5890579437296,21.4,93,3.8,21,2,False,Zone_A
2025-10-08 22:00:00,761.8595861776416,21.0,94,3.7,22,2,False,Zone_A
2025-10-08 23:00:00,768.2462791336918,20.6,95,3.6,23,2,False,Zone_A
2025-10-09 00:00:00,828.3500712423686,20.5,94,3.8,0,3,False,Zone_A
2025-10-09 01:00:00,831.529516836763,20.8,93,4.1,1,3,False,Zone_A
2025-10-09 02:00:00,901.3520786444161,21.5,92,5.5,2,3,False,Zone_A
2025-10-09 03:00:00,934.3759369198683,22.8,89,4.7,3,3,False,Zone_A
2025-10-09 04:00:00,929.1831033677462,24.1,84,7.8,4,3,False,Zone_A
2025-10-09 05:00:00,956.8378870632826,25.0,77,7.3,5,3,False,Zone_A
2025-10-09 06:00:00,985.1735347662589,26.8,65,7.6,6,3,False,Zone_A
2025-10-09 07:00:00,1029.1959594216066,27.8,55,7.8,7,3,False,Zone_A
2025-10-09 08:00:00,1000.9825848570099,28.4,49,7.6,8,3,False,Zone_A
2025-10-09 09:00:00,994.2778098919395,28.4,48,8.1,9,3,False,Zone_A
2025-10-09 10:00:00,931.6057446502273,28.1,48,8.5,10,3,False,Zone_A
2025-10-09 11:00:00,928.8154947639046,27.5,53,7.1,11,3,False,Zone_A
2025-10-09 12:00:00,892.1862830426605,26.5,59,6.3,12,3,False,Zone_A
2025-10-09 13:00:00,819.8943005836044,24.7,67,5.9,13,3,False,Zone_A
2025-10-09 14:00:00,765.4946237471706,23.9,70,6.6,14,3,False,Zone_A
2025-10-09 15:00:00,780.6644174169352,23.1,71,7.7,15,3,False,Zone_A
2025-10-09 16:00:00,747.3982045511697,22.5,72,7.6,16,3,False,Zone_A
2025-10-09 17:00:00,713.2187658827131,21.8,73,6.8,17,3,False,Zone_A
2025-10-09 18:00:00,724.9856012615949,21.8,79,6.9,18,3,False,Zone_A
2025-10-09 19:00:00,759.4618225190723,21.5,80,6.4,19,3,False,Zone_A
2025-10-09 20:00:00,728.737753797007,21.0,82,5.9,20,3,False,Zone_A
2025-10-09 21:00:00,702.920889885298,20.5,83,5.5,21,3,False,Zone_A
2025-10-09 22:00:00,749.7516664799484,20.0,84,5.2,22,3,False,Zone_A
2025-10-09 23:00:00,812.4390969869569,19.5,85,4.7,23,3,False,Zone_A
2025-10-10 00:00:00,792.3903106745431,19.4,89,4.8,0,4,False,Zone_A
2025-10-10 01:00:00,818.1362013120125,19.6,88,4.1,1,4,False,Zone_A
2025-10-10 02:00:00,875.4632812119636,20.6,86,5.7,2,4,False,Zone_A
2025-10-10 03:00:00,874.6376436275939,22.1,81,3.6,3,4,False,Zone_A
2025-10-10 04:00:00,944.5819284827887,24.0,74,3.8,4,4,False,Zone_A
2025-10-10 05:00:00,978.5736921606677,25.8,65,4.5,5,4,False,Zone_A
2025-10-10 06:00:00,1008.0890133421345,27.1,56,5.4,6,4,False,Zone_A
2025-10-10 07:00:00,1021.7360521597925,28.0,51,4.8,7,4,False,Zone_A
2025-10-10 08:00:00,998.2345288095531,28.5,46,4.9,8,4,False,Zone_A
2025-10-10 09:00:00,993.1916251268631,28.6,43,5.3,9,4,False,Zone_A
2025-10-10 10:00:00,968.8740171666585,28.5,43,5.9,10,4,False,Zone_A
2025-10-10 11:00:00,928.344443943185,27.9,47,4.8,11,4,False,Zone_A
2025-10-10 12:00:00,890.8228078406744,26.4,53,5.2,12,4,False,Zone_A
2025-10-10 13:00:00,815.9870802310522,24.4,63,5.3,13,4,False,Zone_A
2025-10-10 14:00:00,793.1242609655326,23.7,66,3.1,14,4,False,Zone_A
2025-10-10 15:00:00,776.3530873650009,23.1,68,1.7,15,4,False,Zone_A
2025-10-10 16:00:00,782.6600547604955,22.9,69,0.9,16,4,False,Zone_A
2025-10-10 17:00:00,755.3399121545278,22.6,68,0.2,17,4,False,Zone_A
2025-10-10 18:00:00,739.9492956351894,21.9,76,0.7,18,4,False,Zone_A
2025-10-10 19:00:00,739.4696984945657,21.3,79,1.1,19,4,False,Zone_A
2025-10-10 20:00:00,722.4361723391838,20.6,82,2.5,20,4,False,Zone_A
2025-10-10 21:00:00,737.4712728157272,20.4,82,3.0,21,4,False,Zone_A
2025-10-10 22:00:00,766.809275214031,19.8,84,3.8,22,4,False,Zone_A
2025-10-10 23:00:00,781.0806721805685,19.4,85,4.0,23,4,False,Zone_A
2025-10-11 00:00:00,771.9312521303295,19.5,89,4.4,0,5,True,Zone_A
2025-10-11 01:00:00,823.0475575179349,20.1,87,4.0,1,5,True,Zone_A
2025-10-11 02:00:00,858.840893999606,20.9,85,5.5,2,5,True,Zone_A
2025-10-11 03:00:00,909.0783949735496,22.8,78,3.2,3,5,True,Zone_A
2025-10-11 04:00:00,968.6500582161794,25.0,69,3.8,4,5,True,Zone_A
2025-10-11 05:00:00,992.870050947349,26.8,58,5.6,5,5,True,Zone_A
2025-10-11 06:00:00,1049.1252504040622,27.5,53,6.1,6,5,True,Zone_A
2025-10-11 07:00:00,1038.9653480249194,28.3,49,6.1,7,5,True,Zone_A
2025-10-11 08:00:00,1019.4629727487851,28.9,47,7.4,8,5,True,Zone_A
2025-10-11 09:00:00,1022.8348464039211,29.0,46,8.7,9,5,True,Zone_A
2025-10-11 10:00:00,988.2879558249862,28.7,46,9.6,10,5,True,Zone_A
2025-10-11 11:00:00,944.8491703481518,28.0,49,8.4,11,5,True,Zone_A
2025-10-11 12:00:00,907.5931028651623,27.0,63,3.8,12,5,True,Zone_A
2025-10-11 13:00:00,847.2613132653687,25.5,66,5.1,13,5,True,Zone_A
2025-10-11 14:00:00,844.2759402794405,24.6,67,5.7,14,5,True,Zone_A
2025-10-11 15:00:00,807.3047596016443,23.9,70,5.7,15,5,True,Zone_A
2025-10-11 16:00:00,760.4987896093769,23.2,71,5.9,16,5,True,Zone_A
2025-10-11 17:00:00,768.5093666408451,22.6,74,5.7,17,5,True,Zone_A
2025-10-11 18:00:00,723.6942538526276,23.4,71,6.9,18,5,True,Zone_A
2025-10-11 19:00:00,741.8723640491526,23.0,74,4.6,19,5,True,Zone_A
2025-10-11 20:00:00,757.9172760050642,22.0,78,4.2,20,5,True,Zone_A
2025-10-11 21:00:00,754.5032828004,21.3,79,4.4,21,5,True,Zone_A
2025-10-11 22:00:00,775.3193306971566,20.8,79,4.7,22,5,True,Zone_A
2025-10-11 23:00:00,769.9038205784901,20.3,80,4.9,23,5,True,Zone_A
2025-10-12 00:00:00,815.4059767737664,20.6,86,5.0,0,6,True,Zone_A
2025-10-12 01:00:00,859.6172466233139,20.9,84,4.6,1,6,True,Zone_A
2025-10-12 02:00:00,866.9604041281954,22.1,80,6.0,2,6,True,Zone_A
2025-10-12 03:00:00,924.975834379797,23.7,75,3.6,3,6,True,Zone_A
2025-10-12 04:00:00,976.9628714050231,25.8,67,3.6,4,6,True,Zone_A
2025-10-12 05:00:00,1026.437258267875,27.9,57,5.2,5,6,True,Zone_A
2025-10-12 06:00:00,1045.885577180679,29.4,47,6.6,6,6,True,Zone_A
2025-10-12 07:00:00,1054.3493548906329,30.2,42,7.5,7,6,True,Zone_A
2025-10-12 08:00:00,1063.2059264786276,30.6,40,9.2,8,6,True,Zone_A
2025-10-12 09:00:00,1032.334762543684,30.6,40,9.9,9,6,True,Zone_A
2025-10-12 10:00:00,1015.2579112711525,30.4,41,10.1,10,6,True,Zone_A
2025-10-12 11:00:00,963.0650732225715,29.7,43,8.8,11,6,True,Zone_A
2025-10-12 12:00:00,921.261778275557,28.2,48,5.7,12,6,True,Zone_A
2025-10-12 13:00:00,870.7715908194616,26.5,58,5.0,13,6,True,Zone_A
2025-10-12 14:00:00,879.5997818565534,25.8,62,4.9,14,6,True,Zone_A
2025-10-12 15:00:00,833.99206773843,25.0,64,5.6,15,6,True,Zone_A
2025-10-12 16:00:00,778.2569930068611,24.2,67,5.4,16,6,True,Zone_A
2025-10-12 17:00:00,740.6775529027918,23.2,71,4.8,17,6,True,Zone_A
2025-10-12 18:00:00,752.2377753673172,23.0,73,4.2,18,6,True,Zone_A
2025-10-12 19:00:00,772.6248681466275,22.9,73,3.6,19,6,True,Zone_A
2025-10-12 20:00:00,744.4400388992249,22.4,73,3.7,20,6,True,Zone_A
2025-10-12 21:00:00,786.7005817407987,22.1,73,3.6,21,6,True,Zone_A
2025-10-12 22:00:00,763.4161537571721,21.9,72,3.6,22,6,True,Zone_A
2025-10-12 23:00:00,774.4721809333818,21.5,72,3.5,23,6,True,Zone_A
2025-10-13 00:00:00,796.8383339138963,20.5,83,3.3,0,0,False,Zone_A
2025-10-13 01:00:00,858.6130528237131,20.8,84,1.9,1,0,False,Zone_A
2025-10-13 02:00:00,885.1541804224037,22.0,79,3.1,2,0,False,Zone_A
2025-10-13 03:00:00,937.9597568223672,24.0,72,2.4,3,0,False,Zone_A
2025-10-13 04:00:00,994.9241491780567,26.3,61,2.6,4,0,False,Zone_A
2025-10-13 05:00:00,1036.0843049112395,28.5,51,3.1,5,0,False,Zone_A
2025-10-13 06:00:00,1061.7878736551388,29.9,40,4.1,6,0,False,Zone_A
2025-10-13 07:00:00,1081.5456353128814,31.0,36,4.8,7,0,False,Zone_A
2025-10-13 08:00:00,1043.0807477935896,31.5,34,5.6,8,0,False,Zone_A
2025-10-13 09:00:00,1048.7089296661466,31.6,34,5.7,9,0,False,Zone_A
2025-10-13 10:00:00,1032.6782464319285,31.4,34,6.4,10,0,False,Zone_A
2025-10-13 11:00:00,997.6974730670709,30.6,37,7.1,11,0,False,Zone_A
2025-10-13 12:00:00,948.5009125252308,28.6,54,2.9,12,0,False,Zone_A
2025-10-13 13:00:00,870.0026773732482,27.5,52,1.7,13,0,False,Zone_A
2025-10-13 14:00:00,871.4813976450401,26.8,53,1.5,14,0,False,Zone_A
2025-10-13 15:00:00,816.1127998434682,26.3,54,1.3,15,0,False,Zone_A
2025-10-13 16:00:00,814.1997712022807,25.9,55,1.3,16,0,False,Zone_A
2025-10-13 17:00:00,744.7257935642884,24.9,59,2.4,17,0,False,Zone_A
2025-10-13 18:00:00,775.6398972434475,24.0,67,2.6,18,0,False,Zone_A
2025-10-13 19:00:00,790.6873687220323,23.7,67,2.2,19,0,False,Zone_A
2025-10-13 20:00:00,769.9640711850928,23.5,66,1.4,20,0,False,Zone_A
2025-10-13 21:00:00,747.0624167836206,22.6,68,3.0,21,0,False,Zone_A
2025-10-13 22:00:00,751.4749571104418,21.8,72,3.8,22,0,False,Zone_A
2025-10-13 23:00:00,776.1591358047426,21.0,75,4.1,23,0,False,Zone_A
2025-10-14 00:00:00,847.697790934913,21.1,79,3.3,0,1,False,Zone_A
2025-10-14 01:00:00,841.5555856360853,21.6,79,1.9,1,1,False,Zone_A
2025-10-14 02:00:00,885.7763584690368,23.1,73,2.8,2,1,False,Zone_A
2025-10-14 03:00:00,918.661751572655,25.1,67,1.8,3,1,False,Zone_A
2025-10-14 04:00:00,1003.4335595822382,27.8,53,2.0,4,1,False,Zone_A
2025-10-14 05:00:00,1037.9012200928194,29.7,37,3.6,5,1,False,Zone_A
2025-10-14 06:00:00,1071.0173221101315,30.5,33,5.0,6,1,False,Zone_A
2025-10-14 07:00:00,1045.7007203518504,31.3,31,5.5,7,1,False,Zone_A
2025-10-14 08:00:00,1051.2973428211267,31.8,30,6.3,8,1,False,Zone_A
2025-10-14 09:00:00,1052.1197820269576,31.8,29,6.6,9,1,False,Zone_A
2025-10-14 10:00:00,1013.9287756092509,31.5,30,7.0,10,1,False,Zone_A
2025-10-14 11:00:00,1017.2951294273271,30.8,31,7.0,11,1,False,Zone_A
2025-10-14 12:00:00,951.508350644102,29.4,34,5.8,12,1,False,Zone_A
2025-10-14 13:00:00,902.759171831625,27.5,49,2.7,13,1,False,Zone_A
2025-10-14 14:00:00,849.5875789920823,27.2,49,0.6,14,1,False,Zone_A
2025-10-14 15:00:00,846.1945948343716,26.7,49,0.3,15,1,False,Zone_A
2025-10-14 16:00:00,806.2956122491296,26.0,49,0.3,16,1,False,Zone_A
2025-10-14 17:00:00,785.0941998930779,25.1,51,0.2,17,1,False,Zone_A
2025-10-14 18:00:00,755.4090393330614,25.0,59,0.4,18,1,False,Zone_A
2025-10-14 19:00:00,778.375867630541,24.6,60,0.4,19,1,False,Zone_A
2025-10-14 20:00:00,801.4799067977065,24.0,62,0.6,20,1,False,Zone_A
2025-10-14 21:00:00,795.2669793461761,23.4,63,0.6,21,1,False,Zone_A
2025-10-14 22:00:00,781.657436722073,22.5,66,1.0,22,1,False,Zone_A
2025-10-14 23:00:00,800.9599057251371,21.6,68,1.3,23,1,False,Zone_A
2025-10-15 00:00:00,802.9278526936645,21.3,76,1.0,0,2,False,Zone_A
2025-10-15 01:00:00,853.094079545634,21.0,78,1.5,1,2,False,Zone_A
2025-10-15 02:00:00,850.4919695399722,22.4,72,3.3,2,2,False,Zone_A
2025-10-15 03:00:00,914.9278526969443,24.5,63,1.9,3,2,False,Zone_A
2025-10-15 04:00:00,981.6631784156702,27.0,53,1.9,4,2,False,Zone_A
2025-10-15 05:00:00,1030.5250472132748,29.2,41,2.2,5,2,False,Zone_A
2025-10-15 06:00:00,1049.5314184648012,30.5,32,4.7,6,2,False,Zone_A
2025-10-15 07:00:00,1078.6124145016058,31.3,30,4.8,7,2,False,Zone_A
2025-10-15 08:00:00,1031.6628488077586,31.8,29,5.1,8,2,False,Zone_A
2025-10-15 09:00:00,1071.031546306055,31.9,29,6.4,9,2,False,Zone_A
2025-10-15 10:00:00,1033.3707378986103,31.5,29,7.5,10,2,False,Zone_A
2025-10-15 11:00:00,982.1674247216736,30.7,29,8.5,11,2,False,Zone_A
2025-10-15 12:00:00,927.2602250209452,29.6,31,7.7,12,2,False,Zone_A
2025-10-15 13:00:00,868.366880733703,27.5,44,3.8,13,2,False,Zone_A
2025-10-15 14:00:00,877.3840612484948,27.2,46,1.4,14,2,False,Zone_A
2025-10-15 15:00:00,836.9117144734422,26.2,48,1.5,15,2,False,Zone_A
2025-10-15 16:00:00,797.3714034189119,25.9,50,1.0,16,2,False,Zone_A
2025-10-15 17:00:00,813.3993962512026,25.8,48,0.8,17,2,False,Zone_A
2025-10-15 18:00:00,778.7413685731801,25.2,53,0.2,18,2,False,Zone_A
2025-10-15 19:00:00,755.5371178706567,23.7,60,2.4,19,2,False,Zone_A
2025-10-15 20:00:00,759.501743566025,22.5,66,4.3,20,2,False,Zone_A
2025-10-15 21:00:00,762.4073971019158,21.9,67,2.9,21,2,False,Zone_A
2025-10-15 22:00:00,788.5655874974515,20.8,70,4.3,22,2,False,Zone_A
2025-10-15 23:00:00,748.4379985950734,20.1,72,4.5,23,2,False,Zone_A
2025-10-16 00:00:00,792.8111025500905,20.3,76,3.9,0,3,False,Zone_A
2025-10-16 01:00:00,840.7717340637482,20.6,74,3.8,1,3,False,Zone_A
2025-10-16 02:00:00,902.7122489011609,22.2,66,4.2,2,3,False,Zone_A
2025-10-16 03:00:00,962.1792421819595,24.5,60,2.7,3,3,False,Zone_A
2025-10-16 04:00:00,992.8606331382769,27.1,48,3.3,4,3,False,Zone_A
2025-10-16 05:00:00,1020.3451863894174,29.2,41,3.6,5,3,False,Zone_A
2025-10-16 06:00:00,1042.4291447273704,30.2,35,5.1,6,3,False,Zone_A
2025-10-16 07:00:00,1052.4358578567924,31.0,34,5.4,7,3,False,Zone_A
2025-10-16 08:00:00,1033.3875741129748,31.4,34,6.0,8,3,False,Zone_A
2025-10-16 09:00:00,1035.8758353202215,31.5,35,6.2,9,3,False,Zone_A
2025-10-16 10:00:00,1033.5466807534158,31.2,36,6.7,10,3,False,Zone_A
2025-10-16 11:00:00,970.6275182060734,30.5,37,7.3,11,3,False,Zone_A
2025-10-16 12:00:00,925.2939602432516,29.5,38,6.1,12,3,False,Zone_A
2025-10-16 13:00:00,926.1741839914955,27.7,47,4.0,13,3,False,Zone_A
2025-10-16 14:00:00,845.2308628598805,27.1,54,2.7,14,3,False,Zone_A
2025-10-16 15:00:00,801.2941608302145,26.6,53,2.3,15,3,False,Zone_A
2025-10-16 16:00:00,788.8516010882136,26.2,54,1.5,16,3,False,Zone_A
2025-10-16 17:00:00,790.3981993547407,25.8,55,0.9,17,3,False,Zone_A
2025-10-16 18:00:00,777.5172039754482,25.2,59,0.7,18,3,False,Zone_A
2025-10-16 19:00:00,757.5289842908533,24.5,60,0.9,19,3,False,Zone_A
2025-10-16 20:00:00,787.73801481131,23.6,63,1.6,20,3,False,Zone_A
2025-10-16 21:00:00,748.0964078062823,22.2,69,2.8,21,3,False,Zone_A
2025-10-16 22:00:00,753.9350238680745,21.0,74,4.0,22,3,False,Zone_A
2025-10-16 23:00:00,803.4473027128705,20.3,77,4.3,23,3,False,Zone_A
2025-10-17 00:00:00,813.3959580491687,20.4,79,4.7,0,4,False,Zone_A
2025-10-17 01:00:00,818.0912517200379,20.5,79,3.7,1,4,False,Zone_A
2025-10-17 02:00:00,866.6681939560046,22.0,70,4.2,2,4,False,Zone_A
2025-10-17 03:00:00,938.8981209587886,24.4,60,2.6,3,4,False,Zone_A
2025-10-17 04:00:00,1004.9013749312065,27.2,50,2.8,4,4,False,Zone_A
2025-10-17 05:00:00,1031.6382329431415,29.5,45,3.6,5,4,False,Zone_A
2025-10-17 06:00:00,1020.9969212004814,30.7,41,5.9,6,4,False,Zone_A
2025-10-17 07:00:00,1097.0434875228461,31.5,38,6.0,7,4,False,Zone_A
2025-10-17 08:00:00,1080.5032679456451,32.0,37,6.4,8,4,False,Zone_A
2025-10-17 09:00:00,1043.4901717713185,32.2,36,6.8,9,4,False,Zone_A
2025-10-17 10:00:00,985.8158610611752,32.0,36,6.9,10,4,False,Zone_A
2025-10-17 11:00:00,998.5468239974441,31.2,37,7.6,11,4,False,Zone_A
2025-10-17 12:00:00,969.778656158723,30.2,39,6.1,12,4,False,Zone_A
2025-10-17 13:00:00,892.6985121160732,28.5,48,4.0,13,4,False,Zone_A
2025-10-17 14:00:00,855.636486780402,27.5,54,3.5,14,4,False,Zone_A
2025-10-17 15:00:00,827.3030889353263,27.2,53,1.8,15,4,False,Zone_A
2025-10-17 16:00:00,843.0303613902486,26.5,55,1.8,16,4,False,Zone_A
2025-10-17 17:00:00,790.1862382948219,25.5,58,2.7,17,4,False,Zone_A
2025-10-17 18:00:00,805.3321670671618,25.0,65,3.6,18,4,False,Zone_A
2025-10-17 19:00:00,798.4871946803665,24.5,66,2.5,19,4,False,Zone_A
2025-10-17 20:00:00,761.4983253587211,23.8,70,2.4,20,4,False,Zone_A
2025-10-17 21:00:00,735.1156134873934,23.2,71,2.5,21,4,False,Zone_A
2025-10-17 22:00:00,773.0550979687503,22.3,75,3.4,22,4,False,Zone_A
2025-10-17 23:00:00,812.7960741839679,21.9,77,3.1,23,4,False,Zone_A
2025-10-18 00:00:00,835.1314712728107,21.8,81,3.6,0,5,True,Zone_A
2025-10-18 01:00:00,843.1883529758089,21.7,80,3.8,1,5,True,Zone_A
2025-10-18 02:00:00,905.6789266671469,22.6,74,4.2,2,5,True,Zone_A
2025-10-18 03:00:00,947.3916243479948,24.9,64,2.7,3,5,True,Zone_A
2025-10-18 04:00:00,1006.0643633728617,27.5,52,3.1,4,5,True,Zone_A
2025-10-18 05:00:00,1012.7725973979655,29.8,44,3.7,5,5,True,Zone_A
2025-10-18 06:00:00,1077.7857496935935,31.1,39,3.5,6,5,True,Zone_A
2025-10-18 07:00:00,1122.7826892113592,32.2,35,3.0,7,5,True,Zone_A
2025-10-18 08:00:00,1083.6243178301336,33.0,32,2.4,8,5,True,Zone_A
2025-10-18 09:00:00,1023.326017093904,33.2,30,3.0,9,5,True,Zone_A
2025-10-18 10:00:00,1026.1733458089445,33.2,30,4.7,10,5,True,Zone_A
2025-10-18 11:00:00,997.4237367029992,32.5,31,5.3,11,5,True,Zone_A
2025-10-18 12:00:00,970.2674453960183,30.9,37,5.7,12,5,True,Zone_A
2025-10-18 13:00:00,909.7827926278119,29.4,51,0.6,13,5,True,Zone_A
2025-10-18 14:00:00,866.3873360372567,28.8,53,0.3,14,5,True,Zone_A
2025-10-18 15:00:00,844.761701610356,27.8,54,1.3,15,5,True,Zone_A
2025-10-18 16:00:00,834.2982090050159,27.2,55,1.7,16,5,True,Zone_A
2025-10-18 17:00:00,807.2555703324421,27.0,56,1.1,17,5,True,Zone_A
2025-10-18 18:00:00,806.1085345943015,26.5,60,1.2,18,5,True,Zone_A
2025-10-18 19:00:00,776.7820079985869,25.8,61,1.2,19,5,True,Zone_A
2025-10-18 20:00:00,779.8007273654225,24.9,63,1.1,20,5,True,Zone_A
2025-10-18 21:00:00,776.8726986534822,24.3,65,1.2,21,5,True,Zone_A
2025-10-18 22:00:00,796.0307981576957,23.7,68,0.6,22,5,True,Zone_A
2025-10-18 23:00:00,805.0849765299832,23.0,70,0.5,23,5,True,Zone_A
2025-10-19 00:00:00,821.9462083379749,23.2,73,0.0,0,6,True,Zone_A
2025-10-19 01:00:00,881.5883955072765,23.4,72,0.8,1,6,True,Zone_A
2025-10-19 02:00:00,905.3195195848838,24.7,67,2.0,2,6,True,Zone_A
2025-10-19 03:00:00,990.3170700011176,26.7,59,2.0,3,6,True,Zone_A
2025-10-19 04:00:00,1074.267752149085,29.0,49,1.4,4,6,True,Zone_A
2025-10-19 05:00:00,1087.4278046983468,30.8,39,1.6,5,6,True,Zone_A
2025-10-19 06:00:00,1083.3567631204194,31.6,37,2.2,6,6,True,Zone_A
2025-10-19 07:00:00,1124.2266583576443,32.8,34,2.0,7,6,True,Zone_A
2025-10-19 08:00:00,1071.9962423600027,33.5,31,2.7,8,6,True,Zone_A
2025-10-19 09:00:00,1088.8292637916256,33.6,30,3.7,9,6,True,Zone_A
2025-10-19 10:00:00,1036.031030231286,33.6,28,5.4,10,6,True,Zone_A
2025-10-19 11:00:00,1054.5069454068196,32.7,29,6.5,11,6,True,Zone_A
2025-10-19 12:00:00,985.7568951736783,30.4,38,5.7,12,6,True,Zone_A
2025-10-19 13:00:00,899.2442996298055,29.0,51,1.2,13,6,True,Zone_A
2025-10-19 14:00:00,871.7170568379418,28.4,51,1.0,14,6,True,Zone_A
2025-10-19 15:00:00,844.5409439298846,27.6,52,1.5,15,6,True,Zone_A
2025-10-19 16:00:00,838.6389569775398,27.0,54,1.8,16,6,True,Zone_A
2025-10-19 17:00:00,781.8607157431544,26.5,55,1.1,17,6,True,Zone_A
2025-10-19 18:00:00,781.1541307266199,26.5,58,0.5,18,6,True,Zone_A
2025-10-19 19:00:00,796.5698440503129,26.0,58,0.6,19,6,True,Zone_A
2025-10-19 20:00:00,780.778707375836,25.4,59,0.3,20,6,True,Zone_A
2025-10-19 21:00:00,774.8364587972377,24.9,61,0.9,21,6,True,Zone_A
2025-10-19 22:00:00,793.8355915708316,23.9,65,1.2,22,6,True,Zone_A
2025-10-19 23:00:00,824.6570470626517,23.0,67,2.9,23,6,True,Zone_A
2025-10-20 00:00:00,837.2829612471943,22.7,75,1.7,0,0,False,Zone_A
2025-10-20 01:00:00,888.8177043174702,22.5,75,1.8,1,0,False,Zone_A
2025-10-20 02:00:00,913.4335535172195,24.0,67,0.5,2,0,False,Zone_A
2025-10-20 03:00:00,915.6432725124901,26.0,60,1.1,3,0,False,Zone_A
2025-10-20 04:00:00,1054.6841245725554,28.4,52,2.0,4,0,False,Zone_A
2025-10-20 05:00:00,1036.5695116987677,30.4,43,3.1,5,0,False,Zone_A
2025-10-20 06:00:00,1057.5696146825833,31.6,36,4.9,6,0,False,Zone_A
2025-10-20 07:00:00,1112.293884843646,32.8,33,6.0,7,0,False,Zone_A
2025-10-20 08:00:00,1085.9295882452807,33.2,31,7.4,8,0,False,Zone_A
2025-10-20 09:00:00,1075.7814919550528,33.1,30,8.1,9,0,False,Zone_A
2025-10-20 10:00:00,1050.0898933636163,32.7,30,8.5,10,0,False,Zone_A
2025-10-20 11:00:00,996.2196512270931,32.0,31,7.8,11,0,False,Zone_A
2025-10-20 12:00:00,953.2471745530315,30.8,36,8.1,12,0,False,Zone_A
2025-10-20 13:00:00,945.7811309353278,29.4,43,4.6,13,0,False,Zone_A
2025-10-20 14:00:00,907.168121801115,28.5,49,4.0,14,0,False,Zone_A
2025-10-20 15:00:00,857.7289910013077,27.5,54,3.6,15,0,False,Zone_A
2025-10-20 16:00:00,820.8732753294111,26.9,58,3.2,16,0,False,Zone_A
2025-10-20 17:00:00,785.1275544345265,26.2,60,3.0,17,0,False,Zone_A
2025-10-20 18:00:00,802.7303820942313,25.5,65,2.8,18,0,False,Zone_A
2025-10-20 19:00:00,779.9173602881266,24.9,68,3.5,19,0,False,Zone_A
2025-10-20 20:00:00,772.5202826952706,24.3,71,4.0,20,0,False,Zone_A
2025-10-20 21:00:00,794.7639908485635,23.9,74,3.7,21,0,False,Zone_A
2025-10-20 22:00:00,802.1875442811338,23.5,75,3.8,22,0,False,Zone_A
2025-10-20 23:00:00,791.8203138079502,23.4,76,2.4,23,0,False,Zone_A
2025-10-21 00:00:00,864.9692659121637,23.5,79,3.8,0,1,False,Zone_A
2025-10-21 01:00:00,912.7456601509632,24.1,75,3.9,1,1,False,Zone_A
2025-10-21 02:00:00,879.7549510915857,24.7,71,4.4,2,1,False,Zone_A
2025-10-21 03:00:00,932.0086685112555,26.4,62,3.0,3,1,False,Zone_A
2025-10-21 04:00:00,1041.8407218848868,28.6,51,4.2,4,1,False,Zone_A
2025-10-21 05:00:00,1046.9500346608957,30.2,43,4.7,5,1,False,Zone_A
2025-10-21 06:00:00,1034.6325390226718,30.7,38,6.5,6,1,False,Zone_A
2025-10-21 07:00:00,1049.6444834975052,30.6,38,4.9,7,1,False,Zone_A
2025-10-21 08:00:00,1059.8734975933307,31.0,37,4.8,8,1,False,Zone_A
2025-10-21 09:00:00,1045.159974028754,30.8,38,6.3,9,1,False,Zone_A
2025-10-21 10:00:00,1025.8830983931416,30.5,38,5.6,10,1,False,Zone_A
2025-10-21 11:00:00,972.6295460029799,29.9,41,6.9,11,1,False,Zone_A
2025-10-21 12:00:00,917.7367310661447,29.5,46,3.2,12,1,False,Zone_A
2025-10-21 13:00:00,897.9962866218347,28.3,56,2.7,13,1,False,Zone_A
2025-10-21 14:00:00,904.4026124744419,27.2,63,2.7,14,1,False,Zone_A
2025-10-21 15:00:00,821.0847144442398,26.5,64,3.1,15,1,False,Zone_A
2025-10-21 16:00:00,784.1168997992232,25.8,69,3.0,16,1,False,Zone_A
2025-10-21 17:00:00,793.1720664571009,25.4,73,1.0,17,1,False,Zone_A
2025-10-21 18:00:00,770.5955868655992,26.2,65,1.5,18,1,False,Zone_A
2025-10-21 19:00:00,766.9437648639285,25.6,67,1.2,19,1,False,Zone_A
2025-10-21 20:00:00,764.4166277072103,25.0,73,2.0,20,1,False,Zone_A
2025-10-21 21:00:00,813.7039691875655,24.4,78,1.1,21,1,False,Zone_A
2025-10-21 22:00:00,825.0216522309604,24.0,81,0.5,22,1,False,Zone_A
2025-10-21 23:00:00,845.9505512637503,23.4,85,0.9,23,1,False,Zone_A
2025-10-22 00:00:00,817.3116724829467,23.2,90,0.4,0,2,False,Zone_A
2025-10-22 01:00:00,893.4256971924814,22.9,94,0.8,1,2,False,Zone_A
2025-10-22 02:00:00,931.8825529699149,23.4,91,3.6,2,2,False,Zone_A
2025-10-22 03:00:00,952.5115348425139,25.0,83,2.9,3,2,False,Zone_A
2025-10-22 04:00:00,978.1345097056266,28.0,64,3.6,4,2,False,Zone_A
2025-10-22 05:00:00,1051.3253658062317,30.1,49,4.1,5,2,False,Zone_A
2025-10-22 06:00:00,1043.5266848832482,30.8,48,6.3,6,2,False,Zone_A
2025-10-22 07:00:00,1055.6382194824741,31.2,41,6.1,7,2,False,Zone_A
2025-10-22 08:00:00,1053.821938399836,32.0,35,6.8,8,2,False,Zone_A
2025-10-22 09:00:00,1029.9014240000988,31.9,32,7.3,9,2,False,Zone_A
2025-10-22 10:00:00,1058.1159787807183,31.7,32,8.6,10,2,False,Zone_A
2025-10-22 11:00:00,943.8448527173405,30.8,36,9.9,11,2,False,Zone_A
2025-10-22 12:00:00,959.8311918655502,30.5,32,9.2,12,2,False,Zone_A
2025-10-22 13:00:00,921.032037511242,29.5,33,6.5,13,2,False,Zone_A
2025-10-22 14:00:00,848.6016270844513,28.0,38,4.7,14,2,False,Zone_A
2025-10-22 15:00:00,839.0395593043505,27.0,41,4.7,15,2,False,Zone_A
2025-10-22 16:00:00,776.2446657921571,26.0,45,4.5,16,2,False,Zone_A
2025-10-22 17:00:00,774.8865583791377,25.0,50,4.4,17,2,False,Zone_A
2025-10-22 18:00:00,783.7287501771914,24.5,58,4.3,18,2,False,Zone_A
2025-10-22 19:00:00,784.6739601247655,23.8,56,4.5,19,2,False,Zone_A
2025-10-22 20:00:00,710.2884443992697,23.1,55,4.7,20,2,False,Zone_A
2025-10-22 21:00:00,753.1692807703772,22.4,57,4.4,21,2,False,Zone_A
2025-10-22 22:00:00,775.0458908418193,21.9,59,4.1,22,2,False,Zone_A
2025-10-22 23:00:00,793.0200403366638,21.2,62,4.1,23,2,False,Zone_A
2025-10-23 00:00:00,820.9951923414019,21.4,68,3.8,0,3,False,Zone_A
2025-10-23 01:00:00,869.5979781479613,20.6,72,4.1,1,3,False,Zone_A
2025-10-23 02:00:00,851.3206846289701,21.8,66,4.1,2,3,False,Zone_A
2025-10-23 03:00:00,927.5560337501036,23.7,60,3.3,3,3,False,Zone_A
2025-10-23 04:00:00,1007.7992769476161,26.5,51,3.8,4,3,False,Zone_A
2025-10-23 05:00:00,1027.8426986432137,29.2,42,5.5,5,3,False,Zone_A
2025-10-23 06:00:00,1076.1971621507457,31.0,33,8.9,6,3,False,Zone_A
2025-10-23 07:00:00,1044.290541296501,31.4,30,8.5,7,3,False,Zone_A
2025-10-23 08:00:00,1065.2412317237827,31.6,28,7.7,8,3,False,Zone_A
2025-10-23 09:00:00,1019.7928005711461,31.8,27,8.1,9,3,False,Zone_A
2025-10-23 10:00:00,1015.7612802259872,31.4,27,9.1,10,3,False,Zone_A
2025-10-23 11:00:00,976.8867180098252,30.5,29,9.7,11,3,False,Zone_A
2025-10-23 12:00:00,927.1963052863268,30.0,26,8.8,12,3,False,Zone_A
2025-10-23 13:00:00,913.8594742434583,29.0,29,6.6,13,3,False,Zone_A
2025-10-23 14:00:00,828.3776392080506,27.5,35,4.5,14,3,False,Zone_A
2025-10-23 15:00:00,862.0154292418424,27.1,38,1.9,15,3,False,Zone_A
2025-10-23 16:00:00,814.2837736031498,26.1,41,2.0,16,3,False,Zone_A
2025-10-23 17:00:00,773.6008167538391,24.8,46,3.8,17,3,False,Zone_A
2025-10-23 18:00:00,763.4475974845126,24.2,55,4.0,18,3,False,Zone_A
2025-10-23 19:00:00,764.7394533974432,23.5,57,2.5,19,3,False,Zone_A
2025-10-23 20:00:00,754.6794491937671,22.9,59,1.8,20,3,False,Zone_A
2025-10-23 21:00:00,762.0658702037941,21.7,64,4.0,21,3,False,Zone_A
2025-10-23 22:00:00,766.1688800397933,20.6,67,4.5,22,3,False,Zone_A
2025-10-23 23:00:00,748.6216401546891,20.0,69,4.4,23,3,False,Zone_A
2025-10-24 00:00:00,801.1868596252815,20.0,77,4.5,0,4,False,Zone_A
2025-10-24 01:00:00,846.476495995278,20.1,73,4.4,1,4,False,Zone_A
2025-10-24 02:00:00,905.761351261182,21.5,67,3.6,2,4,False,Zone_A
2025-10-24 03:00:00,903.505771332253,23.7,58,1.5,3,4,False,Zone_A
2025-10-24 04:00:00,1001.2180780427441,26.8,45,1.9,4,4,False,Zone_A
2025-10-24 05:00:00,1078.0937218762806,29.5,35,2.3,5,4,False,Zone_A
2025-10-24 06:00:00,1053.5335973012889,30.9,25,3.6,6,4,False,Zone_A
2025-10-24 07:00:00,1059.3111705771794,31.8,23,5.1,7,4,False,Zone_A
2025-10-24 08:00:00,1038.435128259524,32.2,22,6.6,8,4,False,Zone_A
2025-10-24 09:00:00,1030.2530911655583,32.0,23,7.8,9,4,False,Zone_A
2025-10-24 10:00:00,1035.578493528591,31.5,24,8.9,10,4,False,Zone_A
2025-10-24 11:00:00,982.1310981897972,30.8,27,9.2,11,4,False,Zone_A
2025-10-24 12:00:00,936.4460738784186,29.5,29,4.9,12,4,False,Zone_A
2025-10-24 13:00:00,865.9143004300981,28.0,38,3.3,13,4,False,Zone_A
2025-10-24 14:00:00,857.7093009577197,27.8,44,0.5,14,4,False,Zone_A
2025-10-24 15:00:00,792.0649100547257,26.5,42,1.7,15,4,False,Zone_A
2025-10-24 16:00:00,780.6616512356559,25.9,45,1.3,16,4,False,Zone_A
2025-10-24 17:00:00,762.8278456429075,25.5,45,1.8,17,4,False,Zone_A
2025-10-24 18:00:00,773.982561647152,25.0,48,2.5,18,4,False,Zone_A
2025-10-24 19:00:00,771.14802792232,23.9,52,4.6,19,4,False,Zone_A
2025-10-24 20:00:00,772.2962073237973,23.0,52,4.8,20,4,False,Zone_A
2025-10-24 21:00:00,755.1496764579648,21.8,57,4.0,21,4,False,Zone_A
2025-10-24 22:00:00,750.6265077694914,21.0,63,3.6,22,4,False,Zone_A
2025-10-24 23:00:00,739.1762758231744,20.4,64,1.8,23,4,False,Zone_A
2025-10-25 00:00:00,778.0582881652273,20.1,75,1.5,0,5,True,Zone_A
2025-10-25 01:00:00,837.9740719801591,20.3,74,0.9,1,5,True,Zone_A
2025-10-25 02:00:00,854.0837792301628,21.7,68,0.9,2,5,True,Zone_A
2025-10-25 03:00:00,954.186135076328,23.9,58,1.1,3,5,True,Zone_A
2025-10-25 04:00:00,985.4409427146921,26.8,47,1.3,4,5,True,Zone_A
2025-10-25 05:00:00,1036.5312945164656,29.2,36,2.4,5,5,True,Zone_A
2025-10-25 06:00:00,1030.4395687633998,30.0,29,0.8,6,5,True,Zone_A
2025-10-25 07:00:00,1087.6186132211117,31.4,26,1.9,7,5,True,Zone_A
2025-10-25 08:00:00,1064.6139038317813,31.9,25,3.0,8,5,True,Zone_A
2025-10-25 09:00:00,1064.3770544475522,31.9,25,4.8,9,5,True,Zone_A
2025-10-25 10:00:00,1066.7157404598904,31.4,27,6.5,10,5,True,Zone_A
2025-10-25 11:00:00,968.6297191416942,30.4,28,8.5,11,5,True,Zone_A
2025-10-25 12:00:00,947.9386554320585,29.0,29,6.5,12,5,True,Zone_A
2025-10-25 13:00:00,903.5599393496449,27.9,31,5.1,13,5,True,Zone_A
2025-10-25 14:00:00,859.9790551829093,26.9,38,2.3,14,5,True,Zone_A
2025-10-25 15:00:00,820.7340290201016,26.4,38,1.0,15,5,True,Zone_A
2025-10-25 16:00:00,792.029953891821,25.6,40,1.3,16,5,True,Zone_A
2025-10-25 17:00:00,780.3108322313054,25.0,42,1.3,17,5,True,Zone_A
2025-10-25 18:00:00,805.9641651922835,24.4,47,1.3,18,5,True,Zone_A
2025-10-25 19:00:00,764.2052558547776,23.7,50,1.4,19,5,True,Zone_A
2025-10-25 20:00:00,745.3351910439694,23.0,53,1.9,20,5,True,Zone_A
2025-10-25 21:00:00,739.8442804296905,21.8,58,4.2,21,5,True,Zone_A
2025-10-25 22:00:00,746.8129377623416,21.1,60,4.1,22,5,True,Zone_A
2025-10-25 23:00:00,766.4953275460185,20.3,64,2.8,23,5,True,Zone_A
2025-10-26 00:00:00,805.78505246416,19.8,66,2.6,0,6,True,Zone_A
2025-10-26 01:00:00,804.1665120489126,19.4,69,3.2,1,6,True,Zone_A
2025-10-26 02:00:00,888.1463491152248,20.6,65,3.4,2,6,True,Zone_A
2025-10-26 03:00:00,943.2364795782094,23.2,56,2.7,3,6,True,Zone_A
2025-10-26 04:00:00,964.3557103674927,26.1,46,2.7,4,6,True,Zone_A
2025-10-26 05:00:00,1032.64901257598,28.6,36,3.7,5,6,True,Zone_A
2025-10-26 06:00:00,1037.127317070762,30.0,30,3.1,6,6,True,Zone_A
2025-10-26 07:00:00,1076.9255195563198,31.1,27,1.7,7,6,True,Zone_A
2025-10-26 08:00:00,1054.9399424964151,31.9,24,2.2,8,6,True,Zone_A
2025-10-26 09:00:00,1045.4266589684692,32.1,23,2.8,9,6,True,Zone_A
2025-10-26 10:00:00,1016.210916753159,31.8,22,3.8,10,6,True,Zone_A
2025-10-26 11:00:00,963.6044280777202,30.9,24,4.3,11,6,True,Zone_A
2025-10-26 12:00:00,892.2225699954773,29.2,33,5.2,12,6,True,Zone_A
2025-10-26 13:00:00,894.8112298011589,27.7,38,4.0,13,6,True,Zone_A
2025-10-26 14:00:00,788.8579233266133,26.5,46,3.1,14,6,True,Zone_A
2025-10-26 15:00:00,851.5524973989853,25.9,48,1.5,15,6,True,Zone_A
2025-10-26 16:00:00,795.7476576709981,25.1,50,1.3,16,6,True,Zone_A
2025-10-26 17:00:00,798.2453421629707,24.9,52,1.1,17,6,True,Zone_A
2025-10-26 18:00:00,759.1742993545416,24.2,53,2.4,18,6,True,Zone_A
2025-10-26 19:00:00,751.9852434396237,23.5,56,3.0,19,6,True,Zone_A
2025-10-26 20:00:00,774.317606429862,22.5,60,4.1,20,6,True,Zone_A
2025-10-26 21:00:00,772.4774951766246,22.2,61,3.0,21,6,True,Zone_A
2025-10-26 22:00:00,774.3886299240498,21.8,63,2.5,22,6,True,Zone_A
2025-10-26 23:00:00,773.8587169262868,21.1,66,2.3,23,6,True,Zone_A
2025-10-27 00:00:00,778.5237469685034,20.5,70,1.9,0,0,False,Zone_A
2025-10-27 01:00:00,820.0710101434883,19.9,72,1.7,1,0,False,Zone_A
2025-10-27 02:00:00,850.2624939625991,20.8,69,2.7,2,0,False,Zone_A
2025-10-27 03:00:00,922.2383172290417,23.1,60,2.7,3,0,False,Zone_A
2025-10-27 04:00:00,955.8971938977094,26.1,48,3.6,4,0,False,Zone_A
2025-10-27 05:00:00,1047.897803981931,28.7,38,4.1,5,0,False,Zone_A
2025-10-27 06:00:00,1037.2800426363763,29.6,36,6.1,6,0,False,Zone_A
2025-10-27 07:00:00,1055.9169430408303,30.6,33,6.0,7,0,False,Zone_A
2025-10-27 08:00:00,1053.077141997486,30.5,33,6.5,8,0,False,Zone_A
2025-10-27 09:00:00,1060.2718057531483,30.1,34,7.6,9,0,False,Zone_A
2025-10-27 10:00:00,983.2434126922678,27.4,49,13.6,10,0,False,Zone_A
2025-10-27 11:00:00,941.8739275138824,25.6,44,9.7,11,0,False,Zone_A
2025-10-27 12:00:00,902.3270911337355,26.6,43,9.4,12,0,False,Zone_A
2025-10-27 13:00:00,857.0910455520825,25.6,44,9.1,13,0,False,Zone_A
2025-10-27 14:00:00,810.3257144907876,24.6,50,8.9,14,0,False,Zone_A
2025-10-27 15:00:00,786.769622491837,24.0,57,6.6,15,0,False,Zone_A
2025-10-27 16:00:00,726.9238286669137,23.5,62,4.8,16,0,False,Zone_A
2025-10-27 17:00:00,753.3590019191917,22.9,66,3.5,17,0,False,Zone_A
2025-10-27 18:00:00,736.4198579405889,22.8,69,4.8,18,0,False,Zone_A
2025-10-27 19:00:00,760.7533838213211,22.5,75,1.8,19,0,False,Zone_A
2025-10-27 20:00:00,752.3403081077515,22.1,79,1.9,20,0,False,Zone_A
2025-10-27 21:00:00,766.4900195180534,21.8,79,1.9,21,0,False,Zone_A
2025-10-27 22:00:00,782.102855767088,21.9,78,0.8,22,0,False,Zone_A
2025-10-27 23:00:00,799.1771445284214,21.7,77,2.8,23,0,False,Zone_A
2025-10-28 00:00:00,838.209039459602,22.1,77,1.5,0,1,False,Zone_A
2025-10-28 01:00:00,874.2492872661727,22.2,75,1.9,1,1,False,Zone_A
2025-10-28 02:00:00,889.1480113596175,22.4,74,3.5,2,1,False,Zone_A
2025-10-28 03:00:00,931.4493711942973,23.0,71,4.0,3,1,False,Zone_A
2025-10-28 04:00:00,947.086946108511,23.6,68,4.5,4,1,False,Zone_A
2025-10-28 05:00:00,999.7644497008882,24.9,62,3.8,5,1,False,Zone_A
2025-10-28 06:00:00,980.6289627637568,25.8,56,2.3,6,1,False,Zone_A
2025-10-28 07:00:00,971.7070117390178,26.1,53,3.4,7,1,False,Zone_A
2025-10-28 08:00:00,984.0752887644229,27.1,49,5.2,8,1,False,Zone_A
2025-10-28 09:00:00,1017.5860966167428,27.2,49,6.6,9,1,False,Zone_A
2025-10-28 10:00:00,945.4785582685231,27.5,47,5.9,10,1,False,Zone_A
2025-10-28 11:00:00,921.3436580414534,27.1,48,6.1,11,1,False,Zone_A
2025-10-28 12:00:00,872.090267504983,25.6,61,5.4,12,1,False,Zone_A
2025-10-28 13:00:00,830.6887239430097,24.5,68,4.2,13,1,False,Zone_A
2025-10-28 14:00:00,809.5082950458861,24.0,71,5.2,14,1,False,Zone_A
2025-10-28 15:00:00,797.0524382046552,23.2,76,4.6,15,1,False,Zone_A
2025-10-28 16:00:00,745.1158177428808,22.8,80,4.8,16,1,False,Zone_A
2025-10-28 17:00:00,768.4557269810952,22.1,86,2.2,17,1,False,Zone_A
2025-10-28 18:00:00,727.8178201134813,22.0,83,3.1,18,1,False,Zone_A
2025-10-28 19:00:00,754.7713162531484,21.5,86,2.2,19,1,False,Zone_A
2025-10-28 20:00:00,749.3753740621892,21.4,86,1.3,20,1,False,Zone_A
2025-10-28 21:00:00,769.6961042736245,21.2,86,1.8,21,1,False,Zone_A
2025-10-28 22:00:00,766.7046446574725,20.9,88,2.2,22,1,False,Zone_A
2025-10-28 23:00:00,833.4152429848631,20.5,89,2.8,23,1,False,Zone_A
2025-10-29 00:00:00,750.3953521026709,20.1,90,2.9,0,2,False,Zone_A
2025-10-29 01:00:00,797.5134659299728,20.0,89,2.6,1,2,False,Zone_A
2025-10-29 02:00:00,870.5269824009749,20.8,85,2.8,2,2,False,Zone_A
2025-10-29 03:00:00,900.4989833664415,22.7,75,3.2,3,2,False,Zone_A
2025-10-29 04:00:00,991.6161453874607,25.0,65,5.4,4,2,False,Zone_A
2025-10-29 05:00:00,969.7013211279152,26.9,56,8.3,5,2,False,Zone_A
2025-10-29 06:00:00,1042.421089031566,27.6,55,8.3,6,2,False,Zone_A
2025-10-29 07:00:00,986.6893515828508,28.4,52,6.8,7,2,False,Zone_A
2025-10-29 08:00:00,1029.3808260166268,29.0,49,6.1,8,2,False,Zone_A
2025-10-29 09:00:00,997.5738882525047,29.2,47,5.8,9,2,False,Zone_A
2025-10-29 10:00:00,1012.2514679047857,28.9,48,6.5,10,2,False,Zone_A
2025-10-29 11:00:00,946.3740556377604,28.4,49,6.1,11,2,False,Zone_A
2025-10-29 12:00:00,912.645357589394,28.0,49,4.4,12,2,False,Zone_A
2025-10-29 13:00:00,907.5657042648297,27.1,52,4.0,13,2,False,Zone_A
2025-10-29 14:00:00,816.8726190709365,26.4,58,3.4,14,2,False,Zone_A
2025-10-29 15:00:00,796.1939615333349,26.0,61,1.2,15,2,False,Zone_A
2025-10-29 16:00:00,787.0911546849886,25.8,62,0.6,16,2,False,Zone_A
2025-10-29 17:00:00,779.496825058978,25.0,64,2.0,17,2,False,Zone_A
2025-10-29 18:00:00,763.5841523328585,24.4,71,2.3,18,2,False,Zone_A
2025-10-29 19:00:00,749.5966332172006,24.0,71,3.4,19,2,False,Zone_A
2025-10-29 20:00:00,782.1622139571111,23.4,72,3.5,20,2,False,Zone_A
2025-10-29 21:00:00,769.1407264973125,23.2,72,3.9,21,2,False,Zone_A
2025-10-29 22:00:00,809.8692408211949,22.9,73,4.8,22,2,False,Zone_A
2025-10-29 23:00:00,808.6966793810254,22.6,75,3.9,23,2,False,Zone_A
2025-10-30 00:00:00,853.5923045077174,22.9,80,1.9,0,3,False,Zone_A
2025-10-30 01:00:00,871.0287094717263,22.6,81,2.3,1,3,False,Zone_A
2025-10-30 02:00:00,912.7386830883587,23.5,75,0.9,2,3,False,Zone_A
2025-10-30 03:00:00,925.6488086870974,23.8,74,0.5,3,3,False,Zone_A
2025-10-30 04:00:00,999.2279334265828,25.0,70,1.5,4,3,False,Zone_A
2025-10-30 05:00:00,1006.150709334865,26.3,66,1.8,5,3,False,Zone_A
2025-10-30 06:00:00,1027.1332664108556,27.8,62,3.9,6,3,False,Zone_A
2025-10-30 07:00:00,1016.4549788824445,27.7,61,3.3,7,3,False,Zone_A
2025-10-30 08:00:00,1017.4293022873196,27.3,61,4.1,8,3,False,Zone_A
2025-10-30 09:00:00,966.7543866406576,27.4,61,4.6,9,3,False,Zone_A
2025-10-30 10:00:00,918.4024564234194,27.0,62,2.3,10,3,False,Zone_A
2025-10-30 11:00:00,919.7978043576526,26.6,64,1.5,11,3,False,Zone_A
2025-10-30 12:00:00,843.7574281461117,25.0,78,0.4,12,3,False,Zone_A
2025-10-30 13:00:00,844.6879045389452,25.0,75,1.9,13,3,False,Zone_A
2025-10-30 14:00:00,830.5707972211386,24.4,78,3.2,14,3,False,Zone_A
2025-10-30 15:00:00,791.6433959246792,24.2,81,5.1,15,3,False,Zone_A
2025-10-30 16:00:00,767.2621227852857,23.8,86,4.2,16,3,False,Zone_A
2025-10-30 17:00:00,752.5795285700285,23.5,89,2.8,17,3,False,Zone_A
2025-10-30 18:00:00,725.6883434700245,23.4,91,5.5,18,3,False,Zone_A
2025-10-30 19:00:00,765.1764660680898,23.3,91,4.8,19,3,False,Zone_A
2025-10-30 20:00:00,785.6597010651763,23.1,91,3.7,20,3,False,Zone_A
2025-10-30 21:00:00,757.107373484787,22.9,91,3.2,21,3,False,Zone_A
2025-10-30 22:00:00,792.5127931219084,22.6,93,2.3,22,3,False,Zone_A
2025-10-30 23:00:00,818.4041137870803,22.4,94,1.1,23,3,False,Zone_A
2025-10-31 00:00:00,803.3325480018643,21.9,93,1.3,0,4,False,Zone_A
2025-10-31 01:00:00,851.5742371536211,21.7,96,1.9,1,4,False,Zone_A
2025-10-31 02:00:00,889.6352113997984,22.5,94,4.8,2,4,False,Zone_A
2025-10-31 03:00:00,927.8897340530572,23.5,89,5.7,3,4,False,Zone_A
2025-10-31 04:00:00,961.5014952511312,25.1,78,5.9,4,4,False,Zone_A
2025-10-31 05:00:00,993.1804531970322,27.1,66,5.1,5,4,False,Zone_A
2025-10-31 06:00:00,1047.3329890090774,28.2,60,4.6,6,4,False,Zone_A
2025-10-31 07:00:00,1051.5652060047819,29.5,54,4.6,7,4,False,Zone_A
2025-10-31 08:00:00,1045.2244965618786,30.3,49,5.1,8,4,False,Zone_A
2025-10-31 09:00:00,1033.6988943271897,30.5,47,5.5,9,4,False,Zone_A
2025-10-31 10:00:00,984.6186680892434,30.5,46,7.1,10,4,False,Zone_A
2025-10-31 11:00:00,950.2659511193951,29.6,48,8.4,11,4,False,Zone_A
2025-10-31 12:00:00,948.006732685135,28.8,54,5.0,12,4,False,Zone_A
2025-10-31 13:00:00,878.4659334295369,27.6,64,3.0,13,4,False,Zone_A
2025-10-31 14:00:00,850.2918673582247,27.0,67,3.2,14,4,False,Zone_A
2025-10-31 15:00:00,851.806661332202,26.2,68,4.2,15,4,False,Zone_A
2025-10-31 16:00:00,805.5632613276973,25.6,68,5.0,16,4,False,Zone_A
2025-10-31 17:00:00,782.9852148206758,24.8,71,5.0,17,4,False,Zone_A
2025-10-31 18:00:00,803.1483534649857,23.9,80,4.5,18,4,False,Zone_A
2025-10-31 19:00:00,744.8492661455218,23.5,79,4.4,19,4,False,Zone_A
2025-10-31 20:00:00,747.5631624026835,22.9,81,4.4,20,4,False,Zone_A
2025-10-31 21:00:00,740.976966687239,22.0,85,4.0,21,4,False,Zone_A
2025-10-31 22:00:00,738.6457238948256,21.4,89,4.2,22,4,False,Zone_A
2025-10-31 23:00:00,766.4129402161971,20.9,92,4.3,23,4,False,Zone_A
2025-11-01 00:00:00,829.9822220365924,20.6,95,3.7,0,5,True,Zone_A
2025-11-01 01:00:00,832.6135143827033,20.7,95,3.8,1,5,True,Zone_A
2025-11-01 02:00:00,881.9891540751627,21.2,92,4.7,2,5,True,Zone_A
2025-11-01 03:00:00,930.0815689451974,23.2,80,3.1,3,5,True,Zone_A
2025-11-01 04:00:00,994.8005332260495,26.2,63,3.6,4,5,True,Zone_A
2025-11-01 05:00:00,1054.4564523280944,28.7,46,5.3,5,5,True,Zone_A
2025-11-01 06:00:00,1064.152860338355,30.1,35,8.0,6,5,True,Zone_A
2025-11-01 07:00:00,1032.2986493224337,30.8,31,8.8,7,5,True,Zone_A
2025-11-01 08:00:00,1060.403409689971,31.1,29,9.7,8,5,True,Zone_A
2025-11-01 09:00:00,999.1890392008925,31.0,28,10.1,9,5,True,Zone_A
2025-11-01 10:00:00,993.0844476209971,30.5,28,10.2,10,5,True,Zone_A
2025-11-01 11:00:00,963.4257949493863,29.9,29,9.7,11,5,True,Zone_A
2025-11-01 12:00:00,907.6058609703224,27.0,50,5.3,12,5,True,Zone_A
2025-11-01 13:00:00,851.3149988522359,25.8,50,6.0,13,5,True,Zone_A
2025-11-01 14:00:00,788.8796295016153,24.6,56,5.6,14,5,True,Zone_A
2025-11-01 15:00:00,780.8868329263772,24.0,56,5.9,15,5,True,Zone_A
2025-11-01 16:00:00,758.7315913246869,23.8,57,6.0,16,5,True,Zone_A
2025-11-01 17:00:00,750.376103814942,23.2,59,6.0,17,5,True,Zone_A
2025-11-01 18:00:00,712.5779976877615,22.6,66,5.1,18,5,True,Zone_A
2025-11-01 19:00:00,743.2328865593097,21.5,68,5.5,19,5,True,Zone_A
2025-11-01 20:00:00,731.817651192395,21.0,70,5.9,20,5,True,Zone_A
2025-11-01 21:00:00,699.2172284130589,20.5,71,5.7,21,5,True,Zone_A
2025-11-01 22:00:00,734.0404482494414,19.9,73,5.5,22,5,True,Zone_A
2025-11-01 23:00:00,777.7745403072968,19.5,75,5.5,23,5,True,Zone_A
2025-11-02 00:00:00,789.7245739850945,19.4,80,5.2,0,6,True,Zone_A
2025-11-02 01:00:00,813.16050612604,19.2,81,4.5,1,6,True,Zone_A
2025-11-02 02:00:00,896.9884623330281,20.1,78,4.9,2,6,True,Zone_A
2025-11-02 03:00:00,914.6788884625696,21.6,73,4.9,3,6,True,Zone_A
2025-11-02 04:00:00,932.2372335644936,23.7,66,5.1,4,6,True,Zone_A
2025-11-02 05:00:00,969.1339033811447,26.0,58,5.4,5,6,True,Zone_A
2025-11-02 06:00:00,1022.8976509591955,28.0,48,9.3,6,6,True,Zone_A
2025-11-02 07:00:00,1002.2934793353227,29.0,39,12.6,7,6,True,Zone_A
2025-11-02 08:00:00,1035.2450825732267,29.5,36,12.7,8,6,True,Zone_A
2025-11-02 09:00:00,1025.2726979105564,29.5,35,12.5,9,6,True,Zone_A
2025-11-02 10:00:00,960.4490810802083,29.2,36,12.4,10,6,True,Zone_A
2025-11-02 11:00:00,958.1660570425424,28.2,39,9.3,11,6,True,Zone_A
2025-11-02 12:00:00,906.6154524733186,26.5,47,7.2,12,6,True,Zone_A
2025-11-02 13:00:00,830.6683633231539,24.9,54,6.2,13,6,True,Zone_A
2025-11-02 14:00:00,822.5802551556842,24.0,56,6.7,14,6,True,Zone_A
2025-11-02 15:00:00,784.6536441899639,23.1,57,6.7,15,6,True,Zone_A
2025-11-02 16:00:00,743.9634391288465,22.5,58,6.7,16,6,True,Zone_A
2025-11-02 17:00:00,710.4954928894679,21.9,58,6.9,17,6,True,Zone_A
2025-11-02 18:00:00,725.2613003078098,21.7,60,7.4,18,6,True,Zone_A
2025-11-02 19:00:00,725.728821563593,21.5,59,7.7,19,6,True,Zone_A
2025-11-02 20:00:00,731.6777210983552,20.9,59,7.8,20,6,True,Zone_A
2025-11-02 21:00:00,762.3038030006437,20.0,62,8.0,21,6,True,Zone_A
2025-11-02 22:00:00,754.5981352121074,19.2,65,7.6,22,6,True,Zone_A
2025-11-02 23:00:00,737.02934776418,18.6,67,7.2,23,6,True,Zone_A
2025-11-03 00:00:00,779.12753312188,18.0,74,6.5,0,0,False,Zone_A
2025-11-03 01:00:00,847.724356942983,17.8,74,6.4,1,0,False,Zone_A
2025-11-03 02:00:00,847.5209243739722,18.4,71,7.1,2,0,False,Zone_A
2025-11-03 03:00:00,849.0003176972797,20.0,67,6.6,3,0,False,Zone_A
2025-11-03 04:00:00,902.7974632384709,22.4,58,5.0,4,0,False,Zone_A
2025-11-03 05:00:00,919.7358606595426,25.0,49,5.1,5,0,False,Zone_A
2025-11-03 06:00:00,971.6713122920653,27.5,42,6.5,6,0,False,Zone_A
2025-11-03 07:00:00,1033.9059892259675,29.1,38,8.5,7,0,False,Zone_A
2025-11-03 08:00:00,1039.761411518867,30.2,33,10.9,8,0,False,Zone_A
2025-11-03 09:00:00,1055.04987582555,30.6,27,14.0,9,0,False,Zone_A
2025-11-03 10:00:00,1003.3094368281321,30.4,27,13.5,10,0,False,Zone_A
2025-11-03 11:00:00,1006.7813872749896,29.1,30,9.9,11,0,False,Zone_A
2025-11-03 12:00:00,872.4081424941224,26.4,46,6.5,12,0,False,Zone_A
2025-11-03 13:00:00,852.8102198879956,25.4,45,6.7,13,0,False,Zone_A
2025-11-03 14:00:00,827.7170015941847,24.3,50,6.3,14,0,False,Zone_A
2025-11-03 15:00:00,802.4212933191106,24.0,51,3.5,15,0,False,Zone_A
2025-11-03 16:00:00,777.2619800866437,23.5,51,1.9,16,0,False,Zone_A
2025-11-03 17:00:00,765.2220212993087,22.5,55,2.7,17,0,False,Zone_A
2025-11-03 18:00:00,729.2354008783119,22.5,58,2.0,18,0,False,Zone_A
2025-11-03 19:00:00,713.3419957185752,21.4,61,1.1,19,0,False,Zone_A
2025-11-03 20:00:00,754.2887108982625,20.8,63,0.4,20,0,False,Zone_A
2025-11-03 21:00:00,702.6014020726603,19.9,66,1.4,21,0,False,Zone_A
2025-11-03 22:00:00,742.5378792456551,19.1,69,3.3,22,0,False,Zone_A
2025-11-03 23:00:00,759.5558156427825,19.4,71,5.1,23,0,False,Zone_A
2025-11-04 00:00:00,786.9879663604862,18.6,79,4.4,0,1,False,Zone_A
2025-11-04 01:00:00,828.5384213532637,20.0,69,6.4,1,1,False,Zone_A
2025-11-04 02:00:00,878.6403229157677,20.5,64,7.4,2,1,False,Zone_A
2025-11-04 03:00:00,868.9396544778132,22.3,61,5.4,3,1,False,Zone_A
2025-11-04 04:00:00,928.2805167199693,24.1,56,3.7,4,1,False,Zone_A
2025-11-04 05:00:00,990.1255941859077,26.2,49,2.7,5,1,False,Zone_A
2025-11-04 06:00:00,1032.3838848392597,28.1,41,4.0,6,1,False,Zone_A
2025-11-04 07:00:00,1044.4068847708793,29.5,34,3.2,7,1,False,Zone_A
2025-11-04 08:00:00,1047.865199291796,29.8,36,7.7,8,1,False,Zone_A
2025-11-04 09:00:00,975.3666823950764,29.0,42,10.0,9,1,False,Zone_A
2025-11-04 10:00:00,931.8871835628912,28.6,42,9.6,10,1,False,Zone_A
2025-11-04 11:00:00,961.057824967386,27.8,41,8.7,11,1,False,Zone_A
2025-11-04 12:00:00,905.0289671488388,26.0,57,5.6,12,1,False,Zone_A
2025-11-04 13:00:00,866.5426970198924,25.1,59,5.6,13,1,False,Zone_A
2025-11-04 14:00:00,815.447891660691,24.1,63,5.2,14,1,False,Zone_A
2025-11-04 15:00:00,779.3403753003158,23.6,64,5.5,15,1,False,Zone_A
2025-11-04 16:00:00,705.8526981539134,22.5,71,4.5,16,1,False,Zone_A
2025-11-04 17:00:00,690.9161100516044,22.0,73,4.3,17,1,False,Zone_A
2025-11-04 18:00:00,777.2007620276922,22.5,77,3.1,18,1,False,Zone_A
2025-11-04 19:00:00,739.6910956336991,21.9,79,2.3,19,1,False,Zone_A
2025-11-04 20:00:00,725.9116753857734,22.0,78,0.7,20,1,False,Zone_A
2025-11-04 21:00:00,781.4488205207422,21.4,80,7.6,21,1,False,Zone_A
2025-11-04 22:00:00,752.8512873536931,20.0,84,6.6,22,1,False,Zone_A
2025-11-04 23:00:00,758.9857465792576,19.4,86,5.2,23,1,False,Zone_A
2025-11-05 00:00:00,779.7367929971741,19.5,89,3.3,0,2,False,Zone_A
2025-11-05 01:00:00,850.2318339068764,19.4,90,3.5,1,2,False,Zone_A
2025-11-05 02:00:00,828.6119235693519,20.5,85,3.8,2,2,False,Zone_A
2025-11-05 03:00:00,936.3901797001902,22.5,78,4.3,3,2,False,Zone_A
2025-11-05 04:00:00,927.7909005893567,24.6,69,3.9,4,2,False,Zone_A
2025-11-05 05:00:00,1034.938702407421,26.5,60,2.7,5,2,False,Zone_A
2025-11-05 06:00:00,1060.7134055234244,28.5,52,5.5,6,2,False,Zone_A
2025-11-05 07:00:00,1069.2301564659492,29.4,43,7.9,7,2,False,Zone_A
2025-11-05 08:00:00,1032.884712356482,29.5,38,9.2,8,2,False,Zone_A
2025-11-05 09:00:00,1022.5713266863393,29.4,37,10.1,9,2,False,Zone_A
2025-11-05 10:00:00,985.2239819866729,28.9,37,11.3,10,2,False,Zone_A
2025-11-05 11:00:00,955.9227275538358,28.3,37,9.9,11,2,False,Zone_A
2025-11-05 12:00:00,898.0186969929005,27.7,38,8.2,12,2,False,Zone_A
2025-11-05 13:00:00,865.8214185409784,26.3,43,8.5,13,2,False,Zone_A
2025-11-05 14:00:00,835.3376297742956,25.0,46,9.4,14,2,False,Zone_A
2025-11-05 15:00:00,807.6702455179202,23.9,48,8.4,15,2,False,Zone_A
2025-11-05 16:00:00,782.690487288375,23.0,49,8.1,16,2,False,Zone_A
2025-11-05 17:00:00,720.3203015950622,22.2,50,8.5,17,2,False,Zone_A
2025-11-05 18:00:00,736.6629604049489,21.5,58,7.8,18,2,False,Zone_A
2025-11-05 19:00:00,729.4109583933608,20.7,58,9.4,19,2,False,Zone_A
2025-11-05 20:00:00,688.3980831277873,19.8,54,9.1,20,2,False,Zone_A
2025-11-05 21:00:00,691.6540914986108,18.8,48,8.6,21,2,False,Zone_A
2025-11-05 22:00:00,712.9329580528448,17.8,47,8.6,22,2,False,Zone_A
2025-11-05 23:00:00,751.9682880780472,16.9,51,8.3,23,2,False,Zone_A
2025-11-06 00:00:00,749.5545736549466,16.5,62,8.9,0,3,False,Zone_A
2025-11-06 01:00:00,769.3985054625481,16.0,64,8.0,1,3,False,Zone_A
2025-11-06 02:00:00,820.5814980369165,16.4,63,8.2,2,3,False,Zone_A
2025-11-06 03:00:00,832.9447327214394,18.0,58,6.9,3,3,False,Zone_A
2025-11-06 04:00:00,916.6334236020763,20.2,51,6.9,4,3,False,Zone_A
2025-11-06 05:00:00,953.4044809316395,22.6,43,7.8,5,3,False,Zone_A
2025-11-06 06:00:00,978.340836219364,24.8,33,9.8,6,3,False,Zone_A
2025-11-06 07:00:00,979.3368899277023,26.0,28,9.2,7,3,False,Zone_A
2025-11-06 08:00:00,996.8802650856966,26.5,26,9.3,8,3,False,Zone_A
2025-11-06 09:00:00,975.3847268857822,26.7,26,9.5,9,3,False,Zone_A
2025-11-06 10:00:00,933.2023671742503,26.4,27,10.7,10,3,False,Zone_A
2025-11-06 11:00:00,905.4442491345187,25.7,30,10.3,11,3,False,Zone_A
2025-11-06 12:00:00,834.2539764524303,24.0,36,6.4,12,3,False,Zone_A
2025-11-06 13:00:00,830.8301044266701,22.9,41,5.9,13,3,False,Zone_A
2025-11-06 14:00:00,743.5044808652973,21.9,45,6.5,14,3,False,Zone_A
2025-11-06 15:00:00,752.251073445788,21.1,47,7.1,15,3,False,Zone_A
2025-11-06 16:00:00,684.4021831286284,20.5,48,7.9,16,3,False,Zone_A
2025-11-06 17:00:00,687.8377275110148,19.7,48,7.9,17,3,False,Zone_A
2025-11-06 18:00:00,666.2373138165628,19.1,50,8.6,18,3,False,Zone_A
2025-11-06 19:00:00,667.13502158789,18.2,52,7.5,19,3,False,Zone_A
2025-11-06 20:00:00,653.08825414049,17.5,53,7.5,20,3,False,Zone_A
2025-11-06 21:00:00,708.4817781380067,16.9,55,7.3,21,3,False,Zone_A
2025-11-06 22:00:00,681.0024803683347,16.2,57,6.9,22,3,False,Zone_A
2025-11-06 23:00:00,684.6733705820932,15.7,59,6.8,23,3,False,Zone_A
2025-11-07 00:00:00,733.431787313698,15.6,63,7.4,0,4,False,Zone_A
2025-11-07 01:00:00,728.2775099007212,15.1,65,6.9,1,4,False,Zone_A
2025-11-07 02:00:00,766.3967131635472,15.4,63,7.8,2,4,False,Zone_A
2025-11-07 03:00:00,846.3245016596808,16.9,59,6.7,3,4,False,Zone_A
2025-11-07 04:00:00,851.2637458723302,19.2,50,6.6,4,4,False,Zone_A
2025-11-07 05:00:00,909.6574861116206,21.8,43,6.7,5,4,False,Zone_A
2025-11-07 06:00:00,967.8742359261581,24.9,36,8.2,6,4,False,Zone_A
2025-11-07 07:00:00,1009.3772008000981,26.7,28,8.6,7,4,False,Zone_A
2025-11-07 08:00:00,1009.3652514272582,27.6,24,9.2,8,4,False,Zone_A
2025-11-07 09:00:00,979.0505200540243,27.8,23,9.4,9,4,False,Zone_A
2025-11-07 10:00:00,960.1003585611267,27.5,23,9.5,10,4,False,Zone_A
2025-11-07 11:00:00,907.7252935345065,26.6,26,8.2,11,4,False,Zone_A
2025-11-07 12:00:00,872.2617717234762,24.9,32,6.7,12,4,False,Zone_A
2025-11-07 13:00:00,791.8111864643943,23.5,36,7.1,13,4,False,Zone_A
2025-11-07 14:00:00,746.3338866371502,22.0,40,6.5,14,4,False,Zone_A
2025-11-07 15:00:00,706.7431722993481,20.9,43,6.3,15,4,False,Zone_A
2025-11-07 16:00:00,691.5268467797946,19.8,45,5.9,16,4,False,Zone_A
2025-11-07 17:00:00,690.195172750164,19.0,47,6.0,17,4,False,Zone_A
2025-11-07 18:00:00,710.0151076406568,18.5,50,6.2,18,4,False,Zone_A
2025-11-07 19:00:00,643.9892528639703,17.4,53,6.3,19,4,False,Zone_A
2025-11-07 20:00:00,655.1963572776864,16.9,55,6.4,20,4,False,Zone_A
2025-11-07 21:00:00,680.3822270229329,16.4,55,6.6,21,4,False,Zone_A
2025-11-07 22:00:00,688.9203306147245,15.8,57,6.2,22,4,False,Zone_A
2025-11-07 23:00:00,717.8427323458088,15.0,59,5.5,23,4,False,Zone_A
2025-11-08 00:00:00,722.5032432833243,14.2,66,5.4,0,5,True,Zone_A
2025-11-08 01:00:00,713.8532331643423,13.9,66,4.3,1,5,True,Zone_A
2025-11-08 02:00:00,766.326249493533,14.9,61,4.0,2,5,True,Zone_A
2025-11-08 03:00:00,819.9081323138757,16.9,53,4.6,3,5,True,Zone_A
2025-11-08 04:00:00,884.4189241801283,19.5,44,3.8,4,5,True,Zone_A
2025-11-08 05:00:00,919.6846278941343,22.4,35,5.1,5,5,True,Zone_A
2025-11-08 06:00:00,961.632886794594,25.0,27,8.2,6,5,True,Zone_A
2025-11-08 07:00:00,1010.6719570817608,26.3,24,9.0,7,5,True,Zone_A
2025-11-08 08:00:00,1023.5697388813074,27.0,22,9.8,8,5,True,Zone_A
2025-11-08 09:00:00,964.6521013359394,27.1,21,10.1,9,5,True,Zone_A
2025-11-08 10:00:00,992.2148597706623,26.6,22,10.2,10,5,True,Zone_A
2025-11-08 11:00:00,932.9822040688107,25.9,25,9.4,11,5,True,Zone_A
2025-11-08 12:00:00,859.2646255079696,23.5,36,5.3,12,5,True,Zone_A
2025-11-08 13:00:00,816.9322617105897,22.6,37,5.2,13,5,True,Zone_A
2025-11-08 14:00:00,820.9716120247285,21.4,42,5.3,14,5,True,Zone_A
2025-11-08 15:00:00,719.3487567670733,20.4,46,5.3,15,5,True,Zone_A
2025-11-08 16:00:00,724.3793907471522,19.5,49,5.3,16,5,True,Zone_A
2025-11-08 17:00:00,678.1624173331325,18.8,50,5.4,17,5,True,Zone_A
2025-11-08 18:00:00,683.1015800406408,18.4,54,5.5,18,5,True,Zone_A
2025-11-08 19:00:00,657.9438977845947,17.2,55,6.1,19,5,True,Zone_A
2025-11-08 20:00:00,632.4855927270157,16.6,56,6.3,20,5,True,Zone_A
2025-11-08 21:00:00,638.152796985529,16.0,57,5.9,21,5,True,Zone_A
2025-11-08 22:00:00,672.4381631399178,15.4,59,5.8,22,5,True,Zone_A
2025-11-08 23:00:00,688.2652644936807,14.9,60,5.7,23,5,True,Zone_A
2025-11-09 00:00:00,723.6029612538388,14.2,69,5.5,0,6,True,Zone_A
2025-11-09 01:00:00,727.4361717588663,13.8,70,5.2,1,6,True,Zone_A
2025-11-09 02:00:00,777.5152277180023,14.6,65,5.1,2,6,True,Zone_A
2025-11-09 03:00:00,800.2346281210909,16.5,60,5.1,3,6,True,Zone_A
2025-11-09 04:00:00,866.5368028384187,19.1,52,4.0,4,6,True,Zone_A
2025-11-09 05:00:00,892.193407532785,22.0,43,4.4,5,6,True,Zone_A
2025-11-09 06:00:00,970.8778509473502,24.8,32,8.5,6,6,True,Zone_A
2025-11-09 07:00:00,978.3294278012934,26.1,28,8.4,7,6,True,Zone_A
2025-11-09 08:00:00,991.4338306689032,26.9,26,8.6,8,6,True,Zone_A
2025-11-09 09:00:00,976.0993209180618,27.0,26,9.0,9,6,True,Zone_A
2025-11-09 10:00:00,940.847369726604,26.7,27,9.2,10,6,True,Zone_A
2025-11-09 11:00:00,901.3098640969566,25.9,30,8.1,11,6,True,Zone_A
2025-11-09 12:00:00,880.1188146711503,23.6,42,5.0,12,6,True,Zone_A
2025-11-09 13:00:00,823.2824940933473,22.7,40,5.4,13,6,True,Zone_A
2025-11-09 14:00:00,796.6320996661814,21.6,42,5.8,14,6,True,Zone_A
2025-11-09 15:00:00,742.5918585549234,20.5,44,6.0,15,6,True,Zone_A
2025-11-09 16:00:00,697.4920872722776,19.5,47,5.6,16,6,True,Zone_A
2025-11-09 17:00:00,720.0047467309624,18.9,48,5.9,17,6,True,Zone_A
2025-11-09 18:00:00,669.7042551027514,18.3,53,6.3,18,6,True,Zone_A
2025-11-09 19:00:00,654.9474350708139,17.4,54,5.9,19,6,True,Zone_A
2025-11-09 20:00:00,639.3746574853599,16.4,58,5.6,20,6,True,Zone_A
2025-11-09 21:00:00,660.773534685291,15.8,60,5.5,21,6,True,Zone_A
2025-11-09 22:00:00,699.6100477283978,15.4,61,5.2,22,6,True,Zone_A
2025-11-09 23:00:00,716.1751070565682,15.1,61,3.9,23,6,True,Zone_A
2025-11-10 00:00:00,701.2121841760513,14.2,66,4.1,0,0,False,Zone_A
2025-11-10 01:00:00,768.4818342331024,13.6,69,4.0,1,0,False,Zone_A
2025-11-10 02:00:00,771.4892360861671,14.4,66,3.8,2,0,False,Zone_A
2025-11-10 03:00:00,830.9225621920647,16.6,58,4.2,3,0,False,Zone_A
2025-11-10 04:00:00,871.8559524805132,19.4,48,3.2,4,0,False,Zone_A
2025-11-10 05:00:00,920.6128508451659,22.4,39,3.2,5,0,False,Zone_A
2025-11-10 06:00:00,946.1506184121594,24.9,32,5.5,6,0,False,Zone_A
2025-11-10 07:00:00,1013.2217516950387,26.5,26,7.0,7,0,False,Zone_A
2025-11-10 08:00:00,1002.7691935016627,27.1,24,8.3,8,0,False,Zone_A
2025-11-10 09:00:00,943.0296707920626,27.4,22,8.9,9,0,False,Zone_A
2025-11-10 10:00:00,938.2042009413819,27.0,22,9.0,10,0,False,Zone_A
2025-11-10 11:00:00,954.637822011875,26.2,23,8.1,11,0,False,Zone_A
2025-11-10 12:00:00,862.0358614055835,23.7,38,3.7,12,0,False,Zone_A
2025-11-10 13:00:00,796.7409146629832,22.7,40,2.8,13,0,False,Zone_A
2025-11-10 14:00:00,765.7927256555986,21.6,43,2.1,14,0,False,Zone_A
2025-11-10 15:00:00,756.6272861196891,20.6,46,2.2,15,0,False,Zone_A
2025-11-10 16:00:00,698.0258184997823,19.9,47,2.8,16,0,False,Zone_A
2025-11-10 17:00:00,695.5257175061943,19.2,47,2.9,17,0,False,Zone_A
2025-11-10 18:00:00,707.4802092104762,18.5,52,3.6,18,0,False,Zone_A
2025-11-10 19:00:00,691.608154138871,16.9,56,3.1,19,0,False,Zone_A
2025-11-10 20:00:00,615.1937340555767,16.1,58,2.9,20,0,False,Zone_A
2025-11-10 21:00:00,676.2981857590343,15.2,61,3.8,21,0,False,Zone_A
2025-11-10 22:00:00,636.9599145242581,14.6,62,3.6,22,0,False,Zone_A
2025-11-10 23:00:00,676.7018375713416,14.0,64,4.7,23,0,False,Zone_A
2025-11-11 00:00:00,718.5641971324525,13.6,72,4.9,0,1,False,Zone_A
2025-11-11 01:00:00,698.5291666234024,13.2,74,4.9,1,1,False,Zone_A
2025-11-11 02:00:00,745.4079806645506,14.2,70,4.7,2,1,False,Zone_A
2025-11-11 03:00:00,834.5520168380363,16.4,63,5.9,3,1,False,Zone_A
2025-11-11 04:00:00,882.2842764082249,19.4,53,4.0,4,1,False,Zone_A
2025-11-11 05:00:00,927.772806497188,22.4,42,4.7,5,1,False,Zone_A
2025-11-11 06:00:00,969.3957660977862,25.1,33,7.3,6,1,False,Zone_A
2025-11-11 07:00:00,1028.8151118878452,26.5,28,9.1,7,1,False,Zone_A
2025-11-11 08:00:00,997.6720226230096,27.3,26,9.9,8,1,False,Zone_A
2025-11-11 09:00:00,968.7073182159759,27.5,24,10.3,9,1,False,Zone_A
2025-11-11 10:00:00,954.2437022711291,27.0,25,10.6,10,1,False,Zone_A
2025-11-11 11:00:00,923.4028562499349,26.2,27,8.8,11,1,False,Zone_A
2025-11-11 12:00:00,901.3532792437376,23.9,37,5.7,12,1,False,Zone_A
2025-11-11 13:00:00,802.9551897008728,22.8,37,5.6,13,1,False,Zone_A
2025-11-11 14:00:00,801.9034015409356,21.6,42,5.8,14,1,False,Zone_A
2025-11-11 15:00:00,711.3460413179546,20.5,48,5.8,15,1,False,Zone_A
2025-11-11 16:00:00,689.4900121258984,19.6,51,6.0,16,1,False,Zone_A
2025-11-11 17:00:00,702.9234394973281,19.0,51,6.3,17,1,False,Zone_A
2025-11-11 18:00:00,617.8500428222472,18.5,54,6.8,18,1,False,Zone_A
2025-11-11 19:00:00,677.7075636892909,17.3,57,6.5,19,1,False,Zone_A
2025-11-11 20:00:00,658.6257396024765,16.5,59,6.1,20,1,False,Zone_A
2025-11-11 21:00:00,654.7188466780138,15.9,61,5.9,21,1,False,Zone_A
2025-11-11 22:00:00,676.2397237056316,15.4,63,5.4,22,1,False,Zone_A
2025-11-11 23:00:00,693.5143392724497,14.6,65,5.4,23,1,False,Zone_A
2025-11-12 00:00:00,734.390520474221,13.8,73,5.8,0,2,False,Zone_A
2025-11-12 01:00:00,730.361274150277,13.6,73,5.6,1,2,False,Zone_A
2025-11-12 02:00:00,732.0385830179916,14.4,69,6.5,2,2,False,Zone_A
2025-11-12 03:00:00,815.157279240896,16.2,62,6.5,3,2,False,Zone_A
2025-11-12 04:00:00,858.5883694334029,19.2,52,5.8,4,2,False,Zone_A
2025-11-12 05:00:00,953.736691732337,22.2,43,6.6,5,2,False,Zone_A
2025-11-12 06:00:00,945.2757686222726,25.0,36,9.0,6,2,False,Zone_A
2025-11-12 07:00:00,1023.8211227865704,26.7,29,11.5,7,2,False,Zone_A
2025-11-12 08:00:00,1026.8564006398192,27.5,26,12.6,8,2,False,Zone_A
2025-11-12 09:00:00,969.4998785086561,27.5,24,12.6,9,2,False,Zone_A
2025-11-12 10:00:00,994.6235510818027,27.2,25,12.4,10,2,False,Zone_A
2025-11-12 11:00:00,948.7338421845803,26.5,27,10.3,11,2,False,Zone_A
2025-11-12 12:00:00,857.7595008369049,24.0,37,5.8,12,2,False,Zone_A
2025-11-12 13:00:00,820.8137639442319,23.1,38,5.7,13,2,False,Zone_A
2025-11-12 14:00:00,778.375678507962,21.9,43,5.5,14,2,False,Zone_A
2025-11-12 15:00:00,741.8998591231577,20.8,48,5.0,15,2,False,Zone_A
2025-11-12 16:00:00,727.0140299935608,20.4,49,3.3,16,2,False,Zone_A
2025-11-12 17:00:00,720.4458771367537,19.7,51,3.3,17,2,False,Zone_A
2025-11-12 18:00:00,655.2578201112036,19.0,56,2.9,18,2,False,Zone_A
2025-11-12 19:00:00,640.2502183538923,16.9,62,5.2,19,2,False,Zone_A
2025-11-12 20:00:00,632.3822410399853,15.8,67,4.8,20,2,False,Zone_A
2025-11-12 21:00:00,626.9522643414876,15.1,70,4.6,21,2,False,Zone_A
2025-11-12 22:00:00,641.635494946806,14.7,72,3.1,22,2,False,Zone_A
2025-11-12 23:00:00,674.5972697689699,13.9,76,4.5,23,2,False,Zone_A
2025-11-13 00:00:00,706.3074515631733,13.2,82,4.8,0,3,False,Zone_A
2025-11-13 01:00:00,677.8515700942502,12.8,82,4.7,1,3,False,Zone_A
2025-11-13 02:00:00,780.3486135675663,13.6,76,4.5,2,3,False,Zone_A
2025-11-13 03:00:00,804.2210133434593,15.6,68,5.1,3,3,False,Zone_A
2025-11-13 04:00:00,860.6261707201476,18.2,58,4.1,4,3,False,Zone_A
2025-11-13 05:00:00,943.4597103333964,21.3,47,4.5,5,3,False,Zone_A
2025-11-13 06:00:00,953.9798136907378,24.1,37,8.2,6,3,False,Zone_A
2025-11-13 07:00:00,981.1546276715753,25.2,33,9.2,7,3,False,Zone_A
2025-11-13 08:00:00,976.1366374377857,26.0,29,9.2,8,3,False,Zone_A
2025-11-13 09:00:00,966.6808666824924,26.2,26,9.3,9,3,False,Zone_A
2025-11-13 10:00:00,942.023541113826,26.0,27,9.6,10,3,False,Zone_A
2025-11-13 11:00:00,907.4816667593419,25.1,30,8.0,11,3,False,Zone_A
2025-11-13 12:00:00,837.8356337583937,22.8,41,4.8,12,3,False,Zone_A
2025-11-13 13:00:00,808.2377718495503,21.9,39,5.8,13,3,False,Zone_A
2025-11-13 14:00:00,766.1768470025744,20.6,43,5.8,14,3,False,Zone_A
2025-11-13 15:00:00,734.6459278715444,19.5,48,5.7,15,3,False,Zone_A
2025-11-13 16:00:00,684.7834911848423,18.6,51,5.6,16,3,False,Zone_A
2025-11-13 17:00:00,656.7305923570195,18.0,54,5.8,17,3,False,Zone_A
2025-11-13 18:00:00,656.1952766401973,17.3,59,6.2,18,3,False,Zone_A
2025-11-13 19:00:00,652.866616921919,16.2,61,5.7,19,3,False,Zone_A
2025-11-13 20:00:00,621.8087930199023,15.4,64,5.2,20,3,False,Zone_A
2025-11-13 21:00:00,673.6954395115805,14.9,66,4.4,21,3,False,Zone_A
2025-11-13 22:00:00,658.9450456792464,14.3,68,4.4,22,3,False,Zone_A
2025-11-13 23:00:00,651.7906988365497,13.6,70,5.3,23,3,False,Zone_A
2025-11-14 00:00:00,711.303952222311,13.1,77,5.2,0,4,False,Zone_A
2025-11-14 01:00:00,691.9023529719445,12.9,78,4.5,1,4,False,Zone_A
2025-11-14 02:00:00,729.7376612624598,13.6,75,4.5,2,4,False,Zone_A
2025-11-14 03:00:00,793.5706314486663,15.6,68,5.1,3,4,False,Zone_A
2025-11-14 04:00:00,872.7339001656068,18.2,58,4.2,4,4,False,Zone_A
2025-11-14 05:00:00,932.9477700898228,21.0,47,4.5,5,4,False,Zone_A
2025-11-14 06:00:00,911.0688153120001,23.6,38,6.6,6,4,False,Zone_A
2025-11-14 07:00:00,970.7815472766856,25.0,31,8.0,7,4,False,Zone_A
2025-11-14 08:00:00,972.6062553461488,25.8,29,8.6,8,4,False,Zone_A
2025-11-14 09:00:00,988.6951329470996,26.1,25,9.1,9,4,False,Zone_A
2025-11-14 10:00:00,948.9955404164531,25.9,25,9.5,10,4,False,Zone_A
2025-11-14 11:00:00,941.0563422156878,25.0,28,8.1,11,4,False,Zone_A
2025-11-14 12:00:00,870.3838095672978,22.8,40,4.7,12,4,False,Zone_A
2025-11-14 13:00:00,785.2395076054197,21.9,40,4.8,13,4,False,Zone_A
2025-11-14 14:00:00,792.830426208375,20.8,44,5.2,14,4,False,Zone_A
2025-11-14 15:00:00,718.4764362048219,19.8,47,5.2,15,4,False,Zone_A
2025-11-14 16:00:00,714.9355384791683,18.9,51,5.1,16,4,False,Zone_A
2025-11-14 17:00:00,667.5524820117668,18.1,54,5.2,17,4,False,Zone_A
2025-11-14 18:00:00,665.0143774015288,17.6,57,5.2,18,4,False,Zone_A
2025-11-14 19:00:00,641.7807480935301,16.4,59,5.5,19,4,False,Zone_A
2025-11-14 20:00:00,663.8742946186512,15.6,62,5.2,20,4,False,Zone_A
2025-11-14 21:00:00,665.8558935099596,14.8,65,5.0,21,4,False,Zone_A
2025-11-14 22:00:00,672.2095548627652,14.2,68,4.6,22,4,False,Zone_A
2025-11-14 23:00:00,671.7825627923218,13.6,70,4.1,23,4,False,Zone_A
2025-11-15 00:00:00,743.0018100683749,13.1,77,4.5,0,5,True,Zone_A
2025-11-15 01:00:00,711.6812047942294,12.4,80,4.7,1,5,True,Zone_A
2025-11-15 02:00:00,756.6802574826413,13.1,77,4.6,2,5,True,Zone_A
2025-11-15 03:00:00,765.0374009092322,15.1,70,5.3,3,5,True,Zone_A
2025-11-15 04:00:00,839.8331020883551,17.9,59,4.0,4,5,True,Zone_A
2025-11-15 05:00:00,929.522717285189,20.9,47,4.5,5,5,True,Zone_A
2025-11-15 06:00:00,937.1762242914402,23.7,37,6.4,6,5,True,Zone_A
2025-11-15 07:00:00,984.6971797892621,25.2,31,7.4,7,5,True,Zone_A
2025-11-15 08:00:00,956.6987836786398,26.1,28,8.7,8,5,True,Zone_A
2025-11-15 09:00:00,974.7822910132929,26.6,25,10.0,9,5,True,Zone_A
2025-11-15 10:00:00,935.0096906859192,26.4,27,10.3,10,5,True,Zone_A
2025-11-15 11:00:00,886.2961559160049,25.6,29,8.1,11,5,True,Zone_A
2025-11-15 12:00:00,861.1610231387809,23.3,41,4.5,12,5,True,Zone_A
2025-11-15 13:00:00,804.2264237872824,22.3,39,5.4,13,5,True,Zone_A
2025-11-15 14:00:00,763.2717183716177,21.2,42,5.9,14,5,True,Zone_A
2025-11-15 15:00:00,733.7605531638195,20.2,46,5.8,15,5,True,Zone_A
2025-11-15 16:00:00,703.1520511366485,19.3,49,5.8,16,5,True,Zone_A
2025-11-15 17:00:00,661.2270980100471,18.3,53,5.3,17,5,True,Zone_A
2025-11-15 18:00:00,621.9454690930738,17.3,59,4.6,18,5,True,Zone_A
2025-11-15 19:00:00,641.6695064774069,15.9,62,4.6,19,5,True,Zone_A
2025-11-15 20:00:00,636.1992146559261,15.4,64,3.3,20,5,True,Zone_A
2025-11-15 21:00:00,621.3210195554547,14.8,66,2.8,21,5,True,Zone_A
2025-11-15 22:00:00,688.2478348788391,14.2,68,2.4,22,5,True,Zone_A
2025-11-15 23:00:00,680.808603099425,13.4,71,3.1,23,5,True,Zone_A
2025-11-16 00:00:00,705.1412749215149,12.6,80,3.8,0,6,True,Zone_A
2025-11-16 01:00:00,709.7257655789913,12.1,81,4.2,1,6,True,Zone_A
2025-11-16 02:00:00,730.5315791372109,12.9,76,4.5,2,6,True,Zone_A
2025-11-16 03:00:00,790.1887309449789,15.0,67,5.4,3,6,True,Zone_A
2025-11-16 04:00:00,859.0885552279598,18.1,54,4.1,4,6,True,Zone_A
2025-11-16 05:00:00,940.4631475120082,21.2,44,5.4,5,6,True,Zone_A
2025-11-16 06:00:00,968.855264647025,23.9,36,7.2,6,6,True,Zone_A
2025-11-16 07:00:00,1008.0167152546064,25.9,29,9.8,7,6,True,Zone_A
2025-11-16 08:00:00,995.2074031793693,26.8,25,11.1,8,6,True,Zone_A
2025-11-16 09:00:00,962.303098082181,27.0,23,11.2,9,6,True,Zone_A
2025-11-16 10:00:00,947.7586009918934,26.5,24,11.2,10,6,True,Zone_A
2025-11-16 11:00:00,895.936741291987,25.9,26,9.7,11,6,True,Zone_A
2025-11-16 12:00:00,844.3210704693754,23.1,38,5.3,12,6,True,Zone_A
2025-11-16 13:00:00,818.6673042787728,22.3,37,5.6,13,6,True,Zone_A
2025-11-16 14:00:00,778.6496438072221,21.0,41,5.4,14,6,True,Zone_A
2025-11-16 15:00:00,722.3954432034939,19.6,47,5.2,15,6,True,Zone_A
2025-11-16 16:00:00,714.493808131299,18.9,48,5.4,16,6,True,Zone_A
2025-11-16 17:00:00,679.528225910021,18.1,49,5.8,17,6,True,Zone_A
2025-11-16 18:00:00,675.9817564548214,17.2,55,5.6,18,6,True,Zone_A
2025-11-16 19:00:00,604.8990005351891,15.6,59,5.1,19,6,True,Zone_A
2025-11-16 20:00:00,640.2425890093309,15.1,60,3.5,20,6,True,Zone_A
2025-11-16 21:00:00,624.267759753948,14.4,62,3.4,21,6,True,Zone_A
2025-11-16 22:00:00,632.3997031030151,13.7,64,3.4,22,6,True,Zone_A
2025-11-16 23:00:00,653.349444193041,12.9,66,4.6,23,6,True,Zone_A
2025-11-17 00:00:00,694.0775344298015,12.2,75,4.4,0,0,False,Zone_A
2025-11-17 01:00:00,694.7193588661625,11.9,75,4.5,1,0,False,Zone_A
2025-11-17 02:00:00,746.9115201358744,12.6,71,4.7,2,0,False,Zone_A
2025-11-17 03:00:00,815.6211959896156,14.8,64,6.1,3,0,False,Zone_A
2025-11-17 04:00:00,869.6051244646396,17.8,52,4.0,4,0,False,Zone_A
2025-11-17 05:00:00,889.3909105209493,20.8,42,3.5,5,0,False,Zone_A
2025-11-17 06:00:00,972.0872700211539,23.3,35,3.6,6,0,False,Zone_A
2025-11-17 07:00:00,962.8452444934974,25.2,30,5.5,7,0,False,Zone_A
2025-11-17 08:00:00,949.8898504340027,26.0,29,6.3,8,0,False,Zone_A
2025-11-17 09:00:00,934.6105384748773,26.2,28,6.0,9,0,False,Zone_A
2025-11-17 10:00:00,974.5127916874007,26.0,28,5.7,10,0,False,Zone_A
2025-11-17 11:00:00,907.0736778813265,25.3,30,5.3,11,0,False,Zone_A
2025-11-17 12:00:00,878.9449816045402,23.0,42,2.8,12,0,False,Zone_A
2025-11-17 13:00:00,754.6894076078784,22.1,43,1.8,13,0,False,Zone_A
2025-11-17 14:00:00,765.1457786119933,21.3,46,1.0,14,0,False,Zone_A
2025-11-17 15:00:00,736.0902217261457,20.5,49,1.4,15,0,False,Zone_A
2025-11-17 16:00:00,715.1458329947383,20.0,52,0.8,16,0,False,Zone_A
2025-11-17 17:00:00,689.7758123065564,19.3,53,0.9,17,0,False,Zone_A
2025-11-17 18:00:00,666.9611085256059,18.1,58,1.9,18,0,False,Zone_A
2025-11-17 19:00:00,668.5886504353105,16.9,63,1.5,19,0,False,Zone_A
2025-11-17 20:00:00,635.6076829721782,16.0,66,1.3,20,0,False,Zone_A
2025-11-17 21:00:00,661.9812160517154,15.4,69,0.9,21,0,False,Zone_A
2025-11-17 22:00:00,669.5551327938992,14.8,72,0.9,22,0,False,Zone_A
2025-11-17 23:00:00,698.8568067961389,13.8,76,2.1,23,0,False,Zone_A
2025-11-18 00:00:00,735.1765672831542,14.1,75,1.3,0,1,False,Zone_A
2025-11-18 01:00:00,710.0430322631623,13.1,79,2.7,1,1,False,Zone_A
2025-11-18 02:00:00,764.2052731769688,13.2,78,3.6,2,1,False,Zone_A
2025-11-18 03:00:00,801.5819634488388,15.4,69,3.8,3,1,False,Zone_A
2025-11-18 04:00:00,869.977309266307,18.0,57,2.8,4,1,False,Zone_A
2025-11-18 05:00:00,904.5426853814254,21.0,47,3.5,5,1,False,Zone_A
2025-11-18 06:00:00,966.8565280905971,23.5,39,5.3,6,1,False,Zone_A
2025-11-18 07:00:00,973.6145359796361,25.1,34,6.5,7,1,False,Zone_A
2025-11-18 08:00:00,981.386899044969,25.8,34,7.3,8,1,False,Zone_A
2025-11-18 09:00:00,959.7446710783614,26.0,34,7.7,9,1,False,Zone_A
2025-11-18 10:00:00,951.3860152323499,25.8,37,7.9,10,1,False,Zone_A
2025-11-18 11:00:00,917.6108166556489,25.0,43,7.7,11,1,False,Zone_A
2025-11-18 12:00:00,833.4849155176529,22.8,57,3.6,12,1,False,Zone_A
2025-11-18 13:00:00,823.7375993114665,22.0,60,2.1,13,1,False,Zone_A
2025-11-18 14:00:00,755.3187629524241,21.4,62,1.9,14,1,False,Zone_A
2025-11-18 15:00:00,724.4055004810647,21.0,63,1.1,15,1,False,Zone_A
2025-11-18 16:00:00,705.8946449918005,20.4,65,0.5,16,1,False,Zone_A
2025-11-18 17:00:00,689.8628590012529,19.0,70,2.8,17,1,False,Zone_A
2025-11-18 18:00:00,631.2149398930413,17.9,74,2.7,18,1,False,Zone_A
2025-11-18 19:00:00,658.4636106450507,16.8,78,2.1,19,1,False,Zone_A
2025-11-18 20:00:00,636.7015234982504,16.0,81,2.2,20,1,False,Zone_A
2025-11-18 21:00:00,665.124383678668,15.1,85,3.8,21,1,False,Zone_A
2025-11-18 22:00:00,696.1789528460904,14.7,84,2.3,22,1,False,Zone_A
2025-11-18 23:00:00,686.6512990534151,14.2,84,2.2,23,1,False,Zone_A
2025-11-19 00:00:00,725.9284400777223,13.7,85,2.1,0,2,False,Zone_A
2025-11-19 01:00:00,765.0223836937797,13.2,86,2.5,1,2,False,Zone_A
2025-11-19 02:00:00,720.2804801424004,13.4,85,3.1,2,2,False,Zone_A
2025-11-19 03:00:00,786.2525073700949,15.6,73,1.1,3,2,False,Zone_A
2025-11-19 04:00:00,854.0062142661359,18.6,61,0.0,4,2,False,Zone_A
2025-11-19 05:00:00,916.1173027254339,21.8,50,1.0,5,2,False,Zone_A
2025-11-19 06:00:00,1000.910045402517,24.1,45,4.6,6,2,False,Zone_A
2025-11-19 07:00:00,972.8521750216731,25.5,39,5.4,7,2,False,Zone_A
2025-11-19 08:00:00,950.5894246862046,26.2,36,4.7,8,2,False,Zone_A
2025-11-19 09:00:00,958.7062985270456,26.4,36,4.1,9,2,False,Zone_A
2025-11-19 10:00:00,981.3324391797032,26.2,36,3.5,10,2,False,Zone_A
2025-11-19 11:00:00,877.5361532292279,25.6,38,3.4,11,2,False,Zone_A
2025-11-19 12:00:00,845.3570301441689,23.5,52,3.0,12,2,False,Zone_A
2025-11-19 13:00:00,798.2527067821965,22.8,54,1.4,13,2,False,Zone_A
2025-11-19 14:00:00,801.4423267545762,22.2,57,0.4,14,2,False,Zone_A
2025-11-19 15:00:00,765.1501958433066,21.6,59,0.5,15,2,False,Zone_A
2025-11-19 16:00:00,745.9800393147638,20.9,61,0.8,16,2,False,Zone_A
2025-11-19 17:00:00,707.2769405883597,20.4,63,0.8,17,2,False,Zone_A
2025-11-19 18:00:00,704.056490783526,19.8,66,0.4,18,2,False,Zone_A
2025-11-19 19:00:00,694.2656516592231,18.7,69,0.4,19,2,False,Zone_A
2025-11-19 20:00:00,629.6937081777342,17.8,73,1.0,20,2,False,Zone_A
2025-11-19 21:00:00,705.0672738055658,16.8,78,2.2,21,2,False,Zone_A
2025-11-19 22:00:00,697.4903330736291,15.9,82,2.7,22,2,False,Zone_A
2025-11-19 23:00:00,662.3533695173278,15.1,85,3.6,23,2,False,Zone_A
2025-11-20 00:00:00,731.5929494784398,14.5,86,3.6,0,3,False,Zone_A
2025-11-20 01:00:00,758.5979037260386,13.9,87,3.8,1,3,False,Zone_A
2025-11-20 02:00:00,805.4365234215003,14.4,85,3.2,2,3,False,Zone_A
2025-11-20 03:00:00,821.9213330501776,16.4,76,3.0,3,3,False,Zone_A
2025-11-20 04:00:00,897.4906770911771,19.2,64,1.4,4,3,False,Zone_A
2025-11-20 05:00:00,911.8414102516075,22.2,54,0.7,5,3,False,Zone_A
2025-11-20 06:00:00,956.6056507733541,24.5,45,3.8,6,3,False,Zone_A
2025-11-20 07:00:00,994.6292960428883,25.9,41,4.3,7,3,False,Zone_A
2025-11-20 08:00:00,982.499753536284,26.4,39,4.0,8,3,False,Zone_A
2025-11-20 09:00:00,991.0342515312849,26.5,39,3.8,9,3,False,Zone_A
2025-11-20 10:00:00,972.4086492992192,26.2,40,4.3,10,3,False,Zone_A
2025-11-20 11:00:00,919.8719889662194,25.5,42,5.1,11,3,False,Zone_A
2025-11-20 12:00:00,826.9410813607253,23.6,53,3.6,12,3,False,Zone_A
2025-11-20 13:00:00,799.340118772109,22.5,58,2.8,13,3,False,Zone_A
2025-11-20 14:00:00,796.731367705275,21.8,58,1.7,14,3,False,Zone_A
2025-11-20 15:00:00,765.9046475644196,21.1,61,1.3,15,3,False,Zone_A
2025-11-20 16:00:00,714.5173264974795,20.6,63,0.7,16,3,False,Zone_A
2025-11-20 17:00:00,722.614795566509,19.6,66,1.5,17,3,False,Zone_A
2025-11-20 18:00:00,682.8796979401382,19.1,68,0.6,18,3,False,Zone_A
2025-11-20 19:00:00,680.5535907793231,18.1,71,0.9,19,3,False,Zone_A
2025-11-20 20:00:00,671.8168323244332,17.5,73,1.5,20,3,False,Zone_A
2025-11-20 21:00:00,702.322731864419,17.0,75,0.7,21,3,False,Zone_A
2025-11-20 22:00:00,686.2244548782875,16.4,77,0.6,22,3,False,Zone_A
2025-11-20 23:00:00,706.8208378970045,16.0,78,0.8,23,3,False,Zone_A
2025-11-21 00:00:00,783.1017550214686,15.5,81,1.0,0,4,False,Zone_A
2025-11-21 01:00:00,735.3155178041256,15.0,81,2.3,1,4,False,Zone_A
2025-11-21 02:00:00,787.7579889662167,15.2,80,3.5,2,4,False,Zone_A
2025-11-21 03:00:00,826.1118196004456,17.9,68,4.4,3,4,False,Zone_A
2025-11-21 04:00:00,892.2738477632535,20.6,60,2.5,4,4,False,Zone_A
2025-11-21 05:00:00,955.4241156525095,23.0,53,3.8,5,4,False,Zone_A
2025-11-21 06:00:00,974.3892677524649,24.7,44,5.6,6,4,False,Zone_A
2025-11-21 07:00:00,999.7762755363744,25.9,38,4.2,7,4,False,Zone_A
2025-11-21 08:00:00,989.7466958750662,26.4,36,3.1,8,4,False,Zone_A
2025-11-21 09:00:00,965.3855486116666,26.5,35,3.2,9,4,False,Zone_A
2025-11-21 10:00:00,917.8073164883087,26.4,36,3.9,10,4,False,Zone_A
2025-11-21 11:00:00,910.1096407713502,25.8,38,4.8,11,4,False,Zone_A
2025-11-21 12:00:00,872.8078279199625,24.0,49,1.9,12,4,False,Zone_A
2025-11-21 13:00:00,800.8579353510708,22.8,49,3.7,13,4,False,Zone_A
2025-11-21 14:00:00,806.6119366550852,22.3,52,5.4,14,4,False,Zone_A
2025-11-21 15:00:00,744.057183340027,21.0,58,4.8,15,4,False,Zone_A
2025-11-21 16:00:00,682.6839618780509,20.1,63,4.2,16,4,False,Zone_A
2025-11-21 17:00:00,675.674180686049,19.5,66,2.4,17,4,False,Zone_A
2025-11-21 18:00:00,678.8715465023232,18.9,71,2.4,18,4,False,Zone_A
2025-11-21 19:00:00,684.2566264188248,18.1,73,1.8,19,4,False,Zone_A
2025-11-21 20:00:00,669.2972819652418,17.6,75,1.0,20,4,False,Zone_A
2025-11-21 21:00:00,686.1389506261121,17.1,77,0.2,21,4,False,Zone_A
2025-11-21 22:00:00,651.8634025237784,16.5,79,0.6,22,4,False,Zone_A
2025-11-21 23:00:00,708.8784619603136,15.9,81,1.8,23,4,False,Zone_A
2025-11-22 00:00:00,754.9832006621664,14.8,86,2.9,0,5,True,Zone_A
2025-11-22 01:00:00,733.587151258358,14.4,87,2.7,1,5,True,Zone_A
2025-11-22 02:00:00,779.2895893546386,14.6,87,4.0,2,5,True,Zone_A
2025-11-22 03:00:00,840.0304362242272,16.9,75,4.8,3,5,True,Zone_A
2025-11-22 04:00:00,897.3033093602446,20.0,63,3.7,4,5,True,Zone_A
2025-11-22 05:00:00,927.1915830257659,22.9,51,4.5,5,5,True,Zone_A
2025-11-22 06:00:00,966.0088364100028,24.6,38,5.6,6,5,True,Zone_A
2025-11-22 07:00:00,988.3781731890167,25.8,33,5.5,7,5,True,Zone_A
2025-11-22 08:00:00,988.8709516793542,26.2,30,6.3,8,5,True,Zone_A
2025-11-22 09:00:00,1000.5436385746981,26.3,29,7.2,9,5,True,Zone_A
2025-11-22 10:00:00,966.8140688437119,26.0,28,7.7,10,5,True,Zone_A
2025-11-22 11:00:00,908.8572643949359,25.2,29,6.6,11,5,True,Zone_A
2025-11-22 12:00:00,848.443418093389,23.2,41,2.6,12,5,True,Zone_A
2025-11-22 13:00:00,797.6024658437669,22.4,43,1.6,13,5,True,Zone_A
2025-11-22 14:00:00,791.550515078303,21.6,46,1.6,14,5,True,Zone_A
2025-11-22 15:00:00,751.7117960849498,21.0,48,1.3,15,5,True,Zone_A
2025-11-22 16:00:00,713.2373905743347,20.1,51,1.3,16,5,True,Zone_A
2025-11-22 17:00:00,717.6303225519029,19.2,54,1.4,17,5,True,Zone_A
2025-11-22 18:00:00,664.011393964836,18.4,60,0.9,18,5,True,Zone_A
2025-11-22 19:00:00,677.4623615776461,16.9,65,2.2,19,5,True,Zone_A
2025-11-22 20:00:00,669.990158564539,16.1,69,2.5,20,5,True,Zone_A
2025-11-22 21:00:00,650.1085127497381,15.6,71,0.8,21,5,True,Zone_A
2025-11-22 22:00:00,678.6110585644395,14.7,75,2.1,22,5,True,Zone_A
2025-11-22 23:00:00,718.2642801547157,13.9,78,3.0,23,5,True,Zone_A
2025-11-23 00:00:00,687.8047368082589,13.4,83,3.0,0,6,True,Zone_A
2025-11-23 01:00:00,737.4688183663726,13.4,83,1.8,1,6,True,Zone_A
2025-11-23 02:00:00,765.8961513675513,13.6,83,2.2,2,6,True,Zone_A
2025-11-23 03:00:00,825.2951902949148,15.9,70,2.9,3,6,True,Zone_A
2025-11-23 04:00:00,855.017495273626,19.1,58,2.0,4,6,True,Zone_A
2025-11-23 05:00:00,914.1086940688508,22.0,47,1.8,5,6,True,Zone_A
2025-11-23 06:00:00,953.4177925357784,24.0,39,2.7,6,6,True,Zone_A
2025-11-23 07:00:00,988.2546372075528,25.6,30,5.2,7,6,True,Zone_A
2025-11-23 08:00:00,1009.028790005499,26.0,28,6.8,8,6,True,Zone_A
2025-11-23 09:00:00,950.7539116223595,26.0,28,7.2,9,6,True,Zone_A
2025-11-23 10:00:00,928.6651080021919,25.5,30,7.6,10,6,True,Zone_A
2025-11-23 11:00:00,880.3414246276716,24.6,33,7.2,11,6,True,Zone_A
2025-11-23 12:00:00,842.9343811571551,22.6,45,3.6,12,6,True,Zone_A
2025-11-23 13:00:00,825.0782545275229,21.6,48,3.7,13,6,True,Zone_A
2025-11-23 14:00:00,746.6162260470053,20.5,53,3.4,14,6,True,Zone_A
2025-11-23 15:00:00,732.4592526262884,19.5,56,2.4,15,6,True,Zone_A
2025-11-23 16:00:00,684.3073668998786,18.5,61,2.9,16,6,True,Zone_A
2025-11-23 17:00:00,652.7614839502164,17.7,63,2.7,17,6,True,Zone_A
2025-11-23 18:00:00,635.2010295193552,17.1,67,3.2,18,6,True,Zone_A
2025-11-23 19:00:00,656.1018240189956,16.2,70,2.6,19,6,True,Zone_A
2025-11-23 20:00:00,645.3502050520422,15.6,71,1.9,20,6,True,Zone_A
2025-11-23 21:00:00,666.7629528140011,14.6,75,2.7,21,6,True,Zone_A
2025-11-23 22:00:00,636.0922174582298,13.9,78,2.8,22,6,True,Zone_A
2025-11-23 23:00:00,702.3253878319167,13.3,81,2.7,23,6,True,Zone_A
2025-11-24 00:00:00,699.1757635522574,12.5,88,3.6,0,0,False,Zone_A
2025-11-24 01:00:00,668.8788986044327,12.2,88,2.7,1,0,False,Zone_A
2025-11-24 02:00:00,754.3442175161505,12.6,88,3.2,2,0,False,Zone_A
2025-11-24 03:00:00,805.3946802915439,14.7,77,3.6,3,0,False,Zone_A
2025-11-24 04:00:00,864.4279222808826,17.6,64,2.4,4,0,False,Zone_A
2025-11-24 05:00:00,863.1027799260493,20.5,53,1.9,5,0,False,Zone_A
2025-11-24 06:00:00,948.3859988182217,22.8,43,3.7,6,0,False,Zone_A
2025-11-24 07:00:00,969.8415423955889,24.0,37,4.4,7,0,False,Zone_A
2025-11-24 08:00:00,992.3882235896815,24.8,33,5.1,8,0,False,Zone_A
2025-11-24 09:00:00,935.8205290605378,25.0,31,5.8,9,0,False,Zone_A
2025-11-24 10:00:00,911.830734671541,24.8,30,6.5,10,0,False,Zone_A
2025-11-24 11:00:00,886.0299038559593,23.9,32,5.6,11,0,False,Zone_A
2025-11-24 12:00:00,835.644282852806,21.9,44,3.4,12,0,False,Zone_A
2025-11-24 13:00:00,791.0776591570706,21.0,48,2.8,13,0,False,Zone_A
2025-11-24 14:00:00,705.3472028020984,20.0,49,2.1,14,0,False,Zone_A
2025-11-24 15:00:00,722.0594706936178,19.0,54,2.4,15,0,False,Zone_A
2025-11-24 16:00:00,685.5066866353131,18.0,56,2.5,16,0,False,Zone_A
2025-11-24 17:00:00,665.0057608499956,17.1,59,2.7,17,0,False,Zone_A
2025-11-24 18:00:00,643.9405468025906,16.4,63,2.7,18,0,False,Zone_A
2025-11-24 19:00:00,619.7964871825819,15.3,66,3.1,19,0,False,Zone_A
2025-11-24 20:00:00,669.3421271267268,14.2,70,4.2,20,0,False,Zone_A
2025-11-24 21:00:00,633.7104357364516,13.7,71,2.4,21,0,False,Zone_A
2025-11-24 22:00:00,611.1698539759547,12.9,75,2.5,22,0,False,Zone_A
2025-11-24 23:00:00,631.5307175092128,12.2,78,2.5,23,0,False,Zone_A
2025-11-25 00:00:00,712.4413109493781,11.6,83,3.3,0,1,False,Zone_A
2025-11-25 01:00:00,649.4839222003443,11.2,84,3.4,1,1,False,Zone_A
2025-11-25 02:00:00,721.7700441182537,11.6,82,4.2,2,1,False,Zone_A
2025-11-25 03:00:00,784.3124433826013,13.7,73,5.2,3,1,False,Zone_A
2025-11-25 04:00:00,841.4638027365544,16.6,60,3.4,4,1,False,Zone_A
2025-11-25 05:00:00,886.8351699427765,19.6,49,4.2,5,1,False,Zone_A
2025-11-25 06:00:00,923.7734084926781,22.0,42,6.4,6,1,False,Zone_A
2025-11-25 07:00:00,949.5020692475911,23.4,37,7.7,7,1,False,Zone_A
2025-11-25 08:00:00,948.8395013151301,24.0,35,8.1,8,1,False,Zone_A
2025-11-25 09:00:00,937.5416952762682,24.1,34,8.1,9,1,False,Zone_A
2025-11-25 10:00:00,902.0531546608411,23.8,33,8.5,10,1,False,Zone_A
2025-11-25 11:00:00,911.058418810249,23.0,34,8.2,11,1,False,Zone_A
2025-11-25 12:00:00,782.0258810459459,20.9,46,4.6,12,1,False,Zone_A
2025-11-25 13:00:00,776.4298696932127,20.2,45,4.9,13,1,False,Zone_A
2025-11-25 14:00:00,720.1141237916439,19.0,50,4.8,14,1,False,Zone_A
2025-11-25 15:00:00,718.7301364463896,17.9,55,4.7,15,1,False,Zone_A
2025-11-25 16:00:00,647.568751169928,16.9,60,4.6,16,1,False,Zone_A
2025-11-25 17:00:00,661.0447691451561,16.0,64,4.6,17,1,False,Zone_A
2025-11-25 18:00:00,629.1699900066853,15.4,68,4.3,18,1,False,Zone_A
2025-11-25 19:00:00,651.6621804462264,14.6,69,5.1,19,1,False,Zone_A
2025-11-25 20:00:00,603.5621294956537,13.9,71,5.0,20,1,False,Zone_A
2025-11-25 21:00:00,629.4401634187257,13.1,74,4.2,21,1,False,Zone_A
2025-11-25 22:00:00,648.2792288547021,12.6,76,2.5,22,1,False,Zone_A
2025-11-25 23:00:00,673.6603090349746,12.0,78,2.2,23,1,False,Zone_A
2025-11-26 00:00:00,644.1432103645847,11.5,85,3.1,0,2,False,Zone_A
2025-11-26 01:00:00,721.3239105019484,11.2,85,2.5,1,2,False,Zone_A
2025-11-26 02:00:00,745.387005837613,11.3,86,3.3,2,2,False,Zone_A
2025-11-26 03:00:00,734.3943917103854,13.4,75,3.4,3,2,False,Zone_A
2025-11-26 04:00:00,830.8454821531068,16.3,63,2.1,4,2,False,Zone_A
2025-11-26 05:00:00,916.2974601408969,19.2,52,1.8,5,2,False,Zone_A
2025-11-26 06:00:00,933.7633442283645,21.3,42,3.1,6,2,False,Zone_A
2025-11-26 07:00:00,920.3452341416754,23.0,35,3.4,7,2,False,Zone_A
2025-11-26 08:00:00,1011.7525215713205,23.7,31,3.8,8,2,False,Zone_A
2025-11-26 09:00:00,935.5296702559195,24.0,30,4.0,9,2,False,Zone_A
2025-11-26 10:00:00,910.9971456356096,23.8,30,4.7,10,2,False,Zone_A
2025-11-26 11:00:00,884.0062697832105,23.0,33,5.1,11,2,False,Zone_A
2025-11-26 12:00:00,790.8219851866404,20.6,46,3.8,12,2,False,Zone_A
2025-11-26 13:00:00,761.1356768224791,19.6,48,4.1,13,2,False,Zone_A
2025-11-26 14:00:00,728.242792648345,18.9,52,3.1,14,2,False,Zone_A
2025-11-26 15:00:00,703.4173757310884,18.3,52,2.8,15,2,False,Zone_A
2025-11-26 16:00:00,643.5588766415614,17.4,56,2.6,16,2,False,Zone_A
2025-11-26 17:00:00,655.9281831194708,16.8,58,1.1,17,2,False,Zone_A
2025-11-26 18:00:00,650.999263717894,16.7,60,0.2,18,2,False,Zone_A
2025-11-26 19:00:00,638.4428410295882,15.8,62,0.4,19,2,False,Zone_A
2025-11-26 20:00:00,637.7107907975453,15.0,65,0.6,20,2,False,Zone_A
2025-11-26 21:00:00,597.4226099476815,14.1,69,0.6,21,2,False,Zone_A
2025-11-26 22:00:00,632.6904330242388,13.2,72,0.6,22,2,False,Zone_A
2025-11-26 23:00:00,652.7601717479786,12.6,76,0.8,23,2,False,Zone_A
2025-11-27 00:00:00,700.6316942706244,12.1,79,0.8,0,3,False,Zone_A
2025-11-27 01:00:00,706.1969236730259,11.8,81,1.1,1,3,False,Zone_A
2025-11-27 02:00:00,738.6530884772576,11.8,83,1.7,2,3,False,Zone_A
2025-11-27 03:00:00,751.7602491484492,14.1,73,3.0,3,3,False,Zone_A
2025-11-27 04:00:00,840.2477137618572,17.2,60,2.1,4,3,False,Zone_A
2025-11-27 05:00:00,885.690274142048,20.0,48,2.8,5,3,False,Zone_A
2025-11-27 06:00:00,943.3922874937638,21.5,43,3.0,6,3,False,Zone_A
2025-11-27 07:00:00,950.508083745617,23.1,38,2.7,7,3,False,Zone_A
2025-11-27 08:00:00,951.0227479935057,24.0,34,1.9,8,3,False,Zone_A
2025-11-27 09:00:00,919.218563339304,24.5,32,2.4,9,3,False,Zone_A
2025-11-27 10:00:00,880.2696340534504,24.3,31,3.3,10,3,False,Zone_A
2025-11-27 11:00:00,918.214442079346,23.5,34,4.3,11,3,False,Zone_A
2025-11-27 12:00:00,801.3944407890923,21.2,48,3.9,12,3,False,Zone_A
2025-11-27 13:00:00,777.6949904028436,20.1,50,4.1,13,3,False,Zone_A
2025-11-27 14:00:00,769.3525617267525,19.1,57,3.8,14,3,False,Zone_A
2025-11-27 15:00:00,702.1811090361709,18.5,60,2.5,15,3,False,Zone_A
2025-11-27 16:00:00,664.2975396029148,17.5,65,2.8,16,3,False,Zone_A
2025-11-27 17:00:00,688.9293383495683,16.5,69,3.1,17,3,False,Zone_A
2025-11-27 18:00:00,614.7156747013646,15.8,73,3.1,18,3,False,Zone_A
2025-11-27 19:00:00,628.9371537389219,14.8,76,3.0,19,3,False,Zone_A
2025-11-27 20:00:00,642.6625411182541,14.2,77,3.1,20,3,False,Zone_A
2025-11-27 21:00:00,646.3814903315274,13.8,78,2.3,21,3,False,Zone_A
2025-11-27 22:00:00,630.4262041133752,13.0,82,3.2,22,3,False,Zone_A
2025-11-27 23:00:00,606.3636988052857,12.1,86,4.2,23,3,False,Zone_A
2025-11-28 00:00:00,681.5815225759713,11.8,88,3.1,0,4,False,Zone_A
2025-11-28 01:00:00,678.2422757812254,11.6,87,2.7,1,4,False,Zone_A
2025-11-28 02:00:00,774.2210566607598,11.8,86,3.6,2,4,False,Zone_A
2025-11-28 03:00:00,778.6020175507845,14.1,73,4.9,3,4,False,Zone_A
2025-11-28 04:00:00,839.2441853816324,16.6,62,3.9,4,4,False,Zone_A
2025-11-28 05:00:00,945.0533293049981,19.5,51,3.8,5,4,False,Zone_A
2025-11-28 06:00:00,918.0629697702826,22.0,42,4.6,6,4,False,Zone_A
2025-11-28 07:00:00,954.0831976794846,24.0,34,4.7,7,4,False,Zone_A
2025-11-28 08:00:00,941.865275366972,24.9,31,5.9,8,4,False,Zone_A
2025-11-28 09:00:00,949.2927154878752,25.5,29,6.7,9,4,False,Zone_A
2025-11-28 10:00:00,957.5840835721226,25.4,28,7.6,10,4,False,Zone_A
2025-11-28 11:00:00,908.0758662502013,24.5,32,7.6,11,4,False,Zone_A
2025-11-28 12:00:00,819.190114275039,21.5,49,3.1,12,4,False,Zone_A
2025-11-28 13:00:00,763.2196267624951,20.8,52,4.2,13,4,False,Zone_A
2025-11-28 14:00:00,767.7027776197988,19.9,55,4.7,14,4,False,Zone_A
2025-11-28 15:00:00,732.085047082486,19.0,59,4.9,15,4,False,Zone_A
2025-11-28 16:00:00,691.927375417763,18.1,62,5.0,16,4,False,Zone_A
2025-11-28 17:00:00,648.9423006995306,17.3,65,4.8,17,4,False,Zone_A
2025-11-28 18:00:00,621.7935613076794,16.5,71,4.4,18,4,False,Zone_A
2025-11-28 19:00:00,617.9348543000677,15.4,73,5.1,19,4,False,Zone_A
2025-11-28 20:00:00,622.9211346021228,15.0,73,5.2,20,4,False,Zone_A
2025-11-28 21:00:00,645.7717983356663,14.6,73,5.3,21,4,False,Zone_A
2025-11-28 22:00:00,665.3647635129356,14.3,73,5.7,22,4,False,Zone_A
2025-11-28 23:00:00,653.6626054420417,13.9,72,5.7,23,4,False,Zone_A
2025-11-29 00:00:00,681.4063378834453,13.2,76,5.9,0,5,True,Zone_A
2025-11-29 01:00:00,714.0018554390429,13.1,76,5.6,1,5,True,Zone_A
2025-11-29 02:00:00,753.4678185480122,13.3,75,5.4,2,5,True,Zone_A
2025-11-29 03:00:00,801.5204233853293,14.9,69,6.4,3,5,True,Zone_A
2025-11-29 04:00:00,837.50380158584,17.2,60,5.2,4,5,True,Zone_A
2025-11-29 05:00:00,893.0765481807441,20.1,48,5.5,5,5,True,Zone_A
2025-11-29 06:00:00,943.2000274196904,23.0,40,6.2,6,5,True,Zone_A
2025-11-29 07:00:00,960.882513403321,25.2,32,7.8,7,5,True,Zone_A
2025-11-29 08:00:00,967.9018575294084,26.0,30,10.5,8,5,True,Zone_A
2025-11-29 09:00:00,966.7062681114452,25.9,32,11.1,9,5,True,Zone_A
2025-11-29 10:00:00,913.58969255635,25.5,33,10.5,10,5,True,Zone_A
2025-11-29 11:00:00,890.521593592429,24.7,34,9.3,11,5,True,Zone_A
2025-11-29 12:00:00,825.4112395868242,22.5,46,4.4,12,5,True,Zone_A
2025-11-29 13:00:00,823.9200274659242,21.5,45,4.8,13,5,True,Zone_A
2025-11-29 14:00:00,707.2801587516597,20.5,47,5.0,14,5,True,Zone_A
2025-11-29 15:00:00,742.0607815410261,19.5,49,5.3,15,5,True,Zone_A
2025-11-29 16:00:00,719.3693521333852,18.4,51,5.5,16,5,True,Zone_A
2025-11-29 17:00:00,668.1774338269622,17.4,53,5.4,17,5,True,Zone_A
2025-11-29 18:00:00,637.0639440314403,16.5,59,5.3,18,5,True,Zone_A
2025-11-29 19:00:00,637.0642135131387,15.6,58,5.6,19,5,True,Zone_A
2025-11-29 20:00:00,615.8523808533095,14.6,58,5.3,20,5,True,Zone_A
2025-11-29 21:00:00,659.3158681572627,13.6,61,4.7,21,5,True,Zone_A
2025-11-29 22:00:00,623.8569584569905,13.0,62,4.4,22,5,True,Zone_A
2025-11-29 23:00:00,667.7298881187492,12.4,63,4.3,23,5,True,Zone_A
2025-11-30 00:00:00,661.0970204515917,11.9,71,4.6,0,6,True,Zone_A
2025-11-30 01:00:00,699.4542845064416,11.3,73,4.7,1,6,True,Zone_A
2025-11-30 02:00:00,711.3747403546822,11.7,71,5.2,2,6,True,Zone_A
2025-11-30 03:00:00,780.8988588382218,13.2,65,6.2,3,6,True,Zone_A
2025-11-30 04:00:00,828.001445997074,15.6,57,5.8,4,6,True,Zone_A
2025-11-30 05:00:00,895.996236819336,18.3,47,6.1,5,6,True,Zone_A
2025-11-30 06:00:00,900.3127394178537,21.1,37,7.9,6,6,True,Zone_A
2025-11-30 07:00:00,949.5607874450639,23.0,31,9.7,7,6,True,Zone_A
2025-11-30 08:00:00,937.4626330075596,23.7,30,12.1,8,6,True,Zone_A
2025-11-30 09:00:00,947.5117755581938,23.6,30,12.7,9,6,True,Zone_A
2025-11-30 10:00:00,924.5574641154496,23.5,30,12.8,10,6,True,Zone_A
2025-11-30 11:00:00,866.016332132351,22.7,31,10.4,11,6,True,Zone_A
2025-11-30 12:00:00,758.203001501712,20.5,38,5.9,12,6,True,Zone_A
2025-11-30 13:00:00,768.1849569124378,19.6,41,5.9,13,6,True,Zone_A
2025-11-30 14:00:00,751.2978991378495,18.1,46,5.4,14,6,True,Zone_A
2025-11-30 15:00:00,684.3388255190197,17.1,48,5.2,15,6,True,Zone_A
2025-11-30 16:00:00,653.5288451532092,16.4,48,5.7,16,6,True,Zone_A
2025-11-30 17:00:00,652.0174834618454,15.6,47,5.6,17,6,True,Zone_A
2025-11-30 18:00:00,597.2331149144969,15.1,49,4.7,18,6,True,Zone_A
2025-11-30 19:00:00,604.7941662607784,13.9,51,4.2,19,6,True,Zone_A
2025-11-30 20:00:00,597.0474475888208,12.9,55,4.0,20,6,True,Zone_A
2025-11-30 21:00:00,604.9663264682057,12.1,58,3.7,21,6,True,Zone_A
2025-11-30 22:00:00,670.1727594906092,11.7,61,2.7,22,6,True,Zone_A
2025-11-30 23:00:00,619.7531225100594,11.1,64,2.9,23,6,True,Zone_A
2025-12-01 00:00:00,645.6548997875989,10.6,73,1.5,0,0,False,Zone_A
2025-12-01 01:00:00,700.2366711322513,9.9,76,0.4,1,0,False,Zone_A
2025-12-01 02:00:00,704.4045515291165,9.8,77,1.4,2,0,False,Zone_A
2025-12-01 03:00:00,725.3014229570783,11.9,66,2.9,3,0,False,Zone_A
2025-12-01 04:00:00,807.5991671845388,14.9,55,1.4,4,0,False,Zone_A
2025-12-01 05:00:00,875.288347012533,17.8,45,1.8,5,0,False,Zone_A
2025-12-01 06:00:00,922.8479087867925,21.0,35,2.7,6,0,False,Zone_A
2025-12-01 07:00:00,937.843128002022,23.1,27,4.5,7,0,False,Zone_A
2025-12-01 08:00:00,954.1457856680523,24.1,24,5.5,8,0,False,Zone_A
2025-12-01 09:00:00,915.3328390417392,24.5,24,6.0,9,0,False,Zone_A
2025-12-01 10:00:00,944.0399308091618,24.1,26,6.1,10,0,False,Zone_A
2025-12-01 11:00:00,848.5612051909707,23.2,29,5.0,11,0,False,Zone_A
2025-12-01 12:00:00,791.8952999535924,20.6,41,2.7,12,0,False,Zone_A
2025-12-01 13:00:00,799.1688985581254,19.5,47,3.1,13,0,False,Zone_A
2025-12-01 14:00:00,733.8045082971566,18.8,50,1.9,14,0,False,Zone_A
2025-12-01 15:00:00,698.0566828858613,18.0,53,1.9,15,0,False,Zone_A
2025-12-01 16:00:00,715.4906775640341,17.1,56,2.4,16,0,False,Zone_A
2025-12-01 17:00:00,656.4590344826948,16.5,59,2.7,17,0,False,Zone_A
2025-12-01 18:00:00,641.0852042362479,16.1,61,2.3,18,0,False,Zone_A
2025-12-01 19:00:00,646.7394964243582,15.0,65,2.5,19,0,False,Zone_A
2025-12-01 20:00:00,617.510803543862,14.1,69,3.5,20,0,False,Zone_A
2025-12-01 21:00:00,614.0317092912,13.5,70,4.8,21,0,False,Zone_A
2025-12-01 22:00:00,694.0204726046463,13.4,69,3.1,22,0,False,Zone_A
2025-12-01 23:00:00,651.0057814338139,13.1,69,2.9,23,0,False,Zone_A
2025-12-02 00:00:00,708.4936357109982,12.9,73,2.3,0,1,False,Zone_A
2025-12-02 01:00:00,694.1879832585913,12.7,73,3.5,1,1,False,Zone_A
2025-12-02 02:00:00,757.795573769957,12.9,73,2.4,2,1,False,Zone_A
2025-12-02 03:00:00,850.3785796951574,15.1,61,2.9,3,1,False,Zone_A
2025-12-02 04:00:00,863.7256663299421,17.9,51,1.5,4,1,False,Zone_A
2025-12-02 05:00:00,909.7023065114086,20.8,42,2.0,5,1,False,Zone_A
2025-12-02 06:00:00,970.3993330938316,23.0,43,3.1,6,1,False,Zone_A
2025-12-02 07:00:00,969.2469240913856,24.5,44,2.6,7,1,False,Zone_A
2025-12-02 08:00:00,980.7193728088149,25.1,42,2.7,8,1,False,Zone_A
2025-12-02 09:00:00,930.2711289992691,25.5,40,4.0,9,1,False,Zone_A
2025-12-02 10:00:00,930.2421818736557,25.2,39,6.0,10,1,False,Zone_A
2025-12-02 11:00:00,906.2878829023749,24.2,43,8.0,11,1,False,Zone_A
2025-12-02 12:00:00,805.8005475542913,21.9,50,7.1,12,1,False,Zone_A
2025-12-02 13:00:00,778.4365062346661,20.9,50,5.5,13,1,False,Zone_A
2025-12-02 14:00:00,740.0572602430323,19.5,52,4.5,14,1,False,Zone_A
2025-12-02 15:00:00,737.0119223200417,18.5,56,4.3,15,1,False,Zone_A
2025-12-02 16:00:00,675.021344217288,18.0,56,2.4,16,1,False,Zone_A
2025-12-02 17:00:00,655.9971089554398,16.6,60,4.0,17,1,False,Zone_A
2025-12-02 18:00:00,662.2403067194172,15.8,65,3.5,18,1,False,Zone_A
2025-12-02 19:00:00,627.9154512114885,14.4,66,3.1,19,1,False,Zone_A
2025-12-02 20:00:00,568.6383953163134,13.4,66,4.8,20,1,False,Zone_A
2025-12-02 21:00:00,598.3953687251679,12.6,67,4.1,21,1,False,Zone_A
2025-12-02 22:00:00,600.3999035738843,11.8,69,3.9,22,1,False,Zone_A
2025-12-02 23:00:00,640.8049310650028,11.1,72,4.0,23,1,False,Zone_A
2025-12-03 00:00:00,694.2498835984373,10.6,78,4.0,0,2,False,Zone_A
2025-12-03 01:00:00,684.4444386357992,10.1,80,3.7,1,2,False,Zone_A
2025-12-03 02:00:00,719.1060139429273,10.1,80,4.0,2,2,False,Zone_A
2025-12-03 03:00:00,740.7655890650163,12.4,69,4.7,3,2,False,Zone_A
2025-12-03 04:00:00,782.7923829181369,15.0,58,3.4,4,2,False,Zone_A
2025-12-03 05:00:00,870.2578975259477,17.9,48,4.7,5,2,False,Zone_A
2025-12-03 06:00:00,927.6672462148981,20.3,39,7.3,6,2,False,Zone_A
2025-12-03 07:00:00,939.8631689326287,21.9,34,7.8,7,2,False,Zone_A
2025-12-03 08:00:00,914.2274184725507,22.7,30,8.4,8,2,False,Zone_A
2025-12-03 09:00:00,916.2400889649695,23.0,29,9.2,9,2,False,Zone_A
2025-12-03 10:00:00,879.1556488056389,22.5,30,9.8,10,2,False,Zone_A
2025-12-03 11:00:00,850.071569427591,21.8,33,9.3,11,2,False,Zone_A
2025-12-03 12:00:00,807.9347708068511,19.5,43,5.5,12,2,False,Zone_A
2025-12-03 13:00:00,765.158736149391,19.1,44,5.4,13,2,False,Zone_A
2025-12-03 14:00:00,745.3014445918669,18.0,48,5.5,14,2,False,Zone_A
2025-12-03 15:00:00,647.2567069656923,16.9,51,5.6,15,2,False,Zone_A
2025-12-03 16:00:00,630.0811837777318,15.9,54,5.4,16,2,False,Zone_A
2025-12-03 17:00:00,615.8823761300971,14.9,57,5.2,17,2,False,Zone_A
2025-12-03 18:00:00,602.0190690388166,13.9,64,5.4,18,2,False,Zone_A
2025-12-03 19:00:00,598.2374116906074,12.6,67,5.2,19,2,False,Zone_A
2025-12-03 20:00:00,606.3138818226721,11.7,70,5.0,20,2,False,Zone_A
2025-12-03 21:00:00,589.8294747697881,11.2,71,5.2,21,2,False,Zone_A
2025-12-03 22:00:00,622.0224761921262,10.8,72,5.3,22,2,False,Zone_A
2025-12-03 23:00:00,638.0488406250379,10.4,74,5.3,23,2,False,Zone_A
2025-12-04 00:00:00,645.940393375067,9.6,77,5.7,0,3,False,Zone_A
2025-12-04 01:00:00,653.4668680330208,9.4,77,5.8,1,3,False,Zone_A
2025-12-04 02:00:00,692.0826013338776,9.6,76,6.4,2,3,False,Zone_A
2025-12-04 03:00:00,761.2638797701575,11.3,69,8.3,3,3,False,Zone_A
2025-12-04 04:00:00,787.320288481069,13.7,59,5.7,4,3,False,Zone_A
2025-12-04 05:00:00,813.3407837190786,16.5,50,6.3,5,3,False,Zone_A
2025-12-04 06:00:00,893.3088279374689,19.2,44,8.7,6,3,False,Zone_A
2025-12-04 07:00:00,853.5277902882272,21.0,37,9.4,7,3,False,Zone_A
2025-12-04 08:00:00,950.7946766235252,21.9,33,10.3,8,3,False,Zone_A
2025-12-04 09:00:00,908.8368765918808,22.1,31,10.2,9,3,False,Zone_A
2025-12-04 10:00:00,870.7461072930531,21.8,31,10.2,10,3,False,Zone_A
2025-12-04 11:00:00,804.3872155492153,20.9,34,10.2,11,3,False,Zone_A
2025-12-04 12:00:00,769.0357915815335,18.5,45,4.7,12,3,False,Zone_A
2025-12-04 13:00:00,733.4254291573969,17.8,47,4.6,13,3,False,Zone_A
2025-12-04 14:00:00,715.4131698178345,16.7,51,4.7,14,3,False,Zone_A
2025-12-04 15:00:00,667.6126008075901,15.8,54,5.0,15,3,False,Zone_A
2025-12-04 16:00:00,640.7274054410991,14.9,56,5.0,16,3,False,Zone_A
2025-12-04 17:00:00,654.689512196135,14.1,58,4.8,17,3,False,Zone_A
2025-12-04 18:00:00,628.0911836797447,13.7,61,3.7,18,3,False,Zone_A
2025-12-04 19:00:00,608.866163548098,12.6,62,4.0,19,3,False,Zone_A
2025-12-04 20:00:00,586.1801970709588,11.9,63,4.0,20,3,False,Zone_A
2025-12-04 21:00:00,612.3082625994385,11.2,64,3.6,21,3,False,Zone_A
2025-12-04 22:00:00,617.9830687184458,10.5,67,2.6,22,3,False,Zone_A
2025-12-04 23:00:00,657.2092630001935,9.7,70,2.7,23,3,False,Zone_A
2025-12-05 00:00:00,670.8075308971335,8.8,80,3.8,0,4,False,Zone_A
2025-12-05 01:00:00,669.6111951038844,8.3,82,3.6,1,4,False,Zone_A
2025-12-05 02:00:00,674.5145713427835,8.3,83,3.8,2,4,False,Zone_A
2025-12-05 03:00:00,690.1820045166093,10.4,72,4.3,3,4,False,Zone_A
2025-12-05 04:00:00,791.9810050516144,13.4,59,2.8,4,4,False,Zone_A
2025-12-05 05:00:00,824.2228816110363,16.6,47,3.2,5,4,False,Zone_A
2025-12-05 06:00:00,881.9211915217455,19.3,38,4.2,6,4,False,Zone_A
2025-12-05 07:00:00,911.103431873626,21.0,31,4.9,7,4,False,Zone_A
2025-12-05 08:00:00,891.1091970070015,21.8,31,5.0,8,4,False,Zone_A
2025-12-05 09:00:00,919.9707429882732,22.0,32,5.4,9,4,False,Zone_A
2025-12-05 10:00:00,860.3660442078394,21.9,34,6.4,10,4,False,Zone_A
2025-12-05 11:00:00,849.543144410562,21.0,37,7.1,11,4,False,Zone_A
2025-12-05 12:00:00,792.8706932790201,19.0,47,5.2,12,4,False,Zone_A
2025-12-05 13:00:00,762.8899143519519,18.2,49,4.4,13,4,False,Zone_A
2025-12-05 14:00:00,718.5200144479445,17.1,53,4.9,14,4,False,Zone_A
2025-12-05 15:00:00,677.4167407384731,16.0,59,4.9,15,4,False,Zone_A
2025-12-05 16:00:00,616.4574934686011,15.1,61,4.9,16,4,False,Zone_A
2025-12-05 17:00:00,642.8980831108004,14.4,63,5.2,17,4,False,Zone_A
2025-12-05 18:00:00,615.0157996722103,13.7,66,5.3,18,4,False,Zone_A
2025-12-05 19:00:00,593.6774884794405,12.6,67,5.5,19,4,False,Zone_A
2025-12-05 20:00:00,595.7703347456217,12.0,68,5.5,20,4,False,Zone_A
2025-12-05 21:00:00,599.5875698954037,11.5,69,5.6,21,4,False,Zone_A
2025-12-05 22:00:00,628.6215346178658,11.0,70,5.8,22,4,False,Zone_A
2025-12-05 23:00:00,625.4216903819816,10.7,71,6.4,23,4,False,Zone_A
2025-12-06 00:00:00,671.5941262166756,10.3,76,6.8,0,5,True,Zone_A
2025-12-06 01:00:00,678.1642520943509,10.1,77,7.0,1,5,True,Zone_A
2025-12-06 02:00:00,699.7386894654186,10.4,75,8.3,2,5,True,Zone_A
2025-12-06 03:00:00,742.5263256758395,11.9,68,10.1,3,5,True,Zone_A
2025-12-06 04:00:00,824.5956662275364,14.2,58,8.0,4,5,True,Zone_A
2025-12-06 05:00:00,823.1894099531427,16.9,48,8.1,5,5,True,Zone_A
2025-12-06 06:00:00,876.3393385622492,19.9,41,9.3,6,5,True,Zone_A
2025-12-06 07:00:00,926.9720616009195,22.1,35,9.5,7,5,True,Zone_A
2025-12-06 08:00:00,955.325722517891,23.4,31,10.9,8,5,True,Zone_A
2025-12-06 09:00:00,951.3845399611993,23.8,30,11.3,9,5,True,Zone_A
2025-12-06 10:00:00,931.7791505131977,23.4,33,12.5,10,5,True,Zone_A
2025-12-06 11:00:00,836.9147213924538,22.5,35,10.2,11,5,True,Zone_A
2025-12-06 12:00:00,802.5911790988082,20.6,41,8.6,12,5,True,Zone_A
2025-12-06 13:00:00,800.4540731330089,19.6,42,9.1,13,5,True,Zone_A
2025-12-06 14:00:00,720.6442452517854,18.5,43,8.3,14,5,True,Zone_A
2025-12-06 15:00:00,694.0566303973615,17.8,45,7.6,15,5,True,Zone_A
2025-12-06 16:00:00,651.9772808896386,16.6,49,7.3,16,5,True,Zone_A
2025-12-06 17:00:00,648.8065036079032,16.0,51,7.3,17,5,True,Zone_A
2025-12-06 18:00:00,607.6449660180087,15.2,55,6.9,18,5,True,Zone_A
2025-12-06 19:00:00,644.9422210494871,14.4,58,6.6,19,5,True,Zone_A
2025-12-06 20:00:00,601.1904994599594,13.6,62,6.0,20,5,True,Zone_A
2025-12-06 21:00:00,650.2730763470141,12.9,64,6.2,21,5,True,Zone_A
2025-12-06 22:00:00,620.7921582563623,12.6,66,6.9,22,5,True,Zone_A
2025-12-06 23:00:00,648.0903622664523,12.3,68,7.5,23,5,True,Zone_A
2025-12-07 00:00:00,647.6513538206048,11.4,74,7.5,0,6,True,Zone_A
2025-12-07 01:00:00,645.5082955030025,10.7,77,6.7,1,6,True,Zone_A
2025-12-07 02:00:00,696.455066176225,10.7,77,7.5,2,6,True,Zone_A
2025-12-07 03:00:00,749.20467563748,12.1,71,9.1,3,6,True,Zone_A
2025-12-07 04:00:00,777.1114253275713,14.4,61,6.7,4,6,True,Zone_A
2025-12-07 05:00:00,883.689518073257,17.4,51,7.1,5,6,True,Zone_A
2025-12-07 06:00:00,906.7513904074426,20.4,44,7.9,6,6,True,Zone_A
2025-12-07 07:00:00,931.6818939036439,22.6,38,8.6,7,6,True,Zone_A
2025-12-07 08:00:00,941.6458269279516,23.9,34,9.1,8,6,True,Zone_A
2025-12-07 09:00:00,934.9853666982509,24.4,34,9.3,9,6,True,Zone_A
2025-12-07 10:00:00,922.2783069136901,24.0,36,9.8,10,6,True,Zone_A
2025-12-07 11:00:00,882.3460568747605,23.0,41,8.9,11,6,True,Zone_A
2025-12-07 12:00:00,775.7640641278614,20.9,49,5.8,12,6,True,Zone_A
2025-12-07 13:00:00,796.1810760691045,20.5,51,6.7,13,6,True,Zone_A
2025-12-07 14:00:00,748.7193377902252,19.5,55,7.2,14,6,True,Zone_A
2025-12-07 15:00:00,703.8296958183179,18.3,58,6.8,15,6,True,Zone_A
2025-12-07 16:00:00,683.1974608626247,17.4,60,6.1,16,6,True,Zone_A
2025-12-07 17:00:00,650.2272564604159,16.6,62,5.9,17,6,True,Zone_A
2025-12-07 18:00:00,602.2944356535362,15.8,64,6.0,18,6,True,Zone_A
2025-12-07 19:00:00,629.5852700302039,14.9,65,6.6,19,6,True,Zone_A
2025-12-07 20:00:00,647.240000512333,14.6,64,6.9,20,6,True,Zone_A
2025-12-07 21:00:00,632.6205573710887,14.1,64,6.8,21,6,True,Zone_A
2025-12-07 22:00:00,671.5563063888955,13.7,65,6.6,22,6,True,Zone_A
2025-12-07 23:00:00,687.7882406830893,13.2,67,6.7,23,6,True,Zone_A
2025-12-08 00:00:00,713.7853046409349,12.4,72,6.7,0,0,False,Zone_A
2025-12-08 01:00:00,724.2879783594898,11.7,75,6.7,1,0,False,Zone_A
2025-12-08 02:00:00,718.423832700965,11.7,75,6.9,2,0,False,Zone_A
2025-12-08 03:00:00,762.1133636247783,13.3,69,8.8,3,0,False,Zone_A
2025-12-08 04:00:00,813.5496228108371,15.6,60,6.7,4,0,False,Zone_A
2025-12-08 05:00:00,874.2817587814368,18.5,50,7.2,5,0,False,Zone_A
2025-12-08 06:00:00,898.1678955546772,21.5,43,7.9,6,0,False,Zone_A
2025-12-08 07:00:00,983.4594303482528,23.9,36,8.8,7,0,False,Zone_A
2025-12-08 08:00:00,948.3896511339456,25.1,31,9.9,8,0,False,Zone_A
2025-12-08 09:00:00,968.5792903401081,25.4,30,11.1,9,0,False,Zone_A
2025-12-08 10:00:00,907.958494075157,24.9,31,12.4,10,0,False,Zone_A
2025-12-08 11:00:00,890.4682620369472,24.0,34,10.4,11,0,False,Zone_A
2025-12-08 12:00:00,817.8768856979821,22.0,41,7.2,12,0,False,Zone_A
2025-12-08 13:00:00,818.8334621021501,20.9,47,7.9,13,0,False,Zone_A
2025-12-08 14:00:00,711.4626555209327,19.5,51,7.1,14,0,False,Zone_A
2025-12-08 15:00:00,688.0962788586952,18.5,52,7.2,15,0,False,Zone_A
2025-12-08 16:00:00,663.9089625783896,17.7,52,8.2,16,0,False,Zone_A
2025-12-08 17:00:00,631.8031643037208,16.8,52,8.2,17,0,False,Zone_A
2025-12-08 18:00:00,652.0955075731849,15.9,55,8.2,18,0,False,Zone_A
2025-12-08 19:00:00,629.2364651473756,15.0,57,8.2,19,0,False,Zone_A
2025-12-08 20:00:00,600.0272636311053,14.4,60,8.1,20,0,False,Zone_A
2025-12-08 21:00:00,649.4568562743063,13.8,63,8.5,21,0,False,Zone_A
2025-12-08 22:00:00,666.3718562853849,13.2,65,8.8,22,0,False,Zone_A
2025-12-08 23:00:00,677.7752307470822,12.9,67,8.8,23,0,False,Zone_A
2025-12-09 00:00:00,690.480718722443,12.2,71,8.8,0,1,False,Zone_A
2025-12-09 01:00:00,697.52334791377,11.8,72,8.6,1,1,False,Zone_A
2025-12-09 02:00:00,762.4596625260269,11.6,73,9.4,2,1,False,Zone_A
2025-12-09 03:00:00,757.7037232839729,12.9,68,10.9,3,1,False,Zone_A
2025-12-09 04:00:00,807.8260617165217,15.1,59,7.6,4,1,False,Zone_A
2025-12-09 05:00:00,863.40188609091,18.0,50,7.6,5,1,False,Zone_A
2025-12-09 06:00:00,926.601823225401,20.9,44,8.4,6,1,False,Zone_A
2025-12-09 07:00:00,952.9928491522091,23.0,37,10.0,7,1,False,Zone_A
2025-12-09 08:00:00,937.7776026723138,24.3,32,10.8,8,1,False,Zone_A
2025-12-09 09:00:00,937.4004072205005,24.6,31,11.0,9,1,False,Zone_A
2025-12-09 10:00:00,924.079031387875,24.2,34,11.3,10,1,False,Zone_A
2025-12-09 11:00:00,868.644754796902,23.5,36,9.9,11,1,False,Zone_A
2025-12-09 12:00:00,828.1485489997448,21.2,44,6.4,12,1,False,Zone_A
2025-12-09 13:00:00,788.5471907073236,20.5,48,6.9,13,1,False,Zone_A
2025-12-09 14:00:00,727.7214012147267,19.5,52,6.5,14,1,False,Zone_A
2025-12-09 15:00:00,680.0815101374061,18.7,53,6.7,15,1,False,Zone_A
2025-12-09 16:00:00,665.5292620399066,18.0,54,7.0,16,1,False,Zone_A
2025-12-09 17:00:00,674.864324258633,17.2,57,7.0,17,1,False,Zone_A
2025-12-09 18:00:00,632.3043298331934,16.4,59,7.6,18,1,False,Zone_A
2025-12-09 19:00:00,606.2910963652839,15.1,63,7.6,19,1,False,Zone_A
2025-12-09 20:00:00,617.87275102952,14.5,65,7.7,20,1,False,Zone_A
2025-12-09 21:00:00,629.617195246947,13.9,67,7.4,21,1,False,Zone_A
2025-12-09 22:00:00,645.349983914363,13.4,69,7.1,22,1,False,Zone_A
2025-12-09 23:00:00,687.3518405117453,12.9,71,7.3,23,1,False,Zone_A
2025-12-10 00:00:00,718.851305975097,12.3,73,6.9,0,2,False,Zone_A
2025-12-10 01:00:00,731.7125682045607,11.9,74,7.6,1,2,False,Zone_A
2025-12-10 02:00:00,754.9899639768277,11.7,75,7.7,2,2,False,Zone_A
2025-12-10 03:00:00,771.6482485345156,12.9,70,8.6,3,2,False,Zone_A
2025-12-10 04:00:00,793.655605537659,15.1,62,5.3,4,2,False,Zone_A
2025-12-10 05:00:00,853.3537479364812,17.9,51,5.1,5,2,False,Zone_A
2025-12-10 06:00:00,939.6487061506144,20.7,43,4.9,6,2,False,Zone_A
2025-12-10 07:00:00,928.052660875815,22.8,38,6.6,7,2,False,Zone_A
2025-12-10 08:00:00,923.4467867213042,23.9,35,7.1,8,2,False,Zone_A
2025-12-10 09:00:00,920.5114474462376,24.2,34,8.3,9,2,False,Zone_A
2025-12-10 10:00:00,881.9521403384902,23.9,37,9.1,10,2,False,Zone_A
2025-12-10 11:00:00,868.4246116477909,23.0,42,8.2,11,2,False,Zone_A
2025-12-10 12:00:00,787.4636667379334,20.8,53,4.9,12,2,False,Zone_A
2025-12-10 13:00:00,804.90530948654,20.5,52,5.1,13,2,False,Zone_A
2025-12-10 14:00:00,719.6406019455713,19.2,57,5.0,14,2,False,Zone_A
2025-12-10 15:00:00,735.3221270960704,18.4,60,5.0,15,2,False,Zone_A
2025-12-10 16:00:00,671.0281654138469,17.9,60,4.0,16,2,False,Zone_A
2025-12-10 17:00:00,653.5109679697135,17.1,61,4.5,17,2,False,Zone_A
2025-12-10 18:00:00,680.1744183328149,16.5,62,4.8,18,2,False,Zone_A
2025-12-10 19:00:00,629.2282298978937,14.9,65,5.6,19,2,False,Zone_A
2025-12-10 20:00:00,628.1485342114871,14.1,69,3.7,20,2,False,Zone_A
2025-12-10 21:00:00,624.7478226984499,13.2,73,3.4,21,2,False,Zone_A
2025-12-10 22:00:00,675.7290398008906,12.6,76,2.8,22,2,False,Zone_A
2025-12-10 23:00:00,670.4502985393601,11.7,80,4.5,23,2,False,Zone_A
2025-12-11 00:00:00,675.6637475632572,10.8,87,5.4,0,3,False,Zone_A
2025-12-11 01:00:00,704.0351199717143,10.5,87,5.0,1,3,False,Zone_A
2025-12-11 02:00:00,683.3892799902636,10.6,87,4.8,2,3,False,Zone_A
2025-12-11 03:00:00,775.3655224511178,12.4,77,5.8,3,3,False,Zone_A
2025-12-11 04:00:00,797.2590486004223,15.1,65,2.4,4,3,False,Zone_A
2025-12-11 05:00:00,869.3363995431772,18.1,53,3.2,5,3,False,Zone_A
2025-12-11 06:00:00,886.1053197477238,21.4,44,4.5,6,3,False,Zone_A
2025-12-11 07:00:00,958.2890760703776,23.5,37,6.6,7,3,False,Zone_A
2025-12-11 08:00:00,940.8959447312411,24.5,34,8.7,8,3,False,Zone_A
2025-12-11 09:00:00,936.9074199716894,24.8,33,10.0,9,3,False,Zone_A
2025-12-11 10:00:00,892.5962708782428,24.5,34,9.8,10,3,False,Zone_A
2025-12-11 11:00:00,844.1697031044278,23.6,38,8.5,11,3,False,Zone_A
2025-12-11 12:00:00,826.7411920506802,21.1,52,4.3,12,3,False,Zone_A
2025-12-11 13:00:00,764.3060827738484,20.4,54,4.3,13,3,False,Zone_A
2025-12-11 14:00:00,729.552646908243,19.5,57,4.2,14,3,False,Zone_A
2025-12-11 15:00:00,740.0949577689619,18.5,61,3.6,15,3,False,Zone_A
2025-12-11 16:00:00,689.9838963592467,17.7,64,2.8,16,3,False,Zone_A
2025-12-11 17:00:00,659.4037493737318,17.0,66,2.4,17,3,False,Zone_A
2025-12-11 18:00:00,684.1760195624845,16.7,68,1.4,18,3,False,Zone_A
2025-12-11 19:00:00,641.9590530260605,15.1,74,2.3,19,3,False,Zone_A
2025-12-11 20:00:00,600.5081955369313,13.9,79,3.8,20,3,False,Zone_A
2025-12-11 21:00:00,659.48781918695,12.9,82,4.4,21,3,False,Zone_A
2025-12-11 22:00:00,640.0878085024835,12.4,82,3.2,22,3,False,Zone_A
2025-12-11 23:00:00,641.1709406623597,11.6,84,2.9,23,3,False,Zone_A
2025-12-12 00:00:00,664.4862860390186,10.7,90,4.5,0,4,False,Zone_A
2025-12-12 01:00:00,664.6630823633772,10.2,90,3.1,1,4,False,Zone_A
2025-12-12 02:00:00,692.994617916689,10.1,91,3.6,2,4,False,Zone_A
2025-12-12 03:00:00,704.158217254113,12.2,81,4.3,3,4,False,Zone_A
2025-12-12 04:00:00,817.1766550243549,15.1,68,2.9,4,4,False,Zone_A
2025-12-12 05:00:00,868.9867201005297,18.2,56,2.7,5,4,False,Zone_A
2025-12-12 06:00:00,920.6258140367656,21.0,47,2.9,6,4,False,Zone_A
2025-12-12 07:00:00,940.1403574130957,23.0,38,3.1,7,4,False,Zone_A
2025-12-12 08:00:00,928.1091636992599,24.0,34,3.0,8,4,False,Zone_A
2025-12-12 09:00:00,935.2862047471709,24.5,31,3.2,9,4,False,Zone_A
2025-12-12 10:00:00,906.9414264825662,24.4,31,3.6,10,4,False,Zone_A
2025-12-12 11:00:00,866.2672996516374,23.6,35,2.7,11,4,False,Zone_A
2025-12-12 12:00:00,799.6443802555154,21.1,49,2.3,12,4,False,Zone_A
2025-12-12 13:00:00,790.7663356476505,19.9,56,3.2,13,4,False,Zone_A
2025-12-12 14:00:00,752.0923115364828,19.1,59,1.9,14,4,False,Zone_A
2025-12-12 15:00:00,730.599107256906,18.4,62,1.9,15,4,False,Zone_A
2025-12-12 16:00:00,666.1351196830395,17.6,66,2.2,16,4,False,Zone_A
2025-12-12 17:00:00,654.4336016867064,16.8,70,2.3,17,4,False,Zone_A
2025-12-12 18:00:00,648.8882089035545,16.1,74,1.7,18,4,False,Zone_A
2025-12-12 19:00:00,623.8379831044889,14.9,79,2.0,19,4,False,Zone_A
2025-12-12 20:00:00,582.777332574439,14.2,82,3.0,20,4,False,Zone_A
2025-12-12 21:00:00,606.5329555309887,13.8,83,1.4,21,4,False,Zone_A
2025-12-12 22:00:00,689.3929764698867,13.3,84,1.5,22,4,False,Zone_A
2025-12-12 23:00:00,696.2894291118774,12.9,86,1.0,23,4,False,Zone_A
2025-12-13 00:00:00,658.3299669359905,12.8,85,0.6,0,5,True,Zone_A
2025-12-13 01:00:00,710.7387383911706,12.3,87,0.2,1,5,True,Zone_A
2025-12-13 02:00:00,691.6063862042146,12.1,89,0.3,2,5,True,Zone_A
2025-12-13 03:00:00,805.6997739085634,13.4,85,3.1,3,5,True,Zone_A
2025-12-13 04:00:00,836.0239778827741,16.1,72,2.0,4,5,True,Zone_A
2025-12-13 05:00:00,904.4637214023398,19.1,59,2.6,5,5,True,Zone_A
2025-12-13 06:00:00,909.5885813385828,21.3,52,3.3,6,5,True,Zone_A
2025-12-13 07:00:00,957.1206571890783,23.1,43,2.3,7,5,True,Zone_A
2025-12-13 08:00:00,953.8576633451229,24.2,38,0.9,8,5,True,Zone_A
2025-12-13 09:00:00,956.7550637767205,24.6,36,0.8,9,5,True,Zone_A
2025-12-13 10:00:00,909.6167697477483,24.5,36,1.9,10,5,True,Zone_A
2025-12-13 11:00:00,862.0611103727396,23.8,39,3.7,11,5,True,Zone_A
2025-12-13 12:00:00,813.9494080930933,21.2,53,3.3,12,5,True,Zone_A
2025-12-13 13:00:00,773.8112776653178,20.2,57,3.4,13,5,True,Zone_A
2025-12-13 14:00:00,725.902177414308,19.4,62,2.2,14,5,True,Zone_A
2025-12-13 15:00:00,695.1742964281598,18.5,67,2.2,15,5,True,Zone_A
2025-12-13 16:00:00,717.9885216544261,17.7,71,2.4,16,5,True,Zone_A
2025-12-13 17:00:00,660.8413092341199,16.8,76,2.9,17,5,True,Zone_A
2025-12-13 18:00:00,627.2471936008299,16.1,79,3.0,18,5,True,Zone_A
2025-12-13 19:00:00,622.9719801772643,15.2,83,2.5,19,5,True,Zone_A
2025-12-13 20:00:00,585.374353494095,14.6,86,2.3,20,5,True,Zone_A
2025-12-13 21:00:00,627.913587311616,14.0,87,1.6,21,5,True,Zone_A
2025-12-13 22:00:00,649.226186019657,13.4,89,1.3,22,5,True,Zone_A
2025-12-13 23:00:00,665.562317228218,13.1,91,0.8,23,5,True,Zone_A
2025-12-14 00:00:00,683.9029899838816,12.1,92,2.5,0,6,True,Zone_A
2025-12-14 01:00:00,706.4625946753216,11.6,92,3.2,1,6,True,Zone_A
2025-12-14 02:00:00,706.9314556370862,11.6,93,2.8,2,6,True,Zone_A
2025-12-14 03:00:00,763.1259704790175,13.7,85,3.5,3,6,True,Zone_A
2025-12-14 04:00:00,872.1950338724641,16.9,71,1.3,4,6,True,Zone_A
2025-12-14 05:00:00,888.6014129403623,19.7,60,0.9,5,6,True,Zone_A
2025-12-14 06:00:00,907.0407250709636,21.3,53,1.5,6,6,True,Zone_A
2025-12-14 07:00:00,947.4951854916828,23.0,46,0.3,7,6,True,Zone_A
2025-12-14 08:00:00,980.7087993805865,23.9,41,1.0,8,6,True,Zone_A
2025-12-14 09:00:00,911.8146615771826,24.3,38,1.5,9,6,True,Zone_A
2025-12-14 10:00:00,940.9030397272721,24.3,38,2.4,10,6,True,Zone_A
2025-12-14 11:00:00,867.5232090970026,23.4,43,2.3,11,6,True,Zone_A
2025-12-14 12:00:00,779.1466179954174,21.2,56,2.1,12,6,True,Zone_A
2025-12-14 13:00:00,774.6952548982806,20.1,59,3.1,13,6,True,Zone_A
2025-12-14 14:00:00,768.5599417979087,19.1,66,2.7,14,6,True,Zone_A
2025-12-14 15:00:00,703.7658969660707,18.6,68,1.7,15,6,True,Zone_A
2025-12-14 16:00:00,683.474472236355,18.1,70,0.6,16,6,True,Zone_A
2025-12-14 17:00:00,668.7091965178712,17.5,72,0.4,17,6,True,Zone_A
2025-12-14 18:00:00,684.1945076169918,16.8,75,0.4,18,6,True,Zone_A
2025-12-14 19:00:00,649.6698848891724,15.6,80,0.9,19,6,True,Zone_A
2025-12-14 20:00:00,654.3476307403397,14.4,85,2.9,20,6,True,Zone_A
2025-12-14 21:00:00,621.7749807808676,12.8,94,4.7,21,6,True,Zone_A
2025-12-14 22:00:00,638.9673747634753,12.1,99,4.3,22,6,True,Zone_A
2025-12-14 23:00:00,662.2539305010282,11.6,100,3.8,23,6,True,Zone_A
2025-12-15 00:00:00,674.2860105880877,11.2,95,4.5,0,0,False,Zone_A
2025-12-15 01:00:00,657.5105121771364,10.6,96,4.7,1,0,False,Zone_A
2025-12-15 02:00:00,687.3274453486763,10.3,99,4.1,2,0,False,Zone_A
2025-12-15 03:00:00,746.1968425642738,11.3,97,5.7,3,0,False,Zone_A
2025-12-15 04:00:00,778.7983500822988,13.1,89,4.8,4,0,False,Zone_A
2025-12-15 05:00:00,845.566255386401,16.0,77,3.9,5,0,False,Zone_A
2025-12-15 06:00:00,880.8098609937338,19.5,64,5.2,6,0,False,Zone_A
2025-12-15 07:00:00,952.6363778106294,21.6,53,5.9,7,0,False,Zone_A
2025-12-15 08:00:00,938.5459205615183,22.9,48,6.5,8,0,False,Zone_A
2025-12-15 09:00:00,927.3684043861933,23.4,47,7.4,9,0,False,Zone_A
2025-12-15 10:00:00,896.838994984947,23.4,46,7.3,10,0,False,Zone_A
2025-12-15 11:00:00,862.4288984886618,22.5,47,6.1,11,0,False,Zone_A
2025-12-15 12:00:00,821.3393852986478,20.1,58,4.3,12,0,False,Zone_A
2025-12-15 13:00:00,771.3812274368814,19.2,60,4.6,13,0,False,Zone_A
2025-12-15 14:00:00,693.6870821396368,18.1,65,4.7,14,0,False,Zone_A
2025-12-15 15:00:00,704.2892407593922,17.2,68,5.0,15,0,False,Zone_A
2025-12-15 16:00:00,654.0846595994325,16.5,69,5.4,16,0,False,Zone_A
2025-12-15 17:00:00,620.2625721472498,16.0,69,6.2,17,0,False,Zone_A
2025-12-15 18:00:00,610.4547260011994,15.1,71,6.3,18,0,False,Zone_A
2025-12-15 19:00:00,618.0459290310921,14.1,74,6.3,19,0,False,Zone_A
2025-12-15 20:00:00,567.0918273503553,13.4,77,6.4,20,0,False,Zone_A
2025-12-15 21:00:00,610.6298866551238,12.9,81,6.5,21,0,False,Zone_A
2025-12-15 22:00:00,660.7402862237047,12.5,84,6.8,22,0,False,Zone_A
2025-12-15 23:00:00,661.1454735530829,12.2,86,7.2,23,0,False,Zone_A
2025-12-16 00:00:00,680.6049723959807,11.9,89,7.7,0,1,False,Zone_A
2025-12-16 01:00:00,714.7998695103443,11.6,89,7.5,1,1,False,Zone_A
2025-12-16 02:00:00,740.6212425877213,11.6,90,8.3,2,1,False,Zone_A
2025-12-16 03:00:00,782.6638735899761,12.9,83,10.2,3,1,False,Zone_A
2025-12-16 04:00:00,809.7816009773979,15.1,73,8.3,4,1,False,Zone_A
2025-12-16 05:00:00,879.4884735657591,17.7,63,9.0,5,1,False,Zone_A
2025-12-16 06:00:00,933.479556411694,20.0,56,10.0,6,1,False,Zone_A
2025-12-16 07:00:00,899.0746573565709,22.0,48,10.8,7,1,False,Zone_A
2025-12-16 08:00:00,906.1315874575959,23.1,44,10.9,8,1,False,Zone_A
2025-12-16 09:00:00,868.8910194257279,23.5,44,10.8,9,1,False,Zone_A
2025-12-16 10:00:00,932.5618360949343,23.2,46,11.2,10,1,False,Zone_A
2025-12-16 11:00:00,838.4835821672626,22.5,50,10.8,11,1,False,Zone_A
2025-12-16 12:00:00,828.7535685299828,20.9,57,6.9,12,1,False,Zone_A
2025-12-16 13:00:00,758.3409081235536,19.8,63,6.7,13,1,False,Zone_A
2025-12-16 14:00:00,717.7275195094553,18.9,67,6.9,14,1,False,Zone_A
2025-12-16 15:00:00,717.7312115799343,18.1,69,7.3,15,1,False,Zone_A
2025-12-16 16:00:00,660.3314419751571,17.4,72,7.3,16,1,False,Zone_A
2025-12-16 17:00:00,643.6584329910031,16.5,75,7.0,17,1,False,Zone_A
2025-12-16 18:00:00,647.1560055044577,15.1,81,5.6,18,1,False,Zone_A
2025-12-16 19:00:00,635.6674026244783,14.4,83,6.2,19,1,False,Zone_A
2025-12-16 20:00:00,585.4426676984261,13.8,85,5.9,20,1,False,Zone_A
2025-12-16 21:00:00,636.0230868351601,13.4,86,6.4,21,1,False,Zone_A
2025-12-16 22:00:00,634.4319572654261,13.1,87,6.8,22,1,False,Zone_A
2025-12-16 23:00:00,660.8126656065604,12.7,87,7.4,23,1,False,Zone_A
2025-12-17 00:00:00,681.7395980004154,11.6,89,7.5,0,2,False,Zone_A
2025-12-17 01:00:00,681.0594070558019,11.4,90,7.3,1,2,False,Zone_A
2025-12-17 02:00:00,720.684562931079,11.4,89,7.4,2,2,False,Zone_A
2025-12-17 03:00:00,788.0711517826944,12.9,81,9.3,3,2,False,Zone_A
2025-12-17 04:00:00,787.5353940692877,15.2,71,7.6,4,2,False,Zone_A
2025-12-17 05:00:00,871.5200978786004,17.8,61,7.9,5,2,False,Zone_A
2025-12-17 06:00:00,911.6238709043413,19.9,57,8.0,6,2,False,Zone_A
2025-12-17 07:00:00,888.9488556343929,21.9,51,8.3,7,2,False,Zone_A
2025-12-17 08:00:00,911.8703431828726,23.2,47,8.4,8,2,False,Zone_A
2025-12-17 09:00:00,968.337178632691,23.9,45,8.2,9,2,False,Zone_A
2025-12-17 10:00:00,879.8972336168148,23.8,45,8.0,10,2,False,Zone_A
2025-12-17 11:00:00,889.1125682557054,23.0,49,7.3,11,2,False,Zone_A
2025-12-17 12:00:00,824.0996750964539,20.4,62,5.4,12,2,False,Zone_A
2025-12-17 13:00:00,771.1039482424262,19.6,64,5.8,13,2,False,Zone_A
2025-12-17 14:00:00,772.4576207310046,18.8,67,6.0,14,2,False,Zone_A
2025-12-17 15:00:00,709.6969608019879,17.8,69,5.6,15,2,False,Zone_A
2025-12-17 16:00:00,667.3220742813523,16.8,72,5.4,16,2,False,Zone_A
2025-12-17 17:00:00,660.5122076718939,15.8,75,5.0,17,2,False,Zone_A
2025-12-17 18:00:00,619.4780763204957,14.8,80,4.5,18,2,False,Zone_A
2025-12-17 19:00:00,621.3458033167116,13.9,83,4.5,19,2,False,Zone_A
2025-12-17 20:00:00,620.6500319566834,13.1,87,4.1,20,2,False,Zone_A
2025-12-17 21:00:00,621.7926918157913,12.7,87,3.0,21,2,False,Zone_A
2025-12-17 22:00:00,589.7632407510612,12.4,88,3.1,22,2,False,Zone_A
2025-12-17 23:00:00,635.6342798821718,11.9,89,3.4,23,2,False,Zone_A
2025-12-18 00:00:00,674.0750651328934,11.3,94,5.1,0,3,False,Zone_A
2025-12-18 01:00:00,703.098619367667,11.2,94,4.7,1,3,False,Zone_A
2025-12-18 02:00:00,692.2177146419459,11.1,95,4.5,2,3,False,Zone_A
2025-12-18 03:00:00,806.999634983907,12.8,89,5.2,3,3,False,Zone_A
2025-12-18 04:00:00,844.1159138471485,15.1,78,3.8,4,3,False,Zone_A
2025-12-18 05:00:00,831.2171140704672,17.6,68,3.8,5,3,False,Zone_A
2025-12-18 06:00:00,914.3066849054967,19.2,61,4.6,6,3,False,Zone_A
2025-12-18 07:00:00,914.7450517054649,21.0,52,4.8,7,3,False,Zone_A
2025-12-18 08:00:00,937.2669316182369,22.1,48,5.5,8,3,False,Zone_A
2025-12-18 09:00:00,912.9640134224184,22.6,47,6.5,9,3,False,Zone_A
2025-12-18 10:00:00,833.2621553519988,22.4,49,7.5,10,3,False,Zone_A
2025-12-18 11:00:00,882.4352943048658,21.5,53,7.4,11,3,False,Zone_A
2025-12-18 12:00:00,786.6020147087786,19.0,66,4.6,12,3,False,Zone_A
2025-12-18 13:00:00,755.5096246645763,18.0,71,4.2,13,3,False,Zone_A
2025-12-18 14:00:00,741.9590960817941,17.2,76,4.2,14,3,False,Zone_A
2025-12-18 15:00:00,688.1364056273039,16.5,80,4.1,15,3,False,Zone_A
2025-12-18 16:00:00,670.5737491693394,15.8,84,4.0,16,3,False,Zone_A
2025-12-18 17:00:00,626.6646199411481,15.2,86,2.7,17,3,False,Zone_A
2025-12-18 18:00:00,642.7452483962636,14.6,89,3.4,18,3,False,Zone_A
2025-12-18 19:00:00,618.6036392437746,13.7,92,3.7,19,3,False,Zone_A
2025-12-18 20:00:00,622.7980133157384,13.1,94,3.4,20,3,False,Zone_A
2025-12-18 21:00:00,659.216218451082,12.6,96,4.9,21,3,False,Zone_A
2025-12-18 22:00:00,631.7879698732295,12.2,96,4.8,22,3,False,Zone_A
2025-12-18 23:00:00,668.4480791312352,11.9,97,4.8,23,3,False,Zone_A
2025-12-19 00:00:00,691.3307804499563,11.4,97,5.3,0,4,False,Zone_A
2025-12-19 01:00:00,655.1648174178805,11.1,97,5.1,1,4,False,Zone_A
2025-12-19 02:00:00,717.0737116640812,10.4,99,4.6,2,4,False,Zone_A
2025-12-19 03:00:00,752.189844863369,11.9,96,5.8,3,4,False,Zone_A
2025-12-19 04:00:00,790.9609024162858,13.6,91,4.2,4,4,False,Zone_A
2025-12-19 05:00:00,866.2821809788167,16.1,78,3.2,5,4,False,Zone_A
2025-12-19 06:00:00,851.4149731033484,17.9,67,5.1,6,4,False,Zone_A
2025-12-19 07:00:00,887.7118207447621,19.9,55,6.3,7,4,False,Zone_A
2025-12-19 08:00:00,900.2152319434522,21.2,48,6.9,8,4,False,Zone_A
2025-12-19 09:00:00,898.3856474763908,21.9,44,6.5,9,4,False,Zone_A
2025-12-19 10:00:00,846.7522097989371,22.0,44,6.5,10,4,False,Zone_A
2025-12-19 11:00:00,827.8521846270177,21.0,49,6.4,11,4,False,Zone_A
2025-12-19 12:00:00,766.6747736848055,18.5,66,4.6,12,4,False,Zone_A
2025-12-19 13:00:00,720.4248290768677,17.5,70,4.7,13,4,False,Zone_A
2025-12-19 14:00:00,726.1585908536645,16.5,75,4.7,14,4,False,Zone_A
2025-12-19 15:00:00,675.0324350672013,15.6,79,4.6,15,4,False,Zone_A
2025-12-19 16:00:00,654.782716676042,14.9,81,4.5,16,4,False,Zone_A
2025-12-19 17:00:00,620.0768744949821,14.2,82,3.3,17,4,False,Zone_A
2025-12-19 18:00:00,615.0461277080831,13.6,85,4.2,18,4,False,Zone_A
2025-12-19 19:00:00,601.9554475606978,12.6,86,3.7,19,4,False,Zone_A
2025-12-19 20:00:00,555.8076625056757,11.8,89,4.7,20,4,False,Zone_A
2025-12-19 21:00:00,615.5175062310618,11.4,90,3.4,21,4,False,Zone_A
2025-12-19 22:00:00,595.3441983907945,10.9,91,3.4,22,4,False,Zone_A
2025-12-19 23:00:00,636.609250793141,10.2,93,4.1,23,4,False,Zone_A
2025-12-20 00:00:00,638.5655570027168,9.5,99,3.7,0,5,True,Zone_A
2025-12-20 01:00:00,643.122352457612,9.4,100,2.6,1,5,True,Zone_A
2025-12-20 02:00:00,696.9200871010918,9.3,99,2.7,2,5,True,Zone_A
2025-12-20 03:00:00,737.7029347788257,10.2,95,1.9,3,5,True,Zone_A
2025-12-20 04:00:00,758.2180524930438,12.8,87,0.9,4,5,True,Zone_A
2025-12-20 05:00:00,847.0245674561826,15.9,73,1.5,5,5,True,Zone_A
2025-12-20 06:00:00,868.1506181891389,18.2,62,2.8,6,5,True,Zone_A
2025-12-20 07:00:00,858.0513195567785,20.2,54,2.1,7,5,True,Zone_A
2025-12-20 08:00:00,881.960280048677,21.2,49,1.1,8,5,True,Zone_A
2025-12-20 09:00:00,871.6544620193117,21.9,46,0.0,9,5,True,Zone_A
2025-12-20 10:00:00,899.0825406308442,22.0,45,0.4,10,5,True,Zone_A
2025-12-20 11:00:00,835.265026694138,21.5,47,1.6,11,5,True,Zone_A
2025-12-20 12:00:00,800.6655431429728,18.9,61,1.5,12,5,True,Zone_A
2025-12-20 13:00:00,754.4015898811591,17.5,64,4.7,13,5,True,Zone_A
2025-12-20 14:00:00,679.8062821714944,16.5,74,5.4,14,5,True,Zone_A
2025-12-20 15:00:00,677.9668639400813,15.4,82,5.2,15,5,True,Zone_A
2025-12-20 16:00:00,594.66155459471,14.6,86,5.7,16,5,True,Zone_A
2025-12-20 17:00:00,601.990009644802,13.6,90,6.3,17,5,True,Zone_A
2025-12-20 18:00:00,586.9754474341249,12.8,93,5.7,18,5,True,Zone_A
2025-12-20 19:00:00,568.9777435705744,12.2,95,4.4,19,5,True,Zone_A
2025-12-20 20:00:00,587.9994020748743,11.9,95,4.2,20,5,True,Zone_A
2025-12-20 21:00:00,631.154973558288,11.5,96,3.9,21,5,True,Zone_A
2025-12-20 22:00:00,613.7504634266363,11.2,96,4.0,22,5,True,Zone_A
2025-12-20 23:00:00,619.0846828364429,10.9,97,4.1,23,5,True,Zone_A
2025-12-21 00:00:00,689.7798806149383,10.7,98,4.0,0,6,True,Zone_A
2025-12-21 01:00:00,685.6060591616853,10.9,99,4.1,1,6,True,Zone_A
2025-12-21 02:00:00,724.1009143797112,11.1,98,5.5,2,6,True,Zone_A
2025-12-21 03:00:00,740.2919540941482,11.5,97,5.1,3,6,True,Zone_A
2025-12-21 04:00:00,771.5891315452416,13.1,89,5.2,4,6,True,Zone_A
2025-12-21 05:00:00,802.2750338850735,15.1,79,4.7,5,6,True,Zone_A
2025-12-21 06:00:00,854.2510921960937,16.5,72,3.1,6,6,True,Zone_A
2025-12-21 07:00:00,894.5592311469685,18.5,62,3.1,7,6,True,Zone_A
2025-12-21 08:00:00,910.132602169829,19.9,55,3.1,8,6,True,Zone_A
2025-12-21 09:00:00,871.9239489126899,20.5,53,3.1,9,6,True,Zone_A
2025-12-21 10:00:00,863.6607635167591,20.7,52,3.4,10,6,True,Zone_A
2025-12-21 11:00:00,839.5011325785593,20.2,55,3.8,11,6,True,Zone_A
2025-12-21 12:00:00,757.7320087102396,17.5,70,2.3,12,6,True,Zone_A
2025-12-21 13:00:00,695.3897033779538,16.8,72,2.6,13,6,True,Zone_A
2025-12-21 14:00:00,690.2582744852564,16.1,77,2.6,14,6,True,Zone_A
2025-12-21 15:00:00,649.1507740628147,15.5,80,2.5,15,6,True,Zone_A
2025-12-21 16:00:00,670.962052103659,15.1,83,1.8,16,6,True,Zone_A
2025-12-21 17:00:00,597.277526997138,14.4,86,2.7,17,6,True,Zone_A
2025-12-21 18:00:00,606.3309410424348,13.7,90,4.2,18,6,True,Zone_A
2025-12-21 19:00:00,606.0099075511312,13.1,92,4.1,19,6,True,Zone_A
2025-12-21 20:00:00,615.7449127228805,12.6,94,3.7,20,6,True,Zone_A
2025-12-21 21:00:00,598.217211431169,12.4,95,2.7,21,6,True,Zone_A
2025-12-21 22:00:00,634.3643223437172,11.9,97,2.3,22,6,True,Zone_A
2025-12-21 23:00:00,675.2738961880127,11.6,99,2.1,23,6,True,Zone_A
2025-12-22 00:00:00,696.2981806032751,11.9,99,3.9,0,0,False,Zone_A
2025-12-22 01:00:00,705.4298468810096,12.1,99,4.1,1,0,False,Zone_A
2025-12-22 02:00:00,691.1825888864932,12.1,98,3.7,2,0,False,Zone_A
2025-12-22 03:00:00,754.2973036054019,12.2,98,3.6,3,0,False,Zone_A
2025-12-22 04:00:00,804.5327612612385,12.9,95,4.3,4,0,False,Zone_A
2025-12-22 05:00:00,788.9204618338347,15.1,82,2.7,5,0,False,Zone_A
2025-12-22 06:00:00,813.7259166582289,16.0,77,0.3,6,0,False,Zone_A
2025-12-22 07:00:00,859.1592620873768,18.5,66,1.3,7,0,False,Zone_A
2025-12-22 08:00:00,890.1886977669142,20.2,58,2.3,8,0,False,Zone_A
2025-12-22 09:00:00,918.0855221332491,21.3,53,3.0,9,0,False,Zone_A
2025-12-22 10:00:00,884.1035357955002,21.6,52,2.8,10,0,False,Zone_A
2025-12-22 11:00:00,862.7409988363638,21.1,54,2.9,11,0,False,Zone_A
2025-12-22 12:00:00,812.6853174283102,19.5,65,0.5,12,0,False,Zone_A
2025-12-22 13:00:00,771.1116761447659,18.5,68,0.9,13,0,False,Zone_A
2025-12-22 14:00:00,708.6460590389528,17.5,73,1.9,14,0,False,Zone_A
2025-12-22 15:00:00,666.6039395920607,16.6,79,2.6,15,0,False,Zone_A
2025-12-22 16:00:00,658.9477673641874,15.9,83,2.3,16,0,False,Zone_A
2025-12-22 17:00:00,620.8673033695161,15.3,86,1.9,17,0,False,Zone_A
2025-12-22 18:00:00,629.2015579107294,14.5,90,2.6,18,0,False,Zone_A
2025-12-22 19:00:00,609.8351042969535,13.2,96,2.5,19,0,False,Zone_A
2025-12-22 20:00:00,591.9334097145878,12.5,99,4.0,20,0,False,Zone_A
2025-12-22 21:00:00,626.7880691635371,12.6,100,3.6,21,0,False,Zone_A
2025-12-22 22:00:00,603.0651548770643,12.2,100,4.8,22,0,False,Zone_A
2025-12-22 23:00:00,674.6938575805364,12.1,99,6.4,23,0,False,Zone_A
2025-12-23 00:00:00,665.568692129773,11.5,98,7.5,0,1,False,Zone_A
2025-12-23 01:00:00,704.1053483801923,11.6,97,7.1,1,1,False,Zone_A
2025-12-23 02:00:00,751.2569286356282,11.9,97,7.8,2,1,False,Zone_A
2025-12-23 03:00:00,741.7062809023797,12.6,97,7.8,3,1,False,Zone_A
2025-12-23 04:00:00,811.6955091686848,13.9,92,6.3,4,1,False,Zone_A
2025-12-23 05:00:00,843.8002906352642,16.8,77,5.6,5,1,False,Zone_A
2025-12-23 06:00:00,853.8136582306674,19.0,68,6.4,6,1,False,Zone_A
2025-12-23 07:00:00,912.3223330655501,21.0,62,6.6,7,1,False,Zone_A
2025-12-23 08:00:00,913.9147289003865,22.5,56,7.7,8,1,False,Zone_A
2025-12-23 09:00:00,945.2113202529584,23.1,53,9.0,9,1,False,Zone_A
2025-12-23 10:00:00,877.9735858679906,23.0,55,9.5,10,1,False,Zone_A
2025-12-23 11:00:00,860.49702739929,22.1,59,8.7,11,1,False,Zone_A
2025-12-23 12:00:00,807.5865125848915,21.0,61,7.3,12,1,False,Zone_A
2025-12-23 13:00:00,789.9449413538573,19.7,69,7.3,13,1,False,Zone_A
2025-12-23 14:00:00,726.7430824992529,18.6,73,8.2,14,1,False,Zone_A
2025-12-23 15:00:00,685.0843587230543,17.6,75,8.5,15,1,False,Zone_A
2025-12-23 16:00:00,657.7710231962903,16.8,78,8.4,16,1,False,Zone_A
2025-12-23 17:00:00,632.1495245713688,16.0,81,8.6,17,1,False,Zone_A
2025-12-23 18:00:00,631.139074025252,15.3,84,9.5,18,1,False,Zone_A
2025-12-23 19:00:00,603.8498883068239,14.6,87,9.0,19,1,False,Zone_A
2025-12-23 20:00:00,651.7991741619917,14.1,88,8.9,20,1,False,Zone_A
2025-12-23 21:00:00,649.4135651493398,13.8,89,8.9,21,1,False,Zone_A
2025-12-23 22:00:00,640.2284504220193,13.4,90,8.4,22,1,False,Zone_A
2025-12-23 23:00:00,713.6413319399368,12.9,91,7.9,23,1,False,Zone_A
2025-12-24 00:00:00,667.7482310476192,12.5,91,8.7,0,2,False,Zone_A
2025-12-24 01:00:00,712.9895575743458,11.9,90,8.7,1,2,False,Zone_A
2025-12-24 02:00:00,737.6317495816058,11.6,90,8.7,2,2,False,Zone_A
2025-12-24 03:00:00,712.8110432605293,12.7,84,8.5,3,2,False,Zone_A
2025-12-24 04:00:00,787.3169296170931,14.7,74,7.9,4,2,False,Zone_A
2025-12-24 05:00:00,863.7952251646964,16.9,64,8.1,5,2,False,Zone_A
2025-12-24 06:00:00,883.9177801638597,19.1,58,9.6,6,2,False,Zone_A
2025-12-24 07:00:00,911.4938921169947,20.7,43,11.4,7,2,False,Zone_A
2025-12-24 08:00:00,903.4697237309026,21.3,39,11.3,8,2,False,Zone_A
2025-12-24 09:00:00,877.0467585804954,21.4,39,11.3,9,2,False,Zone_A
2025-12-24 10:00:00,819.3259446379774,21.0,40,11.2,10,2,False,Zone_A
2025-12-24 11:00:00,804.5638093696837,20.2,42,11.1,11,2,False,Zone_A
2025-12-24 12:00:00,809.2148941431568,19.1,48,7.2,12,2,False,Zone_A
2025-12-24 13:00:00,767.0395683161505,18.0,54,5.1,13,2,False,Zone_A
2025-12-24 14:00:00,685.9520722382535,16.6,62,4.1,14,2,False,Zone_A
2025-12-24 15:00:00,672.0451092774126,15.8,65,4.5,15,2,False,Zone_A
2025-12-24 16:00:00,651.2050774089795,14.9,67,4.7,16,2,False,Zone_A
2025-12-24 17:00:00,602.8367517097942,14.1,69,4.9,17,2,False,Zone_A
2025-12-24 18:00:00,595.5984772032365,13.4,74,4.6,18,2,False,Zone_A
2025-12-24 19:00:00,585.8609912735004,12.4,76,4.9,19,2,False,Zone_A
2025-12-24 20:00:00,584.0148207361304,11.8,76,5.1,20,2,False,Zone_A
2025-12-24 21:00:00,594.1349045355183,11.2,78,5.1,21,2,False,Zone_A
2025-12-24 22:00:00,590.9172119398839,10.5,80,4.9,22,2,False,Zone_A
2025-12-24 23:00:00,650.504163266706,10.1,80,5.2,23,2,False,Zone_A
2025-12-25 00:00:00,686.171241906758,9.6,84,5.9,0,3,False,Zone_A
2025-12-25 01:00:00,653.8942195488271,9.4,84,5.6,1,3,False,Zone_A
2025-12-25 02:00:00,635.5307724620295,9.2,82,5.8,2,3,False,Zone_A
2025-12-25 03:00:00,725.3859588603659,10.6,74,6.7,3,3,False,Zone_A
2025-12-25 04:00:00,795.4428739379726,13.1,62,3.5,4,3,False,Zone_A
2025-12-25 05:00:00,825.0650204583009,15.9,51,3.4,5,3,False,Zone_A
2025-12-25 06:00:00,901.8824528248929,18.5,43,4.3,6,3,False,Zone_A
2025-12-25 07:00:00,901.0856906839632,20.2,38,5.0,7,3,False,Zone_A
2025-12-25 08:00:00,883.7496115820724,21.1,35,5.8,8,3,False,Zone_A
2025-12-25 09:00:00,903.9768631686921,21.5,34,6.0,9,3,False,Zone_A
2025-12-25 10:00:00,882.4726632347831,21.3,35,6.5,10,3,False,Zone_A
2025-12-25 11:00:00,844.015066371412,20.5,37,6.4,11,3,False,Zone_A
2025-12-25 12:00:00,793.07002613007,17.8,58,3.7,12,3,False,Zone_A
2025-12-25 13:00:00,726.5910579534703,17.0,61,3.1,13,3,False,Zone_A
2025-12-25 14:00:00,675.0818732516242,16.5,63,2.7,14,3,False,Zone_A
2025-12-25 15:00:00,681.915157680651,15.8,65,2.5,15,3,False,Zone_A
2025-12-25 16:00:00,644.8144012125034,15.1,68,2.2,16,3,False,Zone_A
2025-12-25 17:00:00,571.6463564225049,14.6,70,1.5,17,3,False,Zone_A
2025-12-25 18:00:00,575.6196768490285,13.5,75,1.5,18,3,False,Zone_A
2025-12-25 19:00:00,578.8311201170637,13.0,76,0.7,19,3,False,Zone_A
2025-12-25 20:00:00,567.8081501721413,12.6,78,0.6,20,3,False,Zone_A
2025-12-25 21:00:00,595.9578948308856,11.7,82,1.0,21,3,False,Zone_A
2025-12-25 22:00:00,623.7975883591483,10.9,86,1.8,22,3,False,Zone_A
2025-12-25 23:00:00,631.859380225348,10.4,87,2.9,23,3,False,Zone_A
2025-12-26 00:00:00,661.3904293063184,10.1,89,3.9,0,4,False,Zone_A
2025-12-26 01:00:00,657.5573235501304,9.9,89,3.3,1,4,False,Zone_A
2025-12-26 02:00:00,691.0131150549706,9.9,88,2.0,2,4,False,Zone_A
2025-12-26 03:00:00,769.5492245554238,11.1,82,2.1,3,4,False,Zone_A
2025-12-26 04:00:00,753.3335578103297,13.3,74,1.5,4,4,False,Zone_A
2025-12-26 05:00:00,852.8611983286881,15.8,64,2.3,5,4,False,Zone_A
2025-12-26 06:00:00,861.5163929297242,18.0,55,5.2,6,4,False,Zone_A
2025-12-26 07:00:00,887.1731669635825,19.6,46,6.8,7,4,False,Zone_A
2025-12-26 08:00:00,911.2228870444987,20.6,41,7.4,8,4,False,Zone_A
2025-12-26 09:00:00,916.4920715290611,20.9,41,8.2,9,4,False,Zone_A
2025-12-26 10:00:00,852.6847066076347,20.6,43,8.0,10,4,False,Zone_A
2025-12-26 11:00:00,806.3792527740821,19.8,49,7.2,11,4,False,Zone_A
2025-12-26 12:00:00,735.9730511625736,17.8,64,4.1,12,4,False,Zone_A
2025-12-26 13:00:00,745.3714584585143,17.4,67,2.9,13,4,False,Zone_A
2025-12-26 14:00:00,709.2346117140859,16.6,69,2.8,14,4,False,Zone_A
2025-12-26 15:00:00,689.9833389100559,15.9,72,3.1,15,4,False,Zone_A
2025-12-26 16:00:00,617.1096244282991,15.1,75,3.4,16,4,False,Zone_A
2025-12-26 17:00:00,630.104977444609,14.3,78,3.3,17,4,False,Zone_A
2025-12-26 18:00:00,566.4417238075787,13.6,83,3.9,18,4,False,Zone_A
2025-12-26 19:00:00,596.2226576175033,12.4,86,3.6,19,4,False,Zone_A
2025-12-26 20:00:00,612.1464524022882,11.9,88,3.2,20,4,False,Zone_A
2025-12-26 21:00:00,570.38715486195,11.4,91,3.7,21,4,False,Zone_A
2025-12-26 22:00:00,626.1452049972871,10.9,93,3.9,22,4,False,Zone_A
2025-12-26 23:00:00,632.626778677967,10.1,95,4.5,23,4,False,Zone_A
2025-12-27 00:00:00,634.7226597540548,9.6,98,4.0,0,5,True,Zone_A
2025-12-27 01:00:00,649.7416413984176,9.3,98,4.3,1,5,True,Zone_A
2025-12-27 02:00:00,698.0615849296607,9.4,98,4.0,2,5,True,Zone_A
2025-12-27 03:00:00,726.8909189245772,10.9,92,4.9,3,5,True,Zone_A
2025-12-27 04:00:00,791.7477904749627,12.8,84,3.6,4,5,True,Zone_A
2025-12-27 05:00:00,796.8703074680413,15.2,73,3.9,5,5,True,Zone_A
2025-12-27 06:00:00,887.3068093522534,17.2,66,4.5,6,5,True,Zone_A
2025-12-27 07:00:00,882.4664058214482,19.0,58,5.5,7,5,True,Zone_A
2025-12-27 08:00:00,924.4013561397877,20.0,54,5.9,8,5,True,Zone_A
2025-12-27 09:00:00,898.9241067681837,20.5,51,6.4,9,5,True,Zone_A
2025-12-27 10:00:00,844.6535921658691,20.4,51,7.1,10,5,True,Zone_A
2025-12-27 11:00:00,812.0697930052876,19.8,55,6.9,11,5,True,Zone_A
2025-12-27 12:00:00,769.428305675098,18.3,66,3.0,12,5,True,Zone_A
2025-12-27 13:00:00,730.159324230085,17.8,68,2.3,13,5,True,Zone_A
2025-12-27 14:00:00,709.3976251240363,17.1,71,2.0,14,5,True,Zone_A
2025-12-27 15:00:00,675.6311460480244,16.5,74,1.5,15,5,True,Zone_A
2025-12-27 16:00:00,633.2107854415216,15.4,78,1.8,16,5,True,Zone_A
2025-12-27 17:00:00,666.255095887385,14.8,80,1.1,17,5,True,Zone_A
2025-12-27 18:00:00,626.5027051075842,13.9,85,1.8,18,5,True,Zone_A
2025-12-27 19:00:00,578.4843292381319,12.8,89,3.2,19,5,True,Zone_A
2025-12-27 20:00:00,624.8684290179192,11.9,92,3.1,20,5,True,Zone_A
2025-12-27 21:00:00,601.580204930041,11.1,94,3.4,21,5,True,Zone_A
2025-12-27 22:00:00,599.0229570053704,10.6,94,3.4,22,5,True,Zone_A
2025-12-27 23:00:00,644.5260352699438,10.1,96,3.1,23,5,True,Zone_A
2025-12-28 00:00:00,645.6127171682915,9.3,99,3.6,0,6,True,Zone_A
2025-12-28 01:00:00,680.1834513395439,9.1,99,3.4,1,6,True,Zone_A
2025-12-28 02:00:00,665.3115792341335,9.2,100,2.9,2,6,True,Zone_A
2025-12-28 03:00:00,751.7996507119873,10.0,98,3.8,3,6,True,Zone_A
2025-12-28 04:00:00,731.0150416539374,11.6,91,3.4,4,6,True,Zone_A
2025-12-28 05:00:00,840.223386162018,14.8,77,3.1,5,6,True,Zone_A
2025-12-28 06:00:00,907.6407983512211,17.2,66,5.3,6,6,True,Zone_A
2025-12-28 07:00:00,893.2973346863837,19.1,56,6.3,7,6,True,Zone_A
2025-12-28 08:00:00,857.4349284241638,20.1,51,5.9,8,6,True,Zone_A
2025-12-28 09:00:00,883.9545648943991,20.7,48,5.7,9,6,True,Zone_A
2025-12-28 10:00:00,849.2440928801184,20.6,50,5.2,10,6,True,Zone_A
2025-12-28 11:00:00,818.7896088875953,19.9,54,5.7,11,6,True,Zone_A
2025-12-28 12:00:00,731.4779240696198,17.9,69,4.0,12,6,True,Zone_A
2025-12-28 13:00:00,692.2606300526838,17.2,71,2.1,13,6,True,Zone_A
2025-12-28 14:00:00,681.7470999486249,16.6,74,1.7,14,6,True,Zone_A
2025-12-28 15:00:00,649.0240606405507,15.4,80,2.8,15,6,True,Zone_A
2025-12-28 16:00:00,666.1053067245193,14.6,84,2.7,16,6,True,Zone_A
2025-12-28 17:00:00,592.8670936042871,13.9,87,1.9,17,6,True,Zone_A
2025-12-28 18:00:00,591.3813249550564,13.4,90,0.7,18,6,True,Zone_A
2025-12-28 19:00:00,589.7791852124478,12.8,92,0.2,19,6,True,Zone_A
2025-12-28 20:00:00,590.9411046378848,12.4,93,0.0,20,6,True,Zone_A
2025-12-28 21:00:00,615.908110593906,11.1,100,0.6,21,6,True,Zone_A
2025-12-28 22:00:00,614.5430724655205,11.1,99,2.2,22,6,True,Zone_A
2025-12-28 23:00:00,666.5668835892426,11.1,99,2.9,23,6,True,Zone_A
2025-12-29 00:00:00,661.9381237351589,10.6,96,3.4,0,0,False,Zone_A
2025-12-29 01:00:00,675.6527865583517,10.5,98,2.9,1,0,False,Zone_A
2025-12-29 02:00:00,701.0218305663426,10.5,96,2.9,2,0,False,Zone_A
2025-12-29 03:00:00,754.8349914071932,10.6,96,3.4,3,0,False,Zone_A
2025-12-29 04:00:00,793.9125347770841,11.4,97,3.4,4,0,False,Zone_A
2025-12-29 05:00:00,754.7423480498001,12.9,89,3.3,5,0,False,Zone_A
2025-12-29 06:00:00,857.6854685091404,14.8,80,4.0,6,0,False,Zone_A
2025-12-29 07:00:00,856.8994900301877,17.0,68,4.6,7,0,False,Zone_A
2025-12-29 08:00:00,825.7476826813158,18.6,57,5.2,8,0,False,Zone_A
2025-12-29 09:00:00,876.1805236534551,19.5,50,5.1,9,0,False,Zone_A
2025-12-29 10:00:00,812.7454683981613,19.7,49,5.1,10,0,False,Zone_A
2025-12-29 11:00:00,782.8687008822709,19.1,54,5.2,11,0,False,Zone_A
2025-12-29 12:00:00,740.189133718965,16.9,69,3.6,12,0,False,Zone_A
2025-12-29 13:00:00,703.6997719139359,16.0,73,3.1,13,0,False,Zone_A
2025-12-29 14:00:00,683.1688871556848,15.4,75,2.5,14,0,False,Zone_A
2025-12-29 15:00:00,672.4929360702912,14.7,79,2.2,15,0,False,Zone_A
2025-12-29 16:00:00,611.9901126771507,13.9,82,2.2,16,0,False,Zone_A
2025-12-29 17:00:00,599.1335253826958,12.9,86,2.3,17,0,False,Zone_A
2025-12-29 18:00:00,589.2261512829288,12.2,89,2.0,18,0,False,Zone_A
2025-12-29 19:00:00,569.9336551533365,11.6,92,2.0,19,0,False,Zone_A
2025-12-29 20:00:00,550.6619142682368,10.6,97,2.0,20,0,False,Zone_A
2025-12-29 21:00:00,551.3291247470278,9.9,99,2.6,21,0,False,Zone_A
2025-12-29 22:00:00,610.9004029858472,9.3,100,3.6,22,0,False,Zone_A
2025-12-29 23:00:00,598.2992695083778,9.1,100,3.8,23,0,False,Zone_A
2025-09-30 00:00:00,860.9007978252777,24.4,93,7.3,0,1,False,Zone_B
2025-09-30 01:00:00,964.0245916935643,27.1,84,2.0,1,1,False,Zone_B
2025-09-30 02:00:00,965.809960438952,27.6,83,2.6,2,1,False,Zone_B
2025-09-30 03:00:00,972.2067709878326,29.0,77,1.9,3,1,False,Zone_B
2025-09-30 04:00:00,1070.9147849671253,31.0,67,2.9,4,1,False,Zone_B
2025-09-30 05:00:00,1080.0798200771574,32.5,58,3.3,5,1,False,Zone_B
2025-09-30 06:00:00,1108.4776240193764,33.5,52,3.1,6,1,False,Zone_B
2025-09-30 07:00:00,1107.7127668548762,33.5,50,4.7,7,1,False,Zone_B
2025-09-30 08:00:00,1073.0923403297995,33.1,51,3.8,8,1,False,Zone_B
2025-09-30 09:00:00,1110.0098272960668,33.5,50,0.4,9,1,False,Zone_B
2025-09-30 10:00:00,1050.0604595838222,32.9,51,0.9,10,1,False,Zone_B
2025-09-30 11:00:00,1029.967563612238,32.8,51,0.7,11,1,False,Zone_B
2025-09-30 12:00:00,978.8990622701219,32.2,55,3.4,12,1,False,Zone_B
2025-09-30 13:00:00,926.5041921295092,31.0,65,5.7,13,1,False,Zone_B
2025-09-30 14:00:00,898.7880419177224,30.1,70,5.2,14,1,False,Zone_B
2025-09-30 15:00:00,861.0624966379091,29.4,74,5.7,15,1,False,Zone_B
2025-09-30 16:00:00,878.9556900274134,28.8,75,4.8,16,1,False,Zone_B
2025-09-30 17:00:00,856.5135912808018,28.5,75,5.7,17,1,False,Zone_B
2025-09-30 18:00:00,868.0620529231401,28.2,75,6.0,18,1,False,Zone_B
2025-09-30 19:00:00,807.3586546427198,27.9,76,6.1,19,1,False,Zone_B
2025-09-30 20:00:00,806.0987826325488,27.5,78,6.0,20,1,False,Zone_B
2025-09-30 21:00:00,791.9517581227898,27.1,80,6.3,21,1,False,Zone_B
2025-09-30 22:00:00,867.1042877530808,26.6,82,6.4,22,1,False,Zone_B
2025-09-30 23:00:00,864.531651688142,26.3,83,5.1,23,1,False,Zone_B
2025-10-01 00:00:00,851.8271300802179,24.9,95,7.4,0,2,False,Zone_B
2025-10-01 01:00:00,889.8696834456639,24.8,92,3.6,1,2,False,Zone_B
2025-10-01 02:00:00,934.0558996708737,25.2,91,1.3,2,2,False,Zone_B
2025-10-01 03:00:00,979.8482811677869,26.6,85,1.0,3,2,False,Zone_B
2025-10-01 04:00:00,1037.494923367002,28.0,77,2.7,4,2,False,Zone_B
2025-10-01 05:00:00,1034.3173473614677,29.2,69,2.2,5,2,False,Zone_B
2025-10-01 06:00:00,1052.3604658805382,30.0,67,3.3,6,2,False,Zone_B
2025-10-01 07:00:00,1037.1187732483493,31.3,62,2.5,7,2,False,Zone_B
2025-10-01 08:00:00,1035.6974959639583,31.7,59,1.0,8,2,False,Zone_B
2025-10-01 09:00:00,1023.0040535436116,31.9,56,4.1,9,2,False,Zone_B
2025-10-01 10:00:00,926.5760104999661,26.9,85,11.3,10,2,False,Zone_B
2025-10-01 11:00:00,975.4778235788441,28.2,76,1.1,11,2,False,Zone_B
2025-10-01 12:00:00,937.6403989923513,28.3,74,4.8,12,2,False,Zone_B
2025-10-01 13:00:00,864.0379509117103,27.9,79,1.5,13,2,False,Zone_B
2025-10-01 14:00:00,870.3010505462772,27.5,82,2.5,14,2,False,Zone_B
2025-10-01 15:00:00,850.810985101554,27.3,87,2.0,15,2,False,Zone_B
2025-10-01 16:00:00,806.0935297702968,27.2,85,3.4,16,2,False,Zone_B
2025-10-01 17:00:00,779.1341488115353,27.1,82,6.8,17,2,False,Zone_B
2025-10-01 18:00:00,780.6046118171851,25.8,88,7.6,18,2,False,Zone_B
2025-10-01 19:00:00,777.380731685865,26.0,85,7.8,19,2,False,Zone_B
2025-10-01 20:00:00,823.5188695227941,25.8,86,5.7,20,2,False,Zone_B
2025-10-01 21:00:00,793.0709108048466,25.5,89,3.1,21,2,False,Zone_B
2025-10-01 22:00:00,840.5546737563669,25.6,86,3.7,22,2,False,Zone_B
2025-10-01 23:00:00,855.2612860613935,24.4,90,7.2,23,2,False,Zone_B
2025-10-02 00:00:00,862.3628172008908,23.8,91,4.0,0,3,False,Zone_B
2025-10-02 01:00:00,887.3593684857761,24.6,90,3.8,1,3,False,Zone_B
2025-10-02 02:00:00,958.5364580265075,25.7,87,2.5,2,3,False,Zone_B
2025-10-02 03:00:00,971.5275583738238,28.1,76,2.9,3,3,False,Zone_B
2025-10-02 04:00:00,1046.4982527764473,29.5,68,3.7,4,3,False,Zone_B
2025-10-02 05:00:00,1088.8659175943533,30.8,62,5.8,5,3,False,Zone_B
2025-10-02 06:00:00,1086.054247864174,30.8,60,6.6,6,3,False,Zone_B
2025-10-02 07:00:00,1051.497480741701,31.6,57,7.5,7,3,False,Zone_B
2025-10-02 08:00:00,1040.3831069609907,31.9,57,7.3,8,3,False,Zone_B
2025-10-02 09:00:00,1032.8399272900358,31.0,58,8.0,9,3,False,Zone_B
2025-10-02 10:00:00,982.711677914546,31.3,57,5.1,10,3,False,Zone_B
2025-10-02 11:00:00,953.0928034931798,29.9,63,10.3,11,3,False,Zone_B
2025-10-02 12:00:00,918.4010786378464,28.0,77,6.6,12,3,False,Zone_B
2025-10-02 13:00:00,862.3464095951401,26.7,79,5.9,13,3,False,Zone_B
2025-10-02 14:00:00,852.0175850708412,26.5,81,3.8,14,3,False,Zone_B
2025-10-02 15:00:00,850.3438039615913,26.6,82,4.5,15,3,False,Zone_B
2025-10-02 16:00:00,765.1413161050809,26.7,81,6.7,16,3,False,Zone_B
2025-10-02 17:00:00,796.7414479760051,26.4,84,7.5,17,3,False,Zone_B
2025-10-02 18:00:00,803.8082935562269,26.5,90,8.6,18,3,False,Zone_B
2025-10-02 19:00:00,800.2787625194652,26.1,90,5.3,19,3,False,Zone_B
2025-10-02 20:00:00,805.7965271729923,26.0,90,4.9,20,3,False,Zone_B
2025-10-02 21:00:00,815.8086752790379,25.5,93,5.1,21,3,False,Zone_B
2025-10-02 22:00:00,806.3266321523192,25.0,96,7.3,22,3,False,Zone_B
2025-10-02 23:00:00,842.0880579358251,24.6,97,5.4,23,3,False,Zone_B
2025-10-03 00:00:00,868.29575227865,24.5,97,6.1,0,4,False,Zone_B
2025-10-03 01:00:00,887.459185164412,24.6,96,5.1,1,4,False,Zone_B
2025-10-03 02:00:00,957.1110993937668,25.4,92,5.4,2,4,False,Zone_B
2025-10-03 03:00:00,957.0783513225264,26.9,83,5.2,3,4,False,Zone_B
2025-10-03 04:00:00,988.2652772516558,28.4,74,5.0,4,4,False,Zone_B
2025-10-03 05:00:00,1058.600513438565,29.5,66,5.8,5,4,False,Zone_B
2025-10-03 06:00:00,1019.214232591817,30.2,63,5.6,6,4,False,Zone_B
2025-10-03 07:00:00,1051.5103844212015,31.5,58,5.1,7,4,False,Zone_B
2025-10-03 08:00:00,1065.0235423825143,32.0,56,4.5,8,4,False,Zone_B
2025-10-03 09:00:00,1072.6256207673737,32.3,54,4.5,9,4,False,Zone_B
2025-10-03 10:00:00,1047.5087012479248,32.5,53,5.7,10,4,False,Zone_B
2025-10-03 11:00:00,994.139321722342,31.9,54,8.1,11,4,False,Zone_B
2025-10-03 12:00:00,989.127922892411,31.0,59,4.0,12,4,False,Zone_B
2025-10-03 13:00:00,905.3522173829133,29.9,68,3.1,13,4,False,Zone_B
2025-10-03 14:00:00,896.951890081061,29.2,73,3.1,14,4,False,Zone_B
2025-10-03 15:00:00,892.0828391668537,28.6,75,3.5,15,4,False,Zone_B
2025-10-03 16:00:00,831.3807909347181,28.0,79,3.6,16,4,False,Zone_B
2025-10-03 17:00:00,821.5049001247522,27.6,81,2.2,17,4,False,Zone_B
2025-10-03 18:00:00,812.6403119809108,28.0,82,2.8,18,4,False,Zone_B
2025-10-03 19:00:00,853.9029571398296,27.9,81,3.7,19,4,False,Zone_B
2025-10-03 20:00:00,840.8731202443379,26.5,87,7.6,20,4,False,Zone_B
2025-10-03 21:00:00,796.2581530173777,25.6,90,2.7,21,4,False,Zone_B
2025-10-03 22:00:00,847.3608763326472,25.3,93,0.8,22,4,False,Zone_B
2025-10-03 23:00:00,889.4044545318022,25.2,92,2.0,23,4,False,Zone_B
2025-10-04 00:00:00,906.091950828574,26.1,87,4.2,0,5,True,Zone_B
2025-10-04 01:00:00,927.2104188923499,26.5,85,3.9,1,5,True,Zone_B
2025-10-04 02:00:00,932.7255942769424,27.1,81,4.4,2,5,True,Zone_B
2025-10-04 03:00:00,996.6013116979678,28.6,72,4.7,3,5,True,Zone_B
2025-10-04 04:00:00,1027.9508443376171,30.4,60,7.4,4,5,True,Zone_B
2025-10-04 05:00:00,1080.9684821597864,31.6,52,9.7,5,5,True,Zone_B
2025-10-04 06:00:00,1057.2815186920109,32.3,50,9.7,6,5,True,Zone_B
2025-10-04 07:00:00,1132.444552994985,33.3,44,11.2,7,5,True,Zone_B
2025-10-04 08:00:00,1140.9984505768618,33.9,41,12.3,8,5,True,Zone_B
2025-10-04 09:00:00,1096.5991233576865,33.8,40,13.0,9,5,True,Zone_B
2025-10-04 10:00:00,1032.8649928564716,33.7,40,11.2,10,5,True,Zone_B
2025-10-04 11:00:00,1041.6112395151642,33.1,43,11.9,11,5,True,Zone_B
2025-10-04 12:00:00,981.6600481002779,31.5,51,9.4,12,5,True,Zone_B
2025-10-04 13:00:00,935.3021414308292,29.9,59,6.7,13,5,True,Zone_B
2025-10-04 14:00:00,904.3697462091817,29.0,64,5.6,14,5,True,Zone_B
2025-10-04 15:00:00,848.0106167375978,28.9,65,6.3,15,5,True,Zone_B
2025-10-04 16:00:00,836.795887117945,28.5,65,6.5,16,5,True,Zone_B
2025-10-04 17:00:00,857.6201925395903,27.8,68,6.9,17,5,True,Zone_B
2025-10-04 18:00:00,811.3513523940181,27.1,71,6.8,18,5,True,Zone_B
2025-10-04 19:00:00,809.845552213123,26.6,73,7.4,19,5,True,Zone_B
2025-10-04 20:00:00,810.0071491179873,26.0,75,7.2,20,5,True,Zone_B
2025-10-04 21:00:00,837.8570151592663,25.4,77,7.6,21,5,True,Zone_B
2025-10-04 22:00:00,834.0162901119475,24.7,80,7.1,22,5,True,Zone_B
2025-10-04 23:00:00,821.0879297798482,24.2,82,7.1,23,5,True,Zone_B
2025-10-05 00:00:00,919.6936003618812,24.9,84,10.0,0,6,True,Zone_B
2025-10-05 01:00:00,907.2838814937426,25.1,81,9.2,1,6,True,Zone_B
2025-10-05 02:00:00,951.5392109203789,26.1,76,9.0,2,6,True,Zone_B
2025-10-05 03:00:00,977.6372551153497,27.9,68,10.1,3,6,True,Zone_B
2025-10-05 04:00:00,1015.7010391495428,29.6,63,13.0,4,6,True,Zone_B
2025-10-05 05:00:00,1076.455839316733,31.0,56,14.0,5,6,True,Zone_B
2025-10-05 06:00:00,1031.1131174855755,30.8,53,10.7,6,6,True,Zone_B
2025-10-05 07:00:00,1087.28122062463,31.6,49,7.1,7,6,True,Zone_B
2025-10-05 08:00:00,1115.1168953365018,32.7,45,6.0,8,6,True,Zone_B
2025-10-05 09:00:00,1057.924071634784,33.2,41,6.9,9,6,True,Zone_B
2025-10-05 10:00:00,1023.7446968252915,32.9,41,7.8,10,6,True,Zone_B
2025-10-05 11:00:00,995.3541283116189,32.2,45,7.8,11,6,True,Zone_B
2025-10-05 12:00:00,1009.0960874648422,31.1,54,6.1,12,6,True,Zone_B
2025-10-05 13:00:00,920.6122968888988,29.5,60,5.1,13,6,True,Zone_B
2025-10-05 14:00:00,876.9309417888383,28.9,65,4.3,14,6,True,Zone_B
2025-10-05 15:00:00,807.5682498821573,28.0,67,4.4,15,6,True,Zone_B
2025-10-05 16:00:00,854.5144168614405,27.2,72,3.8,16,6,True,Zone_B
2025-10-05 17:00:00,794.2138297056417,26.9,73,2.5,17,6,True,Zone_B
2025-10-05 18:00:00,734.4285121117819,22.8,82,5.2,18,6,True,Zone_B
2025-10-05 19:00:00,751.5295415876125,22.6,85,11.2,19,6,True,Zone_B
2025-10-05 20:00:00,768.3722052592369,22.5,88,6.6,20,6,True,Zone_B
2025-10-05 21:00:00,766.5323853982828,22.5,91,4.8,21,6,True,Zone_B
2025-10-05 22:00:00,769.2437877266914,22.5,92,1.6,22,6,True,Zone_B
2025-10-05 23:00:00,801.3441222753237,22.5,92,2.2,23,6,True,Zone_B
2025-10-06 00:00:00,843.1038725448278,23.5,84,0.9,0,0,False,Zone_B
2025-10-06 01:00:00,885.809243742387,23.5,85,2.4,1,0,False,Zone_B
2025-10-06 02:00:00,899.5898875273481,24.4,80,2.1,2,0,False,Zone_B
2025-10-06 03:00:00,973.6922754395226,25.6,74,3.7,3,0,False,Zone_B
2025-10-06 04:00:00,960.5301888653577,25.5,75,3.7,4,0,False,Zone_B
2025-10-06 05:00:00,978.934799917504,26.2,74,5.5,5,0,False,Zone_B
2025-10-06 06:00:00,1022.6808529475749,28.3,58,7.7,6,0,False,Zone_B
2025-10-06 07:00:00,918.5254199899298,24.8,86,4.7,7,0,False,Zone_B
2025-10-06 08:00:00,909.7859983317719,23.7,92,8.3,8,0,False,Zone_B
2025-10-06 09:00:00,947.8078249626411,23.1,95,8.9,9,0,False,Zone_B
2025-10-06 10:00:00,921.9830215353243,24.2,88,9.3,10,0,False,Zone_B
2025-10-06 11:00:00,885.8797888658052,23.6,93,5.0,11,0,False,Zone_B
2025-10-06 12:00:00,816.656355398994,23.3,94,9.7,12,0,False,Zone_B
2025-10-06 13:00:00,797.8143624224042,22.4,97,8.5,13,0,False,Zone_B
2025-10-06 14:00:00,778.8191921881823,22.3,97,9.7,14,0,False,Zone_B
2025-10-06 15:00:00,778.1131276242221,22.4,96,7.9,15,0,False,Zone_B
2025-10-06 16:00:00,740.586314591414,22.1,98,9.3,16,0,False,Zone_B
2025-10-06 17:00:00,736.0586526609196,22.0,97,9.8,17,0,False,Zone_B
2025-10-06 18:00:00,721.9819236906885,22.4,98,8.6,18,0,False,Zone_B
2025-10-06 19:00:00,748.8308124928259,22.5,97,6.4,19,0,False,Zone_B
2025-10-06 20:00:00,732.2103139902847,22.0,98,2.7,20,0,False,Zone_B
2025-10-06 21:00:00,754.1613500858211,21.5,99,1.9,21,0,False,Zone_B
2025-10-06 22:00:00,809.5000135817409,22.0,98,5.6,22,0,False,Zone_B
2025-10-06 23:00:00,771.2756584978254,22.0,98,6.2,23,0,False,Zone_B
2025-10-07 00:00:00,833.1987050429724,21.9,99,7.2,0,1,False,Zone_B
2025-10-07 01:00:00,815.4476757370179,21.9,99,8.9,1,1,False,Zone_B
2025-10-07 02:00:00,873.0730337469101,22.2,95,8.8,2,1,False,Zone_B
2025-10-07 03:00:00,907.493654996391,22.8,91,10.6,3,1,False,Zone_B
2025-10-07 04:00:00,965.3822937023269,24.1,86,9.9,4,1,False,Zone_B
2025-10-07 05:00:00,974.5274711928088,25.5,80,9.8,5,1,False,Zone_B
2025-10-07 06:00:00,1010.2944110656399,26.8,68,7.5,6,1,False,Zone_B
2025-10-07 07:00:00,1039.4857108346528,27.5,67,5.2,7,1,False,Zone_B
2025-10-07 08:00:00,999.4889656797569,28.2,65,5.5,8,1,False,Zone_B
2025-10-07 09:00:00,991.6211898561673,27.8,65,8.9,9,1,False,Zone_B
2025-10-07 10:00:00,958.8234738965939,26.5,70,8.8,10,1,False,Zone_B
2025-10-07 11:00:00,916.4208736892524,25.5,76,5.7,11,1,False,Zone_B
2025-10-07 12:00:00,829.6430583274957,22.5,85,9.6,12,1,False,Zone_B
2025-10-07 13:00:00,788.209931007755,21.9,90,7.9,13,1,False,Zone_B
2025-10-07 14:00:00,767.2791752469327,21.0,92,8.8,14,1,False,Zone_B
2025-10-07 15:00:00,761.5965859894545,20.6,93,7.1,15,1,False,Zone_B
2025-10-07 16:00:00,705.4284315957467,20.5,94,6.4,16,1,False,Zone_B
2025-10-07 17:00:00,716.4037490970281,20.2,97,2.3,17,1,False,Zone_B
2025-10-07 18:00:00,731.5265927352282,20.8,98,4.1,18,1,False,Zone_B
2025-10-07 19:00:00,689.7363840990647,20.8,98,4.0,19,1,False,Zone_B
2025-10-07 20:00:00,735.4299820217253,20.9,98,5.1,20,1,False,Zone_B
2025-10-07 21:00:00,745.8566159013692,20.8,98,5.9,21,1,False,Zone_B
2025-10-07 22:00:00,777.9094672470742,20.5,98,8.5,22,1,False,Zone_B
2025-10-07 23:00:00,805.5372236460985,20.4,99,6.3,23,1,False,Zone_B
2025-10-08 00:00:00,770.3776939760211,20.0,99,6.5,0,2,False,Zone_B
2025-10-08 01:00:00,846.5677283735596,20.4,97,4.9,1,2,False,Zone_B
2025-10-08 02:00:00,857.0716204771411,21.0,94,5.0,2,2,False,Zone_B
2025-10-08 03:00:00,924.8953444796418,22.1,86,6.6,3,2,False,Zone_B
2025-10-08 04:00:00,907.2190224347204,23.2,81,6.6,4,2,False,Zone_B
2025-10-08 05:00:00,948.8569111344041,24.0,79,3.8,5,2,False,Zone_B
2025-10-08 06:00:00,955.5867687213414,25.0,75,2.2,6,2,False,Zone_B
2025-10-08 07:00:00,944.6664266462865,25.5,71,1.1,7,2,False,Zone_B
2025-10-08 08:00:00,956.2122959594614,25.5,69,3.2,8,2,False,Zone_B
2025-10-08 09:00:00,984.272344939702,25.5,67,6.8,9,2,False,Zone_B
2025-10-08 10:00:00,938.3433349898547,24.1,74,10.1,10,2,False,Zone_B
2025-10-08 11:00:00,864.2557922748845,24.0,76,7.2,11,2,False,Zone_B
2025-10-08 12:00:00,857.7335948506044,24.5,77,3.8,12,2,False,Zone_B
2025-10-08 13:00:00,818.1137670982778,23.8,82,4.2,13,2,False,Zone_B
2025-10-08 14:00:00,817.5875953130275,23.3,82,6.4,14,2,False,Zone_B
2025-10-08 15:00:00,777.6719276975766,22.6,83,6.1,15,2,False,Zone_B
2025-10-08 16:00:00,775.074475824153,22.0,86,4.3,16,2,False,Zone_B
2025-10-08 17:00:00,695.6036829563916,21.2,88,3.6,17,2,False,Zone_B
2025-10-08 18:00:00,707.0266979020857,21.9,89,6.1,18,2,False,Zone_B
2025-10-08 19:00:00,702.7650176067788,21.9,89,6.0,19,2,False,Zone_B
2025-10-08 20:00:00,724.0925888787048,21.5,91,7.1,20,2,False,Zone_B
2025-10-08 21:00:00,746.6845650322333,21.1,93,6.5,21,2,False,Zone_B
2025-10-08 22:00:00,718.9628780139367,20.9,93,6.1,22,2,False,Zone_B
2025-10-08 23:00:00,784.3076896058252,20.5,95,5.6,23,2,False,Zone_B
2025-10-09 00:00:00,799.6760062856872,20.4,92,6.9,0,3,False,Zone_B
2025-10-09 01:00:00,824.2039658977526,20.5,92,6.7,1,3,False,Zone_B
2025-10-09 02:00:00,864.7898671878394,21.1,92,6.5,2,3,False,Zone_B
2025-10-09 03:00:00,907.3802510856996,22.7,88,6.0,3,3,False,Zone_B
2025-10-09 04:00:00,930.0398914080508,24.2,82,7.5,4,3,False,Zone_B
2025-10-09 05:00:00,961.8688508778289,25.0,75,10.1,5,3,False,Zone_B
2025-10-09 06:00:00,977.1582328618504,26.1,69,10.1,6,3,False,Zone_B
2025-10-09 07:00:00,1007.0468147080734,27.2,59,10.1,7,3,False,Zone_B
2025-10-09 08:00:00,975.6027892289213,27.9,52,8.7,8,3,False,Zone_B
2025-10-09 09:00:00,1002.5447733782312,28.0,49,9.0,9,3,False,Zone_B
2025-10-09 10:00:00,972.1104624148754,27.8,49,9.0,10,3,False,Zone_B
2025-10-09 11:00:00,936.1401436729642,27.2,54,7.5,11,3,False,Zone_B
2025-10-09 12:00:00,877.2498354252136,26.0,62,7.7,12,3,False,Zone_B
2025-10-09 13:00:00,820.7115465387864,24.3,66,7.7,13,3,False,Zone_B
2025-10-09 14:00:00,828.5421962572021,23.6,67,8.6,14,3,False,Zone_B
2025-10-09 15:00:00,740.9955288095754,23.0,68,9.8,15,3,False,Zone_B
2025-10-09 16:00:00,742.8685562361808,22.4,69,10.2,16,3,False,Zone_B
2025-10-09 17:00:00,709.1544511593781,21.7,72,9.4,17,3,False,Zone_B
2025-10-09 18:00:00,726.7542652371276,21.6,78,9.5,18,3,False,Zone_B
2025-10-09 19:00:00,711.225991411486,21.4,79,8.5,19,3,False,Zone_B
2025-10-09 20:00:00,730.211749034234,21.0,81,8.0,20,3,False,Zone_B
2025-10-09 21:00:00,689.8906932883923,20.5,81,7.2,21,3,False,Zone_B
2025-10-09 22:00:00,740.2234573212548,20.0,83,7.1,22,3,False,Zone_B
2025-10-09 23:00:00,791.3756807377432,19.5,84,6.7,23,3,False,Zone_B
2025-10-10 00:00:00,798.7925316281523,19.3,89,6.9,0,4,False,Zone_B
2025-10-10 01:00:00,808.9334346617782,19.4,89,6.0,1,4,False,Zone_B
2025-10-10 02:00:00,836.9753457033968,20.2,87,6.9,2,4,False,Zone_B
2025-10-10 03:00:00,924.450341646347,22.0,82,4.9,3,4,False,Zone_B
2025-10-10 04:00:00,965.3995527415938,24.0,73,5.4,4,4,False,Zone_B
2025-10-10 05:00:00,986.0951228626782,25.7,62,6.4,5,4,False,Zone_B
2025-10-10 06:00:00,1016.0915113928985,26.9,56,6.0,6,4,False,Zone_B
2025-10-10 07:00:00,1054.970435991956,27.6,51,5.2,7,4,False,Zone_B
2025-10-10 08:00:00,1010.5768917045528,28.2,46,4.8,8,4,False,Zone_B
2025-10-10 09:00:00,1010.447785552407,28.4,45,4.6,9,4,False,Zone_B
2025-10-10 10:00:00,978.3710112553408,28.2,45,5.0,10,4,False,Zone_B
2025-10-10 11:00:00,921.36699400783,27.6,49,4.7,11,4,False,Zone_B
2025-10-10 12:00:00,864.5724896472625,25.9,59,5.3,12,4,False,Zone_B
2025-10-10 13:00:00,845.8587671324259,24.0,64,5.7,13,4,False,Zone_B
2025-10-10 14:00:00,763.6539956724007,23.0,68,5.6,14,4,False,Zone_B
2025-10-10 15:00:00,759.5509911214643,22.6,68,3.6,15,4,False,Zone_B
2025-10-10 16:00:00,754.7079761766944,22.1,68,2.9,16,4,False,Zone_B
2025-10-10 17:00:00,736.3091086286174,21.7,69,1.5,17,4,False,Zone_B
2025-10-10 18:00:00,726.3108156393698,21.5,71,1.5,18,4,False,Zone_B
2025-10-10 19:00:00,747.691455013243,21.3,72,1.6,19,4,False,Zone_B
2025-10-10 20:00:00,706.4683210201152,20.4,76,3.3,20,4,False,Zone_B
2025-10-10 21:00:00,731.2721197408891,19.6,79,4.5,21,4,False,Zone_B
2025-10-10 22:00:00,768.4673939696053,19.3,80,4.9,22,4,False,Zone_B
2025-10-10 23:00:00,721.0004360602923,19.1,81,5.4,23,4,False,Zone_B
2025-10-11 00:00:00,803.4573321909729,19.2,86,6.9,0,5,True,Zone_B
2025-10-11 01:00:00,792.2705334750854,19.6,84,6.6,1,5,True,Zone_B
2025-10-11 02:00:00,869.6449233536873,20.6,82,7.5,2,5,True,Zone_B
2025-10-11 03:00:00,892.1046132983306,22.6,77,5.0,3,5,True,Zone_B
2025-10-11 04:00:00,968.8554489609464,25.0,67,5.8,4,5,True,Zone_B
2025-10-11 05:00:00,1001.203003873941,26.5,57,6.7,5,5,True,Zone_B
2025-10-11 06:00:00,1012.5556020722524,27.0,53,7.4,6,5,True,Zone_B
2025-10-11 07:00:00,1036.668874371712,27.7,51,7.2,7,5,True,Zone_B
2025-10-11 08:00:00,1017.9921867259167,28.3,48,6.2,8,5,True,Zone_B
2025-10-11 09:00:00,1043.5022207919772,28.6,45,6.1,9,5,True,Zone_B
2025-10-11 10:00:00,1016.2192340879586,28.7,44,7.3,10,5,True,Zone_B
2025-10-11 11:00:00,952.18338234862,27.9,50,8.8,11,5,True,Zone_B
2025-10-11 12:00:00,916.8364536732296,26.5,61,5.4,12,5,True,Zone_B
2025-10-11 13:00:00,849.553332171306,24.8,66,7.0,13,5,True,Zone_B
2025-10-11 14:00:00,832.7168864324085,24.0,68,8.2,14,5,True,Zone_B
2025-10-11 15:00:00,789.1433596152907,23.3,69,8.6,15,5,True,Zone_B
2025-10-11 16:00:00,744.2194710433452,22.6,70,8.7,16,5,True,Zone_B
2025-10-11 17:00:00,722.876265668224,22.2,71,8.9,17,5,True,Zone_B
2025-10-11 18:00:00,718.1902689837982,22.9,73,9.8,18,5,True,Zone_B
2025-10-11 19:00:00,751.5137455613819,22.9,73,8.2,19,5,True,Zone_B
2025-10-11 20:00:00,753.912481378243,22.5,75,6.1,20,5,True,Zone_B
2025-10-11 21:00:00,731.0737219763377,21.7,77,6.5,21,5,True,Zone_B
2025-10-11 22:00:00,746.1355000098193,21.1,77,7.0,22,5,True,Zone_B
2025-10-11 23:00:00,773.132774784254,20.6,78,7.6,23,5,True,Zone_B
2025-10-12 00:00:00,816.542305607844,20.8,85,7.8,0,6,True,Zone_B
2025-10-12 01:00:00,846.1807097082897,21.0,84,7.1,1,6,True,Zone_B
2025-10-12 02:00:00,886.4172449420536,22.0,80,7.3,2,6,True,Zone_B
2025-10-12 03:00:00,917.9550693152157,23.6,75,5.3,3,6,True,Zone_B
2025-10-12 04:00:00,953.0982806930904,25.5,68,5.5,4,6,True,Zone_B
2025-10-12 05:00:00,997.3787874847733,27.2,61,6.1,5,6,True,Zone_B
2025-10-12 06:00:00,1044.912064347484,28.7,50,7.1,6,6,True,Zone_B
2025-10-12 07:00:00,1052.3908041137447,29.6,45,7.2,7,6,True,Zone_B
2025-10-12 08:00:00,1040.9255379552853,30.2,41,8.0,8,6,True,Zone_B
2025-10-12 09:00:00,1002.571501771155,30.4,39,9.4,9,6,True,Zone_B
2025-10-12 10:00:00,1017.3354325593016,30.0,40,10.0,10,6,True,Zone_B
2025-10-12 11:00:00,942.2921325278313,29.1,46,8.2,11,6,True,Zone_B
2025-10-12 12:00:00,935.739666378906,27.2,53,6.9,12,6,True,Zone_B
2025-10-12 13:00:00,862.1983786535483,25.5,59,6.5,13,6,True,Zone_B
2025-10-12 14:00:00,821.6870824238775,24.8,63,6.7,14,6,True,Zone_B
2025-10-12 15:00:00,774.0241818149755,24.1,66,7.7,15,6,True,Zone_B
2025-10-12 16:00:00,779.6098072741887,23.5,67,7.9,16,6,True,Zone_B
2025-10-12 17:00:00,761.4698581105131,23.0,69,7.6,17,6,True,Zone_B
2025-10-12 18:00:00,739.6734425736333,22.8,73,6.4,18,6,True,Zone_B
2025-10-12 19:00:00,749.736619848105,22.5,74,5.6,19,6,True,Zone_B
2025-10-12 20:00:00,778.6345511037746,22.1,74,5.6,20,6,True,Zone_B
2025-10-12 21:00:00,789.7608292069173,21.5,77,5.1,21,6,True,Zone_B
2025-10-12 22:00:00,837.2230083886716,21.5,74,4.9,22,6,True,Zone_B
2025-10-12 23:00:00,797.2197927986763,21.0,75,4.8,23,6,True,Zone_B
2025-10-13 00:00:00,843.2407226803028,20.1,86,4.7,0,0,False,Zone_B
2025-10-13 01:00:00,812.5700924909233,20.3,87,4.0,1,0,False,Zone_B
2025-10-13 02:00:00,850.3852417318446,21.5,83,5.2,2,0,False,Zone_B
2025-10-13 03:00:00,968.6358639298107,23.6,76,3.1,3,0,False,Zone_B
2025-10-13 04:00:00,952.926052813522,25.9,66,3.3,4,0,False,Zone_B
2025-10-13 05:00:00,998.7576916139966,27.8,57,3.7,5,0,False,Zone_B
2025-10-13 06:00:00,1051.8813550926654,29.2,43,4.2,6,0,False,Zone_B
2025-10-13 07:00:00,1066.1450109387638,30.1,40,4.1,7,0,False,Zone_B
2025-10-13 08:00:00,1043.337977945502,30.7,37,3.8,8,0,False,Zone_B
2025-10-13 09:00:00,1050.0782384818265,31.0,36,3.8,9,0,False,Zone_B
2025-10-13 10:00:00,995.3117734205589,30.8,36,4.3,10,0,False,Zone_B
2025-10-13 11:00:00,1003.0984115742737,30.1,39,5.0,11,0,False,Zone_B
2025-10-13 12:00:00,897.0689467998249,27.5,60,3.2,12,0,False,Zone_B
2025-10-13 13:00:00,882.6441443505103,25.9,65,1.7,13,0,False,Zone_B
2025-10-13 14:00:00,820.7920808564159,25.5,65,0.4,14,0,False,Zone_B
2025-10-13 15:00:00,800.4708286307359,25.0,65,0.5,15,0,False,Zone_B
2025-10-13 16:00:00,737.7704015342892,24.2,66,1.0,16,0,False,Zone_B
2025-10-13 17:00:00,730.2535450445092,23.2,69,2.3,17,0,False,Zone_B
2025-10-13 18:00:00,740.1841142131569,21.8,78,4.1,18,0,False,Zone_B
2025-10-13 19:00:00,734.4724752458588,21.8,76,4.4,19,0,False,Zone_B
2025-10-13 20:00:00,714.5268021804301,21.5,77,4.4,20,0,False,Zone_B
2025-10-13 21:00:00,770.1020350336163,21.5,75,4.5,21,0,False,Zone_B
2025-10-13 22:00:00,790.5686836165614,21.4,72,5.6,22,0,False,Zone_B
2025-10-13 23:00:00,770.2502859870082,20.9,72,6.0,23,0,False,Zone_B
2025-10-14 00:00:00,833.8093488881467,20.8,78,5.2,0,1,False,Zone_B
2025-10-14 01:00:00,860.4348391337589,20.8,81,4.2,1,1,False,Zone_B
2025-10-14 02:00:00,875.2124242088663,22.0,78,5.1,2,1,False,Zone_B
2025-10-14 03:00:00,980.6968531165833,24.5,71,3.1,3,1,False,Zone_B
2025-10-14 04:00:00,1024.8928221957729,27.1,58,2.6,4,1,False,Zone_B
2025-10-14 05:00:00,991.315044013073,29.0,40,4.0,5,1,False,Zone_B
2025-10-14 06:00:00,1019.3269572886015,29.5,36,5.4,6,1,False,Zone_B
2025-10-14 07:00:00,1031.7206776323878,30.4,34,5.2,7,1,False,Zone_B
2025-10-14 08:00:00,1046.1497003357665,30.9,33,5.4,8,1,False,Zone_B
2025-10-14 09:00:00,1035.4655296601588,31.1,32,5.5,9,1,False,Zone_B
2025-10-14 10:00:00,1004.4261548714845,31.0,33,5.3,10,1,False,Zone_B
2025-10-14 11:00:00,971.789535488017,30.3,34,5.1,11,1,False,Zone_B
2025-10-14 12:00:00,928.5458900128476,27.4,59,2.8,12,1,False,Zone_B
2025-10-14 13:00:00,873.8825441571997,26.1,60,0.5,13,1,False,Zone_B
2025-10-14 14:00:00,837.5105800567103,25.6,61,0.5,14,1,False,Zone_B
2025-10-14 15:00:00,799.198577425957,25.2,60,1.0,15,1,False,Zone_B
2025-10-14 16:00:00,801.7343150894214,24.9,58,1.5,16,1,False,Zone_B
2025-10-14 17:00:00,798.2894040290877,24.9,55,0.7,17,1,False,Zone_B
2025-10-14 18:00:00,769.6721480943609,23.9,61,1.8,18,1,False,Zone_B
2025-10-14 19:00:00,747.8189399479262,23.7,61,1.4,19,1,False,Zone_B
2025-10-14 20:00:00,788.5867239295477,23.6,59,0.6,20,1,False,Zone_B
2025-10-14 21:00:00,793.6215625142379,23.6,58,0.8,21,1,False,Zone_B
2025-10-14 22:00:00,796.696880001213,23.5,58,0.5,22,1,False,Zone_B
2025-10-14 23:00:00,815.7541189052996,23.2,58,0.4,23,1,False,Zone_B
2025-10-15 00:00:00,804.5209339923758,21.5,72,2.7,0,2,False,Zone_B
2025-10-15 01:00:00,862.772573403825,20.9,78,3.9,1,2,False,Zone_B
2025-10-15 02:00:00,873.3065147052081,22.4,73,2.9,2,2,False,Zone_B
2025-10-15 03:00:00,949.2654247870825,25.0,65,2.4,3,2,False,Zone_B
2025-10-15 04:00:00,968.1104426939784,27.3,52,2.4,4,2,False,Zone_B
2025-10-15 05:00:00,1063.9063529028613,29.0,41,3.4,5,2,False,Zone_B
2025-10-15 06:00:00,1047.2237308313174,29.8,36,5.0,6,2,False,Zone_B
2025-10-15 07:00:00,1079.125164561975,30.5,33,5.6,7,2,False,Zone_B
2025-10-15 08:00:00,1039.9622839649153,30.9,31,6.1,8,2,False,Zone_B
2025-10-15 09:00:00,1020.3012850018541,31.0,30,6.7,9,2,False,Zone_B
2025-10-15 10:00:00,981.9145462876539,30.8,30,7.4,10,2,False,Zone_B
2025-10-15 11:00:00,973.6894300705887,30.0,32,7.9,11,2,False,Zone_B
2025-10-15 12:00:00,963.6872358585575,27.5,56,2.3,12,2,False,Zone_B
2025-10-15 13:00:00,873.5588783587217,26.2,58,0.7,13,2,False,Zone_B
2025-10-15 14:00:00,829.0539133952522,25.5,58,1.3,14,2,False,Zone_B
2025-10-15 15:00:00,841.0356712904686,25.0,57,1.5,15,2,False,Zone_B
2025-10-15 16:00:00,751.8137679756289,24.5,57,1.5,16,2,False,Zone_B
2025-10-15 17:00:00,763.5521413540162,24.1,55,1.6,17,2,False,Zone_B
2025-10-15 18:00:00,775.6673675259096,22.7,63,2.7,18,2,False,Zone_B
2025-10-15 19:00:00,731.9010543809857,22.1,64,2.4,19,2,False,Zone_B
2025-10-15 20:00:00,751.526483241523,21.4,67,2.6,20,2,False,Zone_B
2025-10-15 21:00:00,737.8405971653647,20.4,72,3.8,21,2,False,Zone_B
2025-10-15 22:00:00,759.1475694495817,19.6,75,5.0,22,2,False,Zone_B
2025-10-15 23:00:00,784.7887831506036,19.6,73,6.0,23,2,False,Zone_B
2025-10-16 00:00:00,818.5403575912235,19.6,76,6.4,0,3,False,Zone_B
2025-10-16 01:00:00,834.4661697057272,19.8,75,5.6,1,3,False,Zone_B
2025-10-16 02:00:00,878.5938280538214,21.1,69,6.7,2,3,False,Zone_B
2025-10-16 03:00:00,925.4277582929473,24.0,61,4.7,3,3,False,Zone_B
2025-10-16 04:00:00,987.2911815724606,27.0,51,3.4,4,3,False,Zone_B
2025-10-16 05:00:00,1048.903917211227,28.9,40,4.5,5,3,False,Zone_B
2025-10-16 06:00:00,1076.9734263555786,29.8,36,5.8,6,3,False,Zone_B
2025-10-16 07:00:00,1056.9861482074625,30.5,35,6.1,7,3,False,Zone_B
2025-10-16 08:00:00,1030.4945504601906,30.9,34,5.8,8,3,False,Zone_B
2025-10-16 09:00:00,1022.3727411407133,31.0,33,6.1,9,3,False,Zone_B
2025-10-16 10:00:00,1024.742748093948,30.8,34,6.4,10,3,False,Zone_B
2025-10-16 11:00:00,979.6165355447249,30.0,37,7.2,11,3,False,Zone_B
2025-10-16 12:00:00,927.9329234811911,28.2,44,6.9,12,3,False,Zone_B
2025-10-16 13:00:00,893.0591192156231,26.4,53,4.3,13,3,False,Zone_B
2025-10-16 14:00:00,823.0582486739277,25.7,59,3.6,14,3,False,Zone_B
2025-10-16 15:00:00,785.2950137439877,25.4,58,1.2,15,3,False,Zone_B
2025-10-16 16:00:00,777.9784948769811,25.1,58,0.5,16,3,False,Zone_B
2025-10-16 17:00:00,771.4398881571767,24.9,58,0.7,17,3,False,Zone_B
2025-10-16 18:00:00,757.0323159238559,24.6,60,0.9,18,3,False,Zone_B
2025-10-16 19:00:00,770.9929290055967,23.8,61,0.6,19,3,False,Zone_B
2025-10-16 20:00:00,752.2605985557176,22.4,67,2.2,20,3,False,Zone_B
2025-10-16 21:00:00,752.0900983875459,21.0,73,3.3,21,3,False,Zone_B
2025-10-16 22:00:00,722.6996284878844,20.0,77,4.4,22,3,False,Zone_B
2025-10-16 23:00:00,785.4594161442909,19.5,78,5.3,23,3,False,Zone_B
2025-10-17 00:00:00,797.8650003532796,20.0,81,7.6,0,4,False,Zone_B
2025-10-17 01:00:00,852.5163831440619,20.2,79,6.2,1,4,False,Zone_B
2025-10-17 02:00:00,865.3584758411314,21.4,75,6.9,2,4,False,Zone_B
2025-10-17 03:00:00,932.2014979316251,24.0,66,4.4,3,4,False,Zone_B
2025-10-17 04:00:00,982.5853013150501,26.7,53,4.1,4,4,False,Zone_B
2025-10-17 05:00:00,1025.8671920360584,28.8,48,4.3,5,4,False,Zone_B
2025-10-17 06:00:00,1066.523107396852,30.0,41,5.9,6,4,False,Zone_B
2025-10-17 07:00:00,1068.3992568218891,30.9,38,5.5,7,4,False,Zone_B
2025-10-17 08:00:00,1056.5376408516984,31.5,37,5.2,8,4,False,Zone_B
2025-10-17 09:00:00,1051.382363492521,31.6,36,4.9,9,4,False,Zone_B
2025-10-17 10:00:00,1062.3594354666798,31.5,37,4.6,10,4,False,Zone_B
2025-10-17 11:00:00,971.6116123478077,30.9,39,4.5,11,4,False,Zone_B
2025-10-17 12:00:00,949.2623456515877,28.5,50,4.2,12,4,False,Zone_B
2025-10-17 13:00:00,886.2343716460924,26.8,61,3.2,13,4,False,Zone_B
2025-10-17 14:00:00,863.9871551679984,25.9,65,3.5,14,4,False,Zone_B
2025-10-17 15:00:00,822.1334378070918,25.5,64,3.2,15,4,False,Zone_B
2025-10-17 16:00:00,770.0030556646267,24.9,63,2.7,16,4,False,Zone_B
2025-10-17 17:00:00,754.4874021031079,23.7,65,4.7,17,4,False,Zone_B
2025-10-17 18:00:00,752.5772956205573,23.4,69,4.7,18,4,False,Zone_B
2025-10-17 19:00:00,711.1873910448979,23.5,68,3.9,19,4,False,Zone_B
2025-10-17 20:00:00,744.8252825495933,23.0,69,4.9,20,4,False,Zone_B
2025-10-17 21:00:00,761.2599482423186,22.2,73,4.8,21,4,False,Zone_B
2025-10-17 22:00:00,772.8365570904671,21.6,75,4.6,22,4,False,Zone_B
2025-10-17 23:00:00,784.9599903089758,21.0,79,3.6,23,4,False,Zone_B
2025-10-18 00:00:00,838.1126787223083,21.0,84,6.5,0,5,True,Zone_B
2025-10-18 01:00:00,844.3543453972791,20.6,84,5.9,1,5,True,Zone_B
2025-10-18 02:00:00,908.0635090563646,21.5,80,6.5,2,5,True,Zone_B
2025-10-18 03:00:00,900.5946970058093,24.0,70,3.8,3,5,True,Zone_B
2025-10-18 04:00:00,1000.8694520576357,26.8,57,4.0,4,5,True,Zone_B
2025-10-18 05:00:00,1029.2623718593454,28.8,48,3.8,5,5,True,Zone_B
2025-10-18 06:00:00,1044.499372795305,30.3,40,3.8,6,5,True,Zone_B
2025-10-18 07:00:00,1099.9922868403123,31.3,37,2.4,7,5,True,Zone_B
2025-10-18 08:00:00,1075.6455307374263,31.9,35,3.1,8,5,True,Zone_B
2025-10-18 09:00:00,1055.0699671386153,32.0,33,5.0,9,5,True,Zone_B
2025-10-18 10:00:00,1036.3904515676722,31.9,33,7.2,10,5,True,Zone_B
2025-10-18 11:00:00,1003.0017089617089,31.0,35,9.0,11,5,True,Zone_B
2025-10-18 12:00:00,946.3882099890616,28.9,44,7.7,12,5,True,Zone_B
2025-10-18 13:00:00,864.0310378735403,27.0,50,5.6,13,5,True,Zone_B
2025-10-18 14:00:00,854.7735430658288,26.0,59,4.0,14,5,True,Zone_B
2025-10-18 15:00:00,840.9189636224318,26.0,60,1.9,15,5,True,Zone_B
2025-10-18 16:00:00,820.1952420615733,25.5,61,2.1,16,5,True,Zone_B
2025-10-18 17:00:00,781.3014801256221,25.6,59,1.1,17,5,True,Zone_B
2025-10-18 18:00:00,796.7063976933788,25.5,60,1.3,18,5,True,Zone_B
2025-10-18 19:00:00,751.0042188820378,24.7,64,1.4,19,5,True,Zone_B
2025-10-18 20:00:00,783.6255778858647,23.7,68,1.5,20,5,True,Zone_B
2025-10-18 21:00:00,784.3860125883921,22.7,72,1.9,21,5,True,Zone_B
2025-10-18 22:00:00,814.3005331830093,22.2,73,3.0,22,5,True,Zone_B
2025-10-18 23:00:00,806.4500636880266,22.7,68,1.3,23,5,True,Zone_B
2025-10-19 00:00:00,864.668508407527,21.9,81,4.4,0,6,True,Zone_B
2025-10-19 01:00:00,881.3382594365675,22.6,77,0.9,1,6,True,Zone_B
2025-10-19 02:00:00,882.6554395076056,23.5,76,3.1,2,6,True,Zone_B
2025-10-19 03:00:00,954.0384510649858,25.5,68,2.2,3,6,True,Zone_B
2025-10-19 04:00:00,984.369497530594,28.0,56,2.1,4,6,True,Zone_B
2025-10-19 05:00:00,1059.01505164294,29.7,45,2.5,5,6,True,Zone_B
2025-10-19 06:00:00,1099.829850108232,30.7,40,2.8,6,6,True,Zone_B
2025-10-19 07:00:00,1063.5260771083758,31.6,38,2.2,7,6,True,Zone_B
2025-10-19 08:00:00,1086.1073316284571,32.2,36,2.5,8,6,True,Zone_B
2025-10-19 09:00:00,1045.0134034250786,32.3,35,5.7,9,6,True,Zone_B
2025-10-19 10:00:00,997.1523096470179,31.9,36,10.1,10,6,True,Zone_B
2025-10-19 11:00:00,992.78321604979,30.7,39,12.2,11,6,True,Zone_B
2025-10-19 12:00:00,900.7313161572981,28.8,61,2.0,12,6,True,Zone_B
2025-10-19 13:00:00,908.0783550128127,27.2,66,1.4,13,6,True,Zone_B
2025-10-19 14:00:00,850.2608000452404,26.4,67,2.3,14,6,True,Zone_B
2025-10-19 15:00:00,821.5337144584853,26.1,64,2.8,15,6,True,Zone_B
2025-10-19 16:00:00,801.7579198905152,25.5,62,2.4,16,6,True,Zone_B
2025-10-19 17:00:00,811.8165463636934,25.4,60,1.2,17,6,True,Zone_B
2025-10-19 18:00:00,772.292349683524,25.4,60,1.8,18,6,True,Zone_B
2025-10-19 19:00:00,782.1805186646919,25.3,58,1.3,19,6,True,Zone_B
2025-10-19 20:00:00,823.4570848493228,25.2,56,1.1,20,6,True,Zone_B
2025-10-19 21:00:00,808.2038823566817,25.2,55,0.6,21,6,True,Zone_B
2025-10-19 22:00:00,839.3603368941291,24.9,56,0.4,22,6,True,Zone_B
2025-10-19 23:00:00,850.7939145258086,23.5,61,1.1,23,6,True,Zone_B
2025-10-20 00:00:00,860.4919058112176,22.5,73,4.2,0,0,False,Zone_B
2025-10-20 01:00:00,858.0725218503909,22.3,77,0.9,1,0,False,Zone_B
2025-10-20 02:00:00,915.1300457480869,23.4,73,1.8,2,0,False,Zone_B
2025-10-20 03:00:00,957.9985521098967,25.6,64,2.3,3,0,False,Zone_B
2025-10-20 04:00:00,1008.579961668364,27.9,53,3.1,4,0,False,Zone_B
2025-10-20 05:00:00,1027.5825097195213,29.6,46,4.9,5,0,False,Zone_B
2025-10-20 06:00:00,1067.5707638939296,30.9,38,6.8,6,0,False,Zone_B
2025-10-20 07:00:00,1028.2755580156838,31.7,35,7.8,7,0,False,Zone_B
2025-10-20 08:00:00,1003.9272609670559,32.0,33,8.1,8,0,False,Zone_B
2025-10-20 09:00:00,1054.2781122079357,32.0,33,7.2,9,0,False,Zone_B
2025-10-20 10:00:00,1018.1274392471119,31.8,33,6.1,10,0,False,Zone_B
2025-10-20 11:00:00,993.3003481090594,31.1,34,6.4,11,0,False,Zone_B
2025-10-20 12:00:00,945.2708362677444,29.4,41,9.2,12,0,False,Zone_B
2025-10-20 13:00:00,915.296266929439,28.0,51,4.8,13,0,False,Zone_B
2025-10-20 14:00:00,860.9730550611436,27.5,57,3.4,14,0,False,Zone_B
2025-10-20 15:00:00,835.7101104586028,27.0,58,3.4,15,0,False,Zone_B
2025-10-20 16:00:00,794.8411484300706,26.4,60,3.7,16,0,False,Zone_B
2025-10-20 17:00:00,803.3027053155467,25.5,63,3.8,17,0,False,Zone_B
2025-10-20 18:00:00,783.382345492334,24.4,71,4.5,18,0,False,Zone_B
2025-10-20 19:00:00,745.0893634463112,23.8,75,3.9,19,0,False,Zone_B
2025-10-20 20:00:00,786.087733165062,23.2,78,3.8,20,0,False,Zone_B
2025-10-20 21:00:00,781.8888443257019,22.7,81,3.8,21,0,False,Zone_B
2025-10-20 22:00:00,753.5439892934367,22.2,83,3.6,22,0,False,Zone_B
2025-10-20 23:00:00,776.2919528568491,21.8,86,3.7,23,0,False,Zone_B
2025-10-21 00:00:00,846.0619630722199,22.5,84,8.8,0,1,False,Zone_B
2025-10-21 01:00:00,898.1142818388489,23.1,81,3.8,1,1,False,Zone_B
2025-10-21 02:00:00,945.9692094111598,23.7,77,2.7,2,1,False,Zone_B
2025-10-21 03:00:00,957.2802854161432,25.1,69,2.3,3,1,False,Zone_B
2025-10-21 04:00:00,979.533835518512,27.3,58,2.3,4,1,False,Zone_B
2025-10-21 05:00:00,1078.5899483258916,29.1,49,4.8,5,1,False,Zone_B
2025-10-21 06:00:00,1042.3496369349455,29.4,44,6.1,6,1,False,Zone_B
2025-10-21 07:00:00,1048.6688690783274,29.4,43,6.3,7,1,False,Zone_B
2025-10-21 08:00:00,1029.1996177197461,29.0,45,8.8,8,1,False,Zone_B
2025-10-21 09:00:00,994.2472401910237,29.1,45,5.4,9,1,False,Zone_B
2025-10-21 10:00:00,984.2522526053875,29.0,44,2.8,10,1,False,Zone_B
2025-10-21 11:00:00,952.435728334086,28.6,43,1.6,11,1,False,Zone_B
2025-10-21 12:00:00,940.3140710833603,29.4,42,3.6,12,1,False,Zone_B
2025-10-21 13:00:00,895.6106792327928,28.0,50,5.5,13,1,False,Zone_B
2025-10-21 14:00:00,862.4626624443481,27.2,54,4.9,14,1,False,Zone_B
2025-10-21 15:00:00,870.3256407294544,26.8,54,5.6,15,1,False,Zone_B
2025-10-21 16:00:00,788.7198924536584,26.0,57,7.0,16,1,False,Zone_B
2025-10-21 17:00:00,753.0933951372879,25.0,68,2.3,17,1,False,Zone_B
2025-10-21 18:00:00,764.7129238160945,24.6,77,1.2,18,1,False,Zone_B
2025-10-21 19:00:00,748.4066823248306,24.4,77,0.3,19,1,False,Zone_B
2025-10-21 20:00:00,747.4022804678909,23.8,80,1.0,20,1,False,Zone_B
2025-10-21 21:00:00,805.425666975752,23.9,79,0.6,21,1,False,Zone_B
2025-10-21 22:00:00,847.8543368999905,24.0,77,0.6,22,1,False,Zone_B
2025-10-21 23:00:00,826.1710810510115,23.4,80,1.9,23,1,False,Zone_B
2025-10-22 00:00:00,845.2127026852181,23.5,84,0.2,0,2,False,Zone_B
2025-10-22 01:00:00,876.681194103184,23.5,85,0.3,1,2,False,Zone_B
2025-10-22 02:00:00,947.7334133783526,24.1,84,4.2,2,2,False,Zone_B
2025-10-22 03:00:00,915.5730863824665,25.9,74,4.1,3,2,False,Zone_B
2025-10-22 04:00:00,1028.3411579951373,27.8,63,4.2,4,2,False,Zone_B
2025-10-22 05:00:00,1028.9009019417304,29.4,52,4.2,5,2,False,Zone_B
2025-10-22 06:00:00,1049.7666646212474,30.1,49,6.9,6,2,False,Zone_B
2025-10-22 07:00:00,1054.3971631119177,30.5,46,7.2,7,2,False,Zone_B
2025-10-22 08:00:00,1045.813438131173,30.9,41,7.7,8,2,False,Zone_B
2025-10-22 09:00:00,1059.1440476759208,30.9,37,7.7,9,2,False,Zone_B
2025-10-22 10:00:00,1016.5472364622235,30.8,36,7.6,10,2,False,Zone_B
2025-10-22 11:00:00,955.2186417457687,30.0,40,7.5,11,2,False,Zone_B
2025-10-22 12:00:00,929.3419987888287,28.2,48,8.3,12,2,False,Zone_B
2025-10-22 13:00:00,885.9877151115862,27.1,46,8.2,13,2,False,Zone_B
2025-10-22 14:00:00,829.3098773269016,26.3,46,6.6,14,2,False,Zone_B
2025-10-22 15:00:00,839.7812578905836,25.5,49,6.0,15,2,False,Zone_B
2025-10-22 16:00:00,791.9459391280483,25.0,49,7.0,16,2,False,Zone_B
2025-10-22 17:00:00,761.1339851367368,23.9,54,6.4,17,2,False,Zone_B
2025-10-22 18:00:00,757.0035236550298,23.5,64,5.8,18,2,False,Zone_B
2025-10-22 19:00:00,752.5458418805489,23.0,64,6.3,19,2,False,Zone_B
2025-10-22 20:00:00,746.6511054881989,22.5,62,6.8,20,2,False,Zone_B
2025-10-22 21:00:00,759.862187729742,21.8,63,6.9,21,2,False,Zone_B
2025-10-22 22:00:00,754.6271492423178,21.1,64,7.6,22,2,False,Zone_B
2025-10-22 23:00:00,786.838977333086,20.6,65,6.4,23,2,False,Zone_B
2025-10-23 00:00:00,819.7211835809574,20.7,70,7.5,0,3,False,Zone_B
2025-10-23 01:00:00,825.827091140537,20.3,73,6.9,1,3,False,Zone_B
2025-10-23 02:00:00,895.2597415330129,21.0,72,7.6,2,3,False,Zone_B
2025-10-23 03:00:00,908.8052733515661,23.0,66,6.2,3,3,False,Zone_B
2025-10-23 04:00:00,981.0522527318076,25.8,57,5.4,4,3,False,Zone_B
2025-10-23 05:00:00,982.0161213037173,28.2,49,6.4,5,3,False,Zone_B
2025-10-23 06:00:00,1072.8642440955023,30.0,37,8.0,6,3,False,Zone_B
2025-10-23 07:00:00,1065.165334934816,30.6,31,7.6,7,3,False,Zone_B
2025-10-23 08:00:00,1036.3249087323995,30.9,30,7.1,8,3,False,Zone_B
2025-10-23 09:00:00,1045.0410565908153,30.9,30,7.1,9,3,False,Zone_B
2025-10-23 10:00:00,980.0239427543221,30.4,31,8.5,10,3,False,Zone_B
2025-10-23 11:00:00,975.0798802352091,29.0,38,8.6,11,3,False,Zone_B
2025-10-23 12:00:00,917.8852433611668,27.5,41,8.2,12,3,False,Zone_B
2025-10-23 13:00:00,850.2704029189001,26.2,42,7.7,13,3,False,Zone_B
2025-10-23 14:00:00,813.7214440962254,25.3,46,6.1,14,3,False,Zone_B
2025-10-23 15:00:00,813.7254995341358,25.4,47,3.6,15,3,False,Zone_B
2025-10-23 16:00:00,780.278246152372,25.1,47,1.6,16,3,False,Zone_B
2025-10-23 17:00:00,809.2873606041373,23.8,51,2.8,17,3,False,Zone_B
2025-10-23 18:00:00,708.3864639026772,22.7,58,3.9,18,3,False,Zone_B
2025-10-23 19:00:00,764.5011630538858,21.8,61,4.0,19,3,False,Zone_B
2025-10-23 20:00:00,734.6985505695952,20.8,65,4.2,20,3,False,Zone_B
2025-10-23 21:00:00,728.1834229739574,19.9,69,4.9,21,3,False,Zone_B
2025-10-23 22:00:00,730.5938231668099,19.4,71,6.2,22,3,False,Zone_B
2025-10-23 23:00:00,754.4294870853032,18.9,73,6.1,23,3,False,Zone_B
2025-10-24 00:00:00,805.8804319222393,19.2,77,7.4,0,4,False,Zone_B
2025-10-24 01:00:00,793.4200895668977,19.0,78,6.3,1,4,False,Zone_B
2025-10-24 02:00:00,828.7458431146938,20.2,73,7.6,2,4,False,Zone_B
2025-10-24 03:00:00,910.9047282447845,22.6,66,4.8,3,4,False,Zone_B
2025-10-24 04:00:00,966.8691361371016,25.5,56,3.0,4,4,False,Zone_B
2025-10-24 05:00:00,1015.7642181292244,28.0,45,2.7,5,4,False,Zone_B
2025-10-24 06:00:00,1022.1432852889417,29.5,34,3.1,6,4,False,Zone_B
2025-10-24 07:00:00,1036.847957144266,30.2,32,3.4,7,4,False,Zone_B
2025-10-24 08:00:00,1048.8796023415862,30.6,30,4.0,8,4,False,Zone_B
2025-10-24 09:00:00,1045.9102076072743,30.9,30,5.0,9,4,False,Zone_B
2025-10-24 10:00:00,1042.3560611499436,30.5,31,6.1,10,4,False,Zone_B
2025-10-24 11:00:00,968.1733823641964,29.0,41,5.2,11,4,False,Zone_B
2025-10-24 12:00:00,903.4021815264042,26.5,57,0.4,12,4,False,Zone_B
2025-10-24 13:00:00,853.0369103317005,25.4,59,0.6,13,4,False,Zone_B
2025-10-24 14:00:00,801.7315442970221,24.7,61,3.2,14,4,False,Zone_B
2025-10-24 15:00:00,751.7287533715235,24.1,61,5.1,15,4,False,Zone_B
2025-10-24 16:00:00,734.3631474761378,23.6,60,2.9,16,4,False,Zone_B
2025-10-24 17:00:00,723.9027243333587,23.1,60,1.5,17,4,False,Zone_B
2025-10-24 18:00:00,754.4051314689017,21.8,63,4.2,18,4,False,Zone_B
2025-10-24 19:00:00,730.2066406188749,20.8,64,5.4,19,4,False,Zone_B
2025-10-24 20:00:00,727.266861839234,20.2,64,5.5,20,4,False,Zone_B
2025-10-24 21:00:00,709.4905894210306,20.4,60,6.2,21,4,False,Zone_B
2025-10-24 22:00:00,723.3976497703077,19.8,63,5.6,22,4,False,Zone_B
2025-10-24 23:00:00,764.0657195189681,19.1,66,5.3,23,4,False,Zone_B
2025-10-25 00:00:00,784.1874316882809,18.6,79,4.7,0,5,True,Zone_B
2025-10-25 01:00:00,802.0327406120838,18.5,82,3.2,1,5,True,Zone_B
2025-10-25 02:00:00,821.3097597482218,20.1,75,2.6,2,5,True,Zone_B
2025-10-25 03:00:00,883.8818379714749,22.6,67,2.2,3,5,True,Zone_B
2025-10-25 04:00:00,988.9039919667582,25.7,55,1.5,4,5,True,Zone_B
2025-10-25 05:00:00,1033.5454153678547,27.9,46,0.4,5,5,True,Zone_B
2025-10-25 06:00:00,1036.454481137327,29.0,36,1.0,6,5,True,Zone_B
2025-10-25 07:00:00,1022.5049433022416,29.8,35,2.7,7,5,True,Zone_B
2025-10-25 08:00:00,1038.4750596153253,30.0,34,4.9,8,5,True,Zone_B
2025-10-25 09:00:00,1036.31090340659,30.1,33,7.5,9,5,True,Zone_B
2025-10-25 10:00:00,973.3502139280341,29.7,33,9.4,10,5,True,Zone_B
2025-10-25 11:00:00,950.2203542228342,28.4,39,9.1,11,5,True,Zone_B
2025-10-25 12:00:00,932.4550516624654,26.6,43,6.3,12,5,True,Zone_B
2025-10-25 13:00:00,832.039968324225,25.1,53,3.3,13,5,True,Zone_B
2025-10-25 14:00:00,804.3903692010433,24.5,53,4.2,14,5,True,Zone_B
2025-10-25 15:00:00,779.9094330455924,24.0,53,3.7,15,5,True,Zone_B
2025-10-25 16:00:00,752.9294285302013,23.6,54,3.0,16,5,True,Zone_B
2025-10-25 17:00:00,724.0801717814169,23.0,55,2.3,17,5,True,Zone_B
2025-10-25 18:00:00,767.8635636500112,22.8,57,2.0,18,5,True,Zone_B
2025-10-25 19:00:00,746.8852239022528,22.2,59,1.6,19,5,True,Zone_B
2025-10-25 20:00:00,734.3899210024179,21.2,62,2.4,20,5,True,Zone_B
2025-10-25 21:00:00,767.9995859742581,20.1,67,4.2,21,5,True,Zone_B
2025-10-25 22:00:00,751.127881699798,18.9,73,5.7,22,5,True,Zone_B
2025-10-25 23:00:00,754.1466563795017,18.8,72,5.2,23,5,True,Zone_B
2025-10-26 00:00:00,789.4339479791846,18.7,72,5.2,0,6,True,Zone_B
2025-10-26 01:00:00,770.9820257900825,18.2,75,5.9,1,6,True,Zone_B
2025-10-26 02:00:00,838.4499298139167,19.4,73,4.2,2,6,True,Zone_B
2025-10-26 03:00:00,921.5881553854251,22.0,65,4.9,3,6,True,Zone_B
2025-10-26 04:00:00,937.3739433784252,24.8,57,3.0,4,6,True,Zone_B
2025-10-26 05:00:00,1018.1819424450904,27.0,48,4.1,5,6,True,Zone_B
2025-10-26 06:00:00,1010.8137700980336,28.5,40,3.7,6,6,True,Zone_B
2025-10-26 07:00:00,1060.4045186380156,29.5,33,2.6,7,6,True,Zone_B
2025-10-26 08:00:00,1045.2695217714906,30.0,29,4.0,8,6,True,Zone_B
2025-10-26 09:00:00,1013.766368548948,30.1,27,5.6,9,6,True,Zone_B
2025-10-26 10:00:00,982.7609002122239,29.7,28,6.7,10,6,True,Zone_B
2025-10-26 11:00:00,977.7833076181159,28.5,33,6.6,11,6,True,Zone_B
2025-10-26 12:00:00,877.5384211587249,26.1,54,4.2,12,6,True,Zone_B
2025-10-26 13:00:00,813.3012954650693,25.4,56,1.3,13,6,True,Zone_B
2025-10-26 14:00:00,833.000814966599,25.0,56,1.0,14,6,True,Zone_B
2025-10-26 15:00:00,787.3851756629756,24.6,55,1.3,15,6,True,Zone_B
2025-10-26 16:00:00,788.8656497098856,24.3,55,1.0,16,6,True,Zone_B
2025-10-26 17:00:00,801.3781323957187,23.6,57,1.8,17,6,True,Zone_B
2025-10-26 18:00:00,708.7664344873872,22.2,62,4.1,18,6,True,Zone_B
2025-10-26 19:00:00,701.0182567047295,21.6,64,3.7,19,6,True,Zone_B
2025-10-26 20:00:00,723.0839188325523,21.1,65,3.4,20,6,True,Zone_B
2025-10-26 21:00:00,762.3442067026383,20.6,67,3.4,21,6,True,Zone_B
2025-10-26 22:00:00,742.2195205610044,20.1,68,4.0,22,6,True,Zone_B
2025-10-26 23:00:00,791.2976437415982,19.8,70,3.4,23,6,True,Zone_B
2025-10-27 00:00:00,795.8602047570762,19.5,71,2.7,0,0,False,Zone_B
2025-10-27 01:00:00,809.9861756097174,19.2,72,3.5,1,0,False,Zone_B
2025-10-27 02:00:00,826.3642350122219,20.4,72,3.3,2,0,False,Zone_B
2025-10-27 03:00:00,915.4237652303771,22.7,63,4.3,3,0,False,Zone_B
2025-10-27 04:00:00,1009.9582555357713,25.2,55,4.2,4,0,False,Zone_B
2025-10-27 05:00:00,1003.3253340935289,27.4,46,4.6,5,0,False,Zone_B
2025-10-27 06:00:00,1043.746868579295,28.0,45,6.8,6,0,False,Zone_B
2025-10-27 07:00:00,1037.3142389667346,29.2,39,7.6,7,0,False,Zone_B
2025-10-27 08:00:00,1002.3069480429581,28.6,42,9.3,8,0,False,Zone_B
2025-10-27 09:00:00,993.5164416719689,26.8,53,13.4,9,0,False,Zone_B
2025-10-27 10:00:00,924.5527406497413,24.8,54,12.6,10,0,False,Zone_B
2025-10-27 11:00:00,876.8455217536322,23.5,56,10.0,11,0,False,Zone_B
2025-10-27 12:00:00,835.337115052755,24.5,52,12.3,12,0,False,Zone_B
2025-10-27 13:00:00,814.4928962343562,23.4,56,11.8,13,0,False,Zone_B
2025-10-27 14:00:00,772.7735141568177,22.6,65,10.7,14,0,False,Zone_B
2025-10-27 15:00:00,742.9342107056044,22.0,71,8.3,15,0,False,Zone_B
2025-10-27 16:00:00,736.6183403969725,21.5,75,6.7,16,0,False,Zone_B
2025-10-27 17:00:00,691.3642254798001,21.2,78,5.4,17,0,False,Zone_B
2025-10-27 18:00:00,709.7816956263601,21.0,82,6.4,18,0,False,Zone_B
2025-10-27 19:00:00,694.7454199523656,21.0,82,5.3,19,0,False,Zone_B
2025-10-27 20:00:00,718.6400246987498,20.8,83,4.2,20,0,False,Zone_B
2025-10-27 21:00:00,744.5620913042396,20.3,87,3.1,21,0,False,Zone_B
2025-10-27 22:00:00,723.5907606912732,20.4,86,0.5,22,0,False,Zone_B
2025-10-27 23:00:00,775.2828782166328,20.3,86,2.8,23,0,False,Zone_B
2025-10-28 00:00:00,806.6396350190006,20.7,86,2.5,0,1,False,Zone_B
2025-10-28 01:00:00,836.1315678573136,21.0,86,2.2,1,1,False,Zone_B
2025-10-28 02:00:00,901.3853941847996,21.4,83,3.0,2,1,False,Zone_B
2025-10-28 03:00:00,900.5277860983604,21.8,81,4.2,3,1,False,Zone_B
2025-10-28 04:00:00,914.4083553135548,22.6,76,4.1,4,1,False,Zone_B
2025-10-28 05:00:00,954.7592588759395,24.2,68,4.2,5,1,False,Zone_B
2025-10-28 06:00:00,982.6471733084597,24.8,63,4.2,6,1,False,Zone_B
2025-10-28 07:00:00,949.5134999227762,24.6,63,4.9,7,1,False,Zone_B
2025-10-28 08:00:00,951.6040602327233,25.0,62,6.7,8,1,False,Zone_B
2025-10-28 09:00:00,936.5289212299695,25.2,62,5.9,9,1,False,Zone_B
2025-10-28 10:00:00,957.2288965351137,25.4,61,5.9,10,1,False,Zone_B
2025-10-28 11:00:00,901.8350856739761,25.0,64,6.8,11,1,False,Zone_B
2025-10-28 12:00:00,879.6143647077597,23.5,74,6.0,12,1,False,Zone_B
2025-10-28 13:00:00,811.373446607988,22.6,79,4.5,13,1,False,Zone_B
2025-10-28 14:00:00,811.1539996078695,22.3,81,6.8,14,1,False,Zone_B
2025-10-28 15:00:00,752.6833802490456,21.8,86,6.2,15,1,False,Zone_B
2025-10-28 16:00:00,725.9588493006229,21.1,89,6.1,16,1,False,Zone_B
2025-10-28 17:00:00,720.0199739157785,20.5,93,3.4,17,1,False,Zone_B
2025-10-28 18:00:00,715.7831374882413,20.0,93,3.8,18,1,False,Zone_B
2025-10-28 19:00:00,689.1940580770583,20.0,93,2.9,19,1,False,Zone_B
2025-10-28 20:00:00,734.9515004105481,19.9,93,1.7,20,1,False,Zone_B
2025-10-28 21:00:00,737.838038152683,19.8,93,2.2,21,1,False,Zone_B
2025-10-28 22:00:00,727.9487674532567,19.8,93,3.1,22,1,False,Zone_B
2025-10-28 23:00:00,804.5022303636006,19.8,92,3.7,23,1,False,Zone_B
2025-10-29 00:00:00,799.836479379522,19.6,90,4.4,0,2,False,Zone_B
2025-10-29 01:00:00,830.4542872435642,19.9,88,3.8,1,2,False,Zone_B
2025-10-29 02:00:00,845.780055235406,20.8,84,5.2,2,2,False,Zone_B
2025-10-29 03:00:00,889.34952715518,22.5,75,4.4,3,2,False,Zone_B
2025-10-29 04:00:00,927.4475598424069,24.5,67,6.2,4,2,False,Zone_B
2025-10-29 05:00:00,1010.3847030958221,26.4,58,8.8,5,2,False,Zone_B
2025-10-29 06:00:00,992.2818848465595,27.2,56,6.7,6,2,False,Zone_B
2025-10-29 07:00:00,1026.0020886840014,28.1,53,6.1,7,2,False,Zone_B
2025-10-29 08:00:00,992.4784104862526,28.6,50,6.1,8,2,False,Zone_B
2025-10-29 09:00:00,1000.0648651056341,28.5,50,6.0,9,2,False,Zone_B
2025-10-29 10:00:00,965.8844051150481,28.4,50,5.6,10,2,False,Zone_B
2025-10-29 11:00:00,951.3910611006514,27.7,54,3.8,11,2,False,Zone_B
2025-10-29 12:00:00,894.3763520484656,26.8,64,1.3,12,2,False,Zone_B
2025-10-29 13:00:00,889.0224957589193,26.0,65,1.9,13,2,False,Zone_B
2025-10-29 14:00:00,833.2435130627149,25.4,67,3.6,14,2,False,Zone_B
2025-10-29 15:00:00,778.7269002815259,24.9,67,1.7,15,2,False,Zone_B
2025-10-29 16:00:00,785.7254252033309,24.8,67,1.2,16,2,False,Zone_B
2025-10-29 17:00:00,744.6287801450891,24.2,68,2.6,17,2,False,Zone_B
2025-10-29 18:00:00,756.3384083414044,24.0,70,3.2,18,2,False,Zone_B
2025-10-29 19:00:00,739.7986565557511,23.8,69,5.1,19,2,False,Zone_B
2025-10-29 20:00:00,776.4009791029893,23.5,72,4.7,20,2,False,Zone_B
2025-10-29 21:00:00,784.5755634589732,23.2,72,4.8,21,2,False,Zone_B
2025-10-29 22:00:00,808.2671732785365,22.9,73,5.6,22,2,False,Zone_B
2025-10-29 23:00:00,804.3055351121532,22.4,76,5.3,23,2,False,Zone_B
2025-10-30 00:00:00,827.7864643300421,22.0,83,4.8,0,3,False,Zone_B
2025-10-30 01:00:00,823.8899432885785,21.5,87,2.7,1,3,False,Zone_B
2025-10-30 02:00:00,893.1807153954134,21.9,86,2.3,2,3,False,Zone_B
2025-10-30 03:00:00,885.797053369554,22.5,84,0.6,3,3,False,Zone_B
2025-10-30 04:00:00,954.4981090123537,23.9,79,0.4,4,3,False,Zone_B
2025-10-30 05:00:00,1013.464848614539,25.1,75,3.1,5,3,False,Zone_B
2025-10-30 06:00:00,1019.8088784002728,26.2,70,5.6,6,3,False,Zone_B
2025-10-30 07:00:00,984.1686915796714,26.1,70,4.8,7,3,False,Zone_B
2025-10-30 08:00:00,980.9132163045946,26.0,68,4.7,8,3,False,Zone_B
2025-10-30 09:00:00,926.6178292765622,25.8,68,3.7,9,3,False,Zone_B
2025-10-30 10:00:00,895.5605872701493,25.5,69,3.6,10,3,False,Zone_B
2025-10-30 11:00:00,908.3371050259515,25.1,71,2.1,11,3,False,Zone_B
2025-10-30 12:00:00,839.4384343056146,24.2,84,3.4,12,3,False,Zone_B
2025-10-30 13:00:00,821.1730385902047,23.7,88,2.4,13,3,False,Zone_B
2025-10-30 14:00:00,780.8621164945991,22.8,92,3.1,14,3,False,Zone_B
2025-10-30 15:00:00,772.6448422107322,22.7,94,4.7,15,3,False,Zone_B
2025-10-30 16:00:00,735.2409144601675,22.5,96,4.0,16,3,False,Zone_B
2025-10-30 17:00:00,731.4226657360731,22.4,98,5.2,17,3,False,Zone_B
2025-10-30 18:00:00,740.2164261353875,22.2,98,6.5,18,3,False,Zone_B
2025-10-30 19:00:00,711.7531199401953,22.2,97,6.3,19,3,False,Zone_B
2025-10-30 20:00:00,732.8167254627615,22.0,97,4.7,20,3,False,Zone_B
2025-10-30 21:00:00,724.8892190008937,21.9,98,4.9,21,3,False,Zone_B
2025-10-30 22:00:00,806.25056352147,21.7,98,4.2,22,3,False,Zone_B
2025-10-30 23:00:00,819.9575721362428,21.5,98,2.5,23,3,False,Zone_B
2025-10-31 00:00:00,816.3324589617708,21.4,97,0.7,0,4,False,Zone_B
2025-10-31 01:00:00,835.6600544341591,21.1,97,1.0,1,4,False,Zone_B
2025-10-31 02:00:00,883.3464635622554,21.8,97,5.1,2,4,False,Zone_B
2025-10-31 03:00:00,928.4553906179838,22.9,92,7.3,3,4,False,Zone_B
2025-10-31 04:00:00,915.6901758547501,24.4,82,6.9,4,4,False,Zone_B
2025-10-31 05:00:00,1003.4830893637145,25.9,72,5.5,5,4,False,Zone_B
2025-10-31 06:00:00,1045.0130457701289,27.2,65,4.3,6,4,False,Zone_B
2025-10-31 07:00:00,944.1510041972151,28.4,58,3.7,7,4,False,Zone_B
2025-10-31 08:00:00,1011.6371099141475,29.0,54,3.6,8,4,False,Zone_B
2025-10-31 09:00:00,1026.7550578090832,29.2,52,4.0,9,4,False,Zone_B
2025-10-31 10:00:00,984.0652375762204,29.3,52,4.7,10,4,False,Zone_B
2025-10-31 11:00:00,950.2133094748057,28.8,52,5.5,11,4,False,Zone_B
2025-10-31 12:00:00,877.6404683672697,26.9,65,5.3,12,4,False,Zone_B
2025-10-31 13:00:00,819.1476949160848,25.5,72,6.0,13,4,False,Zone_B
2025-10-31 14:00:00,873.8359854515452,24.7,74,6.3,14,4,False,Zone_B
2025-10-31 15:00:00,824.5767234848495,24.3,74,6.4,15,4,False,Zone_B
2025-10-31 16:00:00,745.3422197883966,23.6,75,8.2,16,4,False,Zone_B
2025-10-31 17:00:00,735.1959313351225,23.0,78,8.0,17,4,False,Zone_B
2025-10-31 18:00:00,720.6937150518712,22.4,85,6.9,18,4,False,Zone_B
2025-10-31 19:00:00,755.6807768462497,22.3,84,5.6,19,4,False,Zone_B
2025-10-31 20:00:00,720.5314294828584,21.9,85,6.4,20,4,False,Zone_B
2025-10-31 21:00:00,767.8122266663746,21.5,86,7.8,21,4,False,Zone_B
2025-10-31 22:00:00,781.9763134696932,20.9,90,7.2,22,4,False,Zone_B
2025-10-31 23:00:00,770.6820132479655,20.5,93,7.1,23,4,False,Zone_B
2025-11-01 00:00:00,807.8926299124196,20.6,95,8.3,0,5,True,Zone_B
2025-11-01 01:00:00,837.0689336943595,20.5,96,7.3,1,5,True,Zone_B
2025-11-01 02:00:00,871.8243933446919,20.9,96,8.4,2,5,True,Zone_B
2025-11-01 03:00:00,916.0632668855401,22.4,91,5.8,3,5,True,Zone_B
2025-11-01 04:00:00,951.285311479904,25.4,72,5.1,4,5,True,Zone_B
2025-11-01 05:00:00,1004.7029793041951,27.9,52,6.3,5,5,True,Zone_B
2025-11-01 06:00:00,1066.978090263286,29.1,40,8.3,6,5,True,Zone_B
2025-11-01 07:00:00,1066.4687684465484,29.9,34,9.3,7,5,True,Zone_B
2025-11-01 08:00:00,1036.2671739346295,30.2,31,9.8,8,5,True,Zone_B
2025-11-01 09:00:00,954.51150459319,30.2,31,10.2,9,5,True,Zone_B
2025-11-01 10:00:00,998.2262357277754,29.8,32,9.9,10,5,True,Zone_B
2025-11-01 11:00:00,991.7712201102332,28.6,36,8.7,11,5,True,Zone_B
2025-11-01 12:00:00,903.7329270376896,26.1,53,5.6,12,5,True,Zone_B
2025-11-01 13:00:00,834.6658547399759,24.8,56,5.9,13,5,True,Zone_B
2025-11-01 14:00:00,814.6749550595821,24.0,59,5.7,14,5,True,Zone_B
2025-11-01 15:00:00,780.7341433611555,23.5,58,6.4,15,5,True,Zone_B
2025-11-01 16:00:00,776.6605038381017,23.0,58,6.8,16,5,True,Zone_B
2025-11-01 17:00:00,733.3835329173726,22.4,59,7.0,17,5,True,Zone_B
2025-11-01 18:00:00,733.4512854492965,21.7,66,6.3,18,5,True,Zone_B
2025-11-01 19:00:00,712.8164342167031,21.2,68,6.4,19,5,True,Zone_B
2025-11-01 20:00:00,748.0575659756928,21.0,68,7.2,20,5,True,Zone_B
2025-11-01 21:00:00,751.1506565257469,20.7,69,8.1,21,5,True,Zone_B
2025-11-01 22:00:00,782.8667198964821,20.1,71,8.1,22,5,True,Zone_B
2025-11-01 23:00:00,781.2330203866127,19.2,74,8.3,23,5,True,Zone_B
2025-11-02 00:00:00,793.7481125082413,19.1,80,8.6,0,6,True,Zone_B
2025-11-02 01:00:00,793.1659508703935,19.0,80,7.9,1,6,True,Zone_B
2025-11-02 02:00:00,830.6087464660908,19.5,79,8.2,2,6,True,Zone_B
2025-11-02 03:00:00,887.6776858027176,21.5,76,8.0,3,6,True,Zone_B
2025-11-02 04:00:00,973.6825956484774,23.7,67,7.2,4,6,True,Zone_B
2025-11-02 05:00:00,937.4441683411027,25.6,59,7.3,5,6,True,Zone_B
2025-11-02 06:00:00,1028.002673014246,27.2,52,9.7,6,6,True,Zone_B
2025-11-02 07:00:00,1022.1945565556481,28.4,42,13.1,7,6,True,Zone_B
2025-11-02 08:00:00,989.7960559689532,29.0,37,13.4,8,6,True,Zone_B
2025-11-02 09:00:00,1042.953033771032,29.0,37,13.2,9,6,True,Zone_B
2025-11-02 10:00:00,954.0847382655357,28.5,38,11.8,10,6,True,Zone_B
2025-11-02 11:00:00,928.4279862987086,27.2,43,9.6,11,6,True,Zone_B
2025-11-02 12:00:00,844.6950110305268,25.4,52,8.8,12,6,True,Zone_B
2025-11-02 13:00:00,804.8086415734143,23.9,56,8.5,13,6,True,Zone_B
2025-11-02 14:00:00,813.7540711171848,23.2,57,9.0,14,6,True,Zone_B
2025-11-02 15:00:00,793.9160752872591,22.6,57,9.3,15,6,True,Zone_B
2025-11-02 16:00:00,725.9436181151532,22.0,56,9.6,16,6,True,Zone_B
2025-11-02 17:00:00,695.527053871623,21.4,57,9.6,17,6,True,Zone_B
2025-11-02 18:00:00,722.3123504797263,21.3,60,10.1,18,6,True,Zone_B
2025-11-02 19:00:00,707.1224740108424,20.6,62,10.0,19,6,True,Zone_B
2025-11-02 20:00:00,691.0257873097329,19.8,65,10.6,20,6,True,Zone_B
2025-11-02 21:00:00,742.0261569679917,19.0,67,10.6,21,6,True,Zone_B
2025-11-02 22:00:00,720.7907174030045,18.6,68,10.7,22,6,True,Zone_B
2025-11-02 23:00:00,734.5752810046208,18.1,70,10.3,23,6,True,Zone_B
2025-11-03 00:00:00,777.7760550772434,17.9,73,10.3,0,0,False,Zone_B
2025-11-03 01:00:00,774.7254643540218,17.5,73,9.7,1,0,False,Zone_B
2025-11-03 02:00:00,826.0605991237964,18.0,71,9.7,2,0,False,Zone_B
2025-11-03 03:00:00,875.1587971947403,20.0,69,9.7,3,0,False,Zone_B
2025-11-03 04:00:00,883.3895416946399,22.4,62,7.2,4,0,False,Zone_B
2025-11-03 05:00:00,944.6343325427264,24.6,54,7.6,5,0,False,Zone_B
2025-11-03 06:00:00,1023.6902184676995,27.0,47,8.3,6,0,False,Zone_B
2025-11-03 07:00:00,1028.6105293464855,28.3,42,9.4,7,0,False,Zone_B
2025-11-03 08:00:00,1006.8764253233546,29.4,37,11.0,8,0,False,Zone_B
2025-11-03 09:00:00,1033.6433058961265,29.8,31,13.9,9,0,False,Zone_B
2025-11-03 10:00:00,963.6872294297192,29.2,33,12.2,10,0,False,Zone_B
2025-11-03 11:00:00,939.0884160451023,27.5,38,10.3,11,0,False,Zone_B
2025-11-03 12:00:00,917.5727622381332,25.6,44,8.4,12,0,False,Zone_B
2025-11-03 13:00:00,823.4728859691655,24.0,51,7.0,13,0,False,Zone_B
2025-11-03 14:00:00,794.2484811966588,23.3,55,5.9,14,0,False,Zone_B
2025-11-03 15:00:00,741.9133310256984,23.1,54,3.5,15,0,False,Zone_B
2025-11-03 16:00:00,740.4443024723082,22.7,53,2.1,16,0,False,Zone_B
2025-11-03 17:00:00,739.8404403017462,22.0,54,1.9,17,0,False,Zone_B
2025-11-03 18:00:00,757.5314505933368,22.0,56,1.5,18,0,False,Zone_B
2025-11-03 19:00:00,753.3865117658013,20.9,59,1.6,19,0,False,Zone_B
2025-11-03 20:00:00,696.2961358385486,20.2,61,1.8,20,0,False,Zone_B
2025-11-03 21:00:00,730.3947370567178,19.4,65,3.7,21,0,False,Zone_B
2025-11-03 22:00:00,767.4955006309774,18.8,69,4.0,22,0,False,Zone_B
2025-11-03 23:00:00,753.4996425617155,19.2,70,5.2,23,0,False,Zone_B
2025-11-04 00:00:00,772.8141195638939,18.7,74,5.3,0,1,False,Zone_B
2025-11-04 01:00:00,832.479849886619,19.6,70,7.3,1,1,False,Zone_B
2025-11-04 02:00:00,830.6500204994046,19.5,71,8.6,2,1,False,Zone_B
2025-11-04 03:00:00,879.7539755591115,21.1,69,10.3,3,1,False,Zone_B
2025-11-04 04:00:00,977.9125652105168,22.9,66,5.2,4,1,False,Zone_B
2025-11-04 05:00:00,983.445629164022,25.1,59,2.7,5,1,False,Zone_B
2025-11-04 06:00:00,1010.4585401705643,26.8,50,4.6,6,1,False,Zone_B
2025-11-04 07:00:00,986.7524695105906,27.9,46,6.2,7,1,False,Zone_B
2025-11-04 08:00:00,991.0830413096863,27.5,50,12.4,8,1,False,Zone_B
2025-11-04 09:00:00,962.9555791265119,27.4,47,10.4,9,1,False,Zone_B
2025-11-04 10:00:00,958.1686404162423,27.1,45,8.6,10,1,False,Zone_B
2025-11-04 11:00:00,921.2735679349595,25.9,55,5.2,11,1,False,Zone_B
2025-11-04 12:00:00,851.6739403946502,24.2,67,5.4,12,1,False,Zone_B
2025-11-04 13:00:00,815.5882586758083,23.5,66,7.8,13,1,False,Zone_B
2025-11-04 14:00:00,803.304255797407,22.5,71,5.8,14,1,False,Zone_B
2025-11-04 15:00:00,749.4880714026065,21.8,73,6.5,15,1,False,Zone_B
2025-11-04 16:00:00,736.8405105655723,21.2,75,6.1,16,1,False,Zone_B
2025-11-04 17:00:00,706.8792801415309,20.9,76,5.4,17,1,False,Zone_B
2025-11-04 18:00:00,682.1827156867058,21.0,82,4.8,18,1,False,Zone_B
2025-11-04 19:00:00,684.1955808084494,20.9,84,5.1,19,1,False,Zone_B
2025-11-04 20:00:00,743.974316285773,20.8,85,4.2,20,1,False,Zone_B
2025-11-04 21:00:00,695.363686317558,20.5,86,2.3,21,1,False,Zone_B
2025-11-04 22:00:00,728.8699740711609,19.9,89,7.9,22,1,False,Zone_B
2025-11-04 23:00:00,777.6046482116406,19.0,92,7.3,23,1,False,Zone_B
2025-11-05 00:00:00,777.4655330428577,18.3,94,4.4,0,2,False,Zone_B
2025-11-05 01:00:00,804.2233442295535,18.4,93,2.9,1,2,False,Zone_B
2025-11-05 02:00:00,866.1193078480737,19.4,91,4.6,2,2,False,Zone_B
2025-11-05 03:00:00,900.786489950413,21.5,85,3.8,3,2,False,Zone_B
2025-11-05 04:00:00,923.2834757256891,23.6,77,3.4,4,2,False,Zone_B
2025-11-05 05:00:00,971.7926197907557,25.5,69,3.6,5,2,False,Zone_B
2025-11-05 06:00:00,1035.663670714797,27.4,62,5.8,6,2,False,Zone_B
2025-11-05 07:00:00,1001.1613965121483,28.5,50,7.9,7,2,False,Zone_B
2025-11-05 08:00:00,1020.3767132611895,29.0,41,9.5,8,2,False,Zone_B
2025-11-05 09:00:00,990.6386073903386,28.8,38,9.8,9,2,False,Zone_B
2025-11-05 10:00:00,997.7969480545531,28.2,41,9.5,10,2,False,Zone_B
2025-11-05 11:00:00,918.5572854898293,26.9,47,8.1,11,2,False,Zone_B
2025-11-05 12:00:00,911.8547195565667,25.5,50,7.6,12,2,False,Zone_B
2025-11-05 13:00:00,836.7926061465157,24.5,51,9.3,13,2,False,Zone_B
2025-11-05 14:00:00,807.6684396812826,23.5,54,10.2,14,2,False,Zone_B
2025-11-05 15:00:00,769.2716036580376,22.9,54,10.3,15,2,False,Zone_B
2025-11-05 16:00:00,761.2847855045848,22.0,55,10.4,16,2,False,Zone_B
2025-11-05 17:00:00,708.8211497277856,21.1,57,10.1,17,2,False,Zone_B
2025-11-05 18:00:00,680.2169779364378,20.6,64,9.9,18,2,False,Zone_B
2025-11-05 19:00:00,719.95880997522,19.8,65,10.8,19,2,False,Zone_B
2025-11-05 20:00:00,631.9997733516318,18.9,64,10.8,20,2,False,Zone_B
2025-11-05 21:00:00,738.8976537823437,18.1,57,10.9,21,2,False,Zone_B
2025-11-05 22:00:00,709.9303884987406,17.1,53,10.9,22,2,False,Zone_B
2025-11-05 23:00:00,728.5692174545669,16.1,56,10.7,23,2,False,Zone_B
2025-11-06 00:00:00,709.3504783308874,15.8,67,11.9,0,3,False,Zone_B
2025-11-06 01:00:00,738.0595856240412,15.2,69,10.8,1,3,False,Zone_B
2025-11-06 02:00:00,813.4202425918726,15.6,69,10.4,2,3,False,Zone_B
2025-11-06 03:00:00,796.5074321144782,17.2,67,9.0,3,3,False,Zone_B
2025-11-06 04:00:00,882.1648631005447,19.4,61,7.8,4,3,False,Zone_B
2025-11-06 05:00:00,930.3928228054868,21.5,51,9.5,5,3,False,Zone_B
2025-11-06 06:00:00,968.57660917346,23.4,42,11.6,6,3,False,Zone_B
2025-11-06 07:00:00,937.4763980231137,24.3,37,10.7,7,3,False,Zone_B
2025-11-06 08:00:00,954.2901326343532,24.9,35,10.4,8,3,False,Zone_B
2025-11-06 09:00:00,944.5806061141541,25.1,34,10.9,9,3,False,Zone_B
2025-11-06 10:00:00,935.0090889913205,24.7,35,10.8,10,3,False,Zone_B
2025-11-06 11:00:00,882.8017060270386,23.4,42,8.7,11,3,False,Zone_B
2025-11-06 12:00:00,820.7777796054223,21.5,49,8.6,12,3,False,Zone_B
2025-11-06 13:00:00,781.6006682581423,20.2,54,7.8,13,3,False,Zone_B
2025-11-06 14:00:00,759.6766876794754,19.6,56,8.8,14,3,False,Zone_B
2025-11-06 15:00:00,716.8329940239405,19.0,58,9.1,15,3,False,Zone_B
2025-11-06 16:00:00,654.5228749540333,18.5,58,10.0,16,3,False,Zone_B
2025-11-06 17:00:00,679.0216679913733,18.0,57,10.0,17,3,False,Zone_B
2025-11-06 18:00:00,665.0903072706977,17.9,58,11.0,18,3,False,Zone_B
2025-11-06 19:00:00,646.8580879046497,17.0,60,10.1,19,3,False,Zone_B
2025-11-06 20:00:00,644.8784979729693,16.2,62,9.9,20,3,False,Zone_B
2025-11-06 21:00:00,670.6789418806076,15.6,63,10.0,21,3,False,Zone_B
2025-11-06 22:00:00,695.649501471953,15.1,64,9.6,22,3,False,Zone_B
2025-11-06 23:00:00,708.3451468053254,14.7,65,9.6,23,3,False,Zone_B
2025-11-07 00:00:00,696.8496583678924,14.7,69,10.8,0,4,False,Zone_B
2025-11-07 01:00:00,684.5784349058506,14.1,71,10.2,1,4,False,Zone_B
2025-11-07 02:00:00,746.0367010935869,14.4,70,10.6,2,4,False,Zone_B
2025-11-07 03:00:00,829.5642910813089,15.9,68,10.8,3,4,False,Zone_B
2025-11-07 04:00:00,843.759594528998,18.3,61,9.0,4,4,False,Zone_B
2025-11-07 05:00:00,903.9772014612001,20.6,52,8.9,5,4,False,Zone_B
2025-11-07 06:00:00,965.0099783419877,23.6,45,10.2,6,4,False,Zone_B
2025-11-07 07:00:00,1010.9899514802369,25.0,39,10.4,7,4,False,Zone_B
2025-11-07 08:00:00,958.0676945466562,25.9,33,10.4,8,4,False,Zone_B
2025-11-07 09:00:00,982.6443892496119,26.0,30,10.6,9,4,False,Zone_B
2025-11-07 10:00:00,939.3492117184751,25.6,32,8.8,10,4,False,Zone_B
2025-11-07 11:00:00,878.0664105250487,24.0,41,7.7,11,4,False,Zone_B
2025-11-07 12:00:00,835.4206297002102,22.2,45,9.6,12,4,False,Zone_B
2025-11-07 13:00:00,775.7397708440058,21.0,48,9.3,13,4,False,Zone_B
2025-11-07 14:00:00,729.4272174636275,20.0,50,8.9,14,4,False,Zone_B
2025-11-07 15:00:00,731.1773631140538,19.1,52,9.4,15,4,False,Zone_B
2025-11-07 16:00:00,686.3047575784838,18.4,54,9.0,16,4,False,Zone_B
2025-11-07 17:00:00,649.1775619102267,17.6,54,9.1,17,4,False,Zone_B
2025-11-07 18:00:00,687.049243875299,17.4,56,10.8,18,4,False,Zone_B
2025-11-07 19:00:00,633.0289263663082,16.5,58,10.0,19,4,False,Zone_B
2025-11-07 20:00:00,691.0120789848422,15.9,60,10.2,20,4,False,Zone_B
2025-11-07 21:00:00,705.8403578038217,15.6,61,10.3,21,4,False,Zone_B
2025-11-07 22:00:00,652.6723965954205,15.1,61,9.8,22,4,False,Zone_B
2025-11-07 23:00:00,714.7414738315279,14.6,62,9.1,23,4,False,Zone_B
2025-11-08 00:00:00,723.4132700410117,14.2,66,9.1,0,5,True,Zone_B
2025-11-08 01:00:00,729.9528100911461,13.8,68,6.8,1,5,True,Zone_B
2025-11-08 02:00:00,778.9540490371385,14.2,67,7.5,2,5,True,Zone_B
2025-11-08 03:00:00,806.0009727135687,16.2,63,8.0,3,5,True,Zone_B
2025-11-08 04:00:00,905.114189025172,18.9,57,5.8,4,5,True,Zone_B
2025-11-08 05:00:00,911.6291328402652,21.3,48,6.5,5,5,True,Zone_B
2025-11-08 06:00:00,976.920056963181,23.9,36,9.0,6,5,True,Zone_B
2025-11-08 07:00:00,978.2658785563516,24.9,32,9.8,7,5,True,Zone_B
2025-11-08 08:00:00,934.1537450616954,25.5,30,10.9,8,5,True,Zone_B
2025-11-08 09:00:00,926.9477715928666,25.5,28,11.2,9,5,True,Zone_B
2025-11-08 10:00:00,953.0289088932858,25.0,31,9.7,10,5,True,Zone_B
2025-11-08 11:00:00,862.9440717618048,23.4,40,7.2,11,5,True,Zone_B
2025-11-08 12:00:00,811.8080764178529,21.2,46,7.3,12,5,True,Zone_B
2025-11-08 13:00:00,780.4655764558288,20.0,51,6.8,13,5,True,Zone_B
2025-11-08 14:00:00,745.2909756364212,19.3,53,7.2,14,5,True,Zone_B
2025-11-08 15:00:00,737.2687487169719,18.8,53,7.5,15,5,True,Zone_B
2025-11-08 16:00:00,664.2581774340814,18.0,56,7.2,16,5,True,Zone_B
2025-11-08 17:00:00,695.9212261587705,17.5,57,7.2,17,5,True,Zone_B
2025-11-08 18:00:00,660.4323358470053,17.1,58,7.1,18,5,True,Zone_B
2025-11-08 19:00:00,625.054015806612,16.7,58,8.2,19,5,True,Zone_B
2025-11-08 20:00:00,669.3644476200516,16.2,58,8.7,20,5,True,Zone_B
2025-11-08 21:00:00,665.7362630097152,15.8,59,8.1,21,5,True,Zone_B
2025-11-08 22:00:00,667.6264325663955,15.1,61,7.6,22,5,True,Zone_B
2025-11-08 23:00:00,698.5578314447027,14.6,63,7.7,23,5,True,Zone_B
2025-11-09 00:00:00,694.7372596281529,14.1,68,8.1,0,6,True,Zone_B
2025-11-09 01:00:00,701.6311218969371,13.6,70,7.7,1,6,True,Zone_B
2025-11-09 02:00:00,733.5516882016443,13.9,70,8.5,2,6,True,Zone_B
2025-11-09 03:00:00,804.2982959301582,15.9,68,8.3,3,6,True,Zone_B
2025-11-09 04:00:00,899.8505388918131,18.5,60,5.6,4,6,True,Zone_B
2025-11-09 05:00:00,916.9157125785263,20.9,52,5.9,5,6,True,Zone_B
2025-11-09 06:00:00,950.3642919094539,23.5,41,8.8,6,6,True,Zone_B
2025-11-09 07:00:00,996.8404278036852,24.8,34,9.3,7,6,True,Zone_B
2025-11-09 08:00:00,948.5681329832605,25.5,32,9.1,8,6,True,Zone_B
2025-11-09 09:00:00,951.4935253190974,25.8,31,9.3,9,6,True,Zone_B
2025-11-09 10:00:00,948.1853494137216,25.4,33,9.1,10,6,True,Zone_B
2025-11-09 11:00:00,830.942394523668,23.9,42,7.1,11,6,True,Zone_B
2025-11-09 12:00:00,806.7654629234855,21.5,50,7.6,12,6,True,Zone_B
2025-11-09 13:00:00,778.347557298983,20.5,51,7.9,13,6,True,Zone_B
2025-11-09 14:00:00,746.0424435222712,19.5,53,8.2,14,6,True,Zone_B
2025-11-09 15:00:00,751.0850246001943,18.7,53,8.0,15,6,True,Zone_B
2025-11-09 16:00:00,681.3545607240088,18.0,53,7.7,16,6,True,Zone_B
2025-11-09 17:00:00,699.6994663533413,17.7,53,7.9,17,6,True,Zone_B
2025-11-09 18:00:00,645.1794025239392,17.5,54,9.0,18,6,True,Zone_B
2025-11-09 19:00:00,628.4031160569288,16.9,56,8.4,19,6,True,Zone_B
2025-11-09 20:00:00,646.2676075629591,16.2,59,7.8,20,6,True,Zone_B
2025-11-09 21:00:00,621.8421003422869,15.6,62,7.0,21,6,True,Zone_B
2025-11-09 22:00:00,659.5270668402914,15.1,63,6.7,22,6,True,Zone_B
2025-11-09 23:00:00,683.4507388233641,14.6,65,6.4,23,6,True,Zone_B
2025-11-10 00:00:00,699.5415567300129,14.1,70,7.2,0,0,False,Zone_B
2025-11-10 01:00:00,766.0308637044757,13.6,72,7.0,1,0,False,Zone_B
2025-11-10 02:00:00,726.1178894600517,13.8,73,7.6,2,0,False,Zone_B
2025-11-10 03:00:00,815.4211887075428,15.9,68,7.1,3,0,False,Zone_B
2025-11-10 04:00:00,870.2669683691328,18.8,60,5.1,4,0,False,Zone_B
2025-11-10 05:00:00,917.5577415038726,21.3,51,4.8,5,0,False,Zone_B
2025-11-10 06:00:00,926.6401064403111,23.8,42,5.6,6,0,False,Zone_B
2025-11-10 07:00:00,961.6744961161835,25.1,34,7.3,7,0,False,Zone_B
2025-11-10 08:00:00,949.798365965796,25.7,31,8.8,8,0,False,Zone_B
2025-11-10 09:00:00,939.0368710753002,25.9,31,9.1,9,0,False,Zone_B
2025-11-10 10:00:00,943.8507727044755,25.5,31,8.5,10,0,False,Zone_B
2025-11-10 11:00:00,897.2312381367599,24.0,41,5.5,11,0,False,Zone_B
2025-11-10 12:00:00,819.0093609782773,21.6,48,5.9,12,0,False,Zone_B
2025-11-10 13:00:00,795.1350259727966,20.8,49,6.1,13,0,False,Zone_B
2025-11-10 14:00:00,747.5818359336414,19.9,50,6.0,14,0,False,Zone_B
2025-11-10 15:00:00,719.4455438700098,19.0,53,5.7,15,0,False,Zone_B
2025-11-10 16:00:00,668.7325891232034,18.5,54,4.8,16,0,False,Zone_B
2025-11-10 17:00:00,673.93726491869,18.0,54,5.2,17,0,False,Zone_B
2025-11-10 18:00:00,701.8397652302995,17.8,55,4.1,18,0,False,Zone_B
2025-11-10 19:00:00,611.3157714898332,16.6,57,4.7,19,0,False,Zone_B
2025-11-10 20:00:00,625.4248207815261,15.6,61,5.8,20,0,False,Zone_B
2025-11-10 21:00:00,661.261025659908,15.2,61,6.5,21,0,False,Zone_B
2025-11-10 22:00:00,658.4655210905538,14.2,65,6.8,22,0,False,Zone_B
2025-11-10 23:00:00,698.7867629244548,13.7,67,6.8,23,0,False,Zone_B
2025-11-11 00:00:00,726.9932626909409,13.6,70,7.8,0,1,False,Zone_B
2025-11-11 01:00:00,702.6752145730974,13.3,73,7.7,1,1,False,Zone_B
2025-11-11 02:00:00,720.7461612553539,13.6,72,8.4,2,1,False,Zone_B
2025-11-11 03:00:00,837.7783544078574,15.9,66,8.4,3,1,False,Zone_B
2025-11-11 04:00:00,829.9440271465384,18.8,59,6.0,4,1,False,Zone_B
2025-11-11 05:00:00,900.0789016910061,21.4,50,6.1,5,1,False,Zone_B
2025-11-11 06:00:00,976.69384669255,24.0,41,7.5,6,1,False,Zone_B
2025-11-11 07:00:00,965.1953042993601,25.3,33,9.9,7,1,False,Zone_B
2025-11-11 08:00:00,979.8994219135966,26.0,31,10.2,8,1,False,Zone_B
2025-11-11 09:00:00,988.7706516313611,26.2,29,10.4,9,1,False,Zone_B
2025-11-11 10:00:00,968.1190654667646,25.8,31,10.0,10,1,False,Zone_B
2025-11-11 11:00:00,895.79596957327,24.2,39,7.4,11,1,False,Zone_B
2025-11-11 12:00:00,846.9215728317256,22.0,44,7.7,12,1,False,Zone_B
2025-11-11 13:00:00,797.6438363927012,20.8,48,7.1,13,1,False,Zone_B
2025-11-11 14:00:00,737.3063345427857,19.7,52,8.0,14,1,False,Zone_B
2025-11-11 15:00:00,722.0207770301647,19.0,54,8.5,15,1,False,Zone_B
2025-11-11 16:00:00,683.9135817222518,18.4,56,8.6,16,1,False,Zone_B
2025-11-11 17:00:00,709.524957121633,18.0,55,9.3,17,1,False,Zone_B
2025-11-11 18:00:00,688.5196669472572,17.9,56,9.7,18,1,False,Zone_B
2025-11-11 19:00:00,638.2559719963523,17.2,58,8.8,19,1,False,Zone_B
2025-11-11 20:00:00,687.6444113517043,16.5,60,7.5,20,1,False,Zone_B
2025-11-11 21:00:00,700.0085611090624,16.0,61,7.0,21,1,False,Zone_B
2025-11-11 22:00:00,683.9944624796435,15.4,63,7.3,22,1,False,Zone_B
2025-11-11 23:00:00,701.7276946972125,14.6,67,8.5,23,1,False,Zone_B
2025-11-12 00:00:00,695.9804954480393,13.9,72,9.2,0,2,False,Zone_B
2025-11-12 01:00:00,741.013243621991,13.4,74,9.2,1,2,False,Zone_B
2025-11-12 02:00:00,757.8312527509967,13.9,73,9.7,2,2,False,Zone_B
2025-11-12 03:00:00,783.5971506822251,15.9,69,9.5,3,2,False,Zone_B
2025-11-12 04:00:00,863.8786388442301,18.8,60,7.6,4,2,False,Zone_B
2025-11-12 05:00:00,900.2864433701661,21.5,50,7.8,5,2,False,Zone_B
2025-11-12 06:00:00,976.443427558851,24.1,41,9.9,6,2,False,Zone_B
2025-11-12 07:00:00,966.3644643509296,25.7,34,12.0,7,2,False,Zone_B
2025-11-12 08:00:00,989.8082950895389,26.4,30,13.4,8,2,False,Zone_B
2025-11-12 09:00:00,978.8634107661438,26.5,28,13.0,9,2,False,Zone_B
2025-11-12 10:00:00,943.8777628764336,26.1,28,12.0,10,2,False,Zone_B
2025-11-12 11:00:00,861.3978692615916,24.9,34,9.1,11,2,False,Zone_B
2025-11-12 12:00:00,847.3985070107227,22.2,44,6.9,12,2,False,Zone_B
2025-11-12 13:00:00,788.3127455898818,21.1,49,6.2,13,2,False,Zone_B
2025-11-12 14:00:00,760.584624363901,20.0,54,6.2,14,2,False,Zone_B
2025-11-12 15:00:00,737.5625043801533,19.6,56,5.6,15,2,False,Zone_B
2025-11-12 16:00:00,723.6931033289918,19.0,57,5.2,16,2,False,Zone_B
2025-11-12 17:00:00,644.8560936282506,18.2,59,5.5,17,2,False,Zone_B
2025-11-12 18:00:00,652.1610756814586,18.0,59,4.6,18,2,False,Zone_B
2025-11-12 19:00:00,683.8340033303724,16.9,62,6.7,19,2,False,Zone_B
2025-11-12 20:00:00,607.090121876892,15.9,66,7.6,20,2,False,Zone_B
2025-11-12 21:00:00,649.6769330892173,14.9,71,7.8,21,2,False,Zone_B
2025-11-12 22:00:00,682.2923280386678,14.4,74,7.5,22,2,False,Zone_B
2025-11-12 23:00:00,719.5522288684117,13.9,76,7.9,23,2,False,Zone_B
2025-11-13 00:00:00,671.1899024089503,13.4,81,9.0,0,3,False,Zone_B
2025-11-13 01:00:00,711.3660079764226,12.9,82,8.0,1,3,False,Zone_B
2025-11-13 02:00:00,789.1082517818379,13.3,79,8.5,2,3,False,Zone_B
2025-11-13 03:00:00,805.686945249154,15.4,72,7.9,3,3,False,Zone_B
2025-11-13 04:00:00,856.4879148170318,18.1,62,5.9,4,3,False,Zone_B
2025-11-13 05:00:00,923.5889513035227,20.8,52,5.7,5,3,False,Zone_B
2025-11-13 06:00:00,972.0820599470687,23.3,42,8.3,6,3,False,Zone_B
2025-11-13 07:00:00,1002.7158683211616,24.5,36,9.9,7,3,False,Zone_B
2025-11-13 08:00:00,991.0394049836615,25.2,33,10.0,8,3,False,Zone_B
2025-11-13 09:00:00,951.992115790643,25.5,30,9.8,9,3,False,Zone_B
2025-11-13 10:00:00,945.1887469613229,25.2,29,9.8,10,3,False,Zone_B
2025-11-13 11:00:00,862.3046847206335,23.9,36,7.9,11,3,False,Zone_B
2025-11-13 12:00:00,862.2661567986833,21.4,45,7.7,12,3,False,Zone_B
2025-11-13 13:00:00,778.9011709166821,20.2,49,7.6,13,3,False,Zone_B
2025-11-13 14:00:00,713.8824440888658,19.2,51,8.2,14,3,False,Zone_B
2025-11-13 15:00:00,745.9798617073383,18.2,54,8.1,15,3,False,Zone_B
2025-11-13 16:00:00,667.1648505701232,17.6,55,8.4,16,3,False,Zone_B
2025-11-13 17:00:00,664.0610245466232,17.2,55,8.4,17,3,False,Zone_B
2025-11-13 18:00:00,674.9728431973699,17.0,57,9.4,18,3,False,Zone_B
2025-11-13 19:00:00,665.0718413731219,16.4,59,9.5,19,3,False,Zone_B
2025-11-13 20:00:00,645.7648224534287,15.6,62,8.2,20,3,False,Zone_B
2025-11-13 21:00:00,651.1522215597884,14.9,65,7.4,21,3,False,Zone_B
2025-11-13 22:00:00,642.3062601239228,14.3,68,7.6,22,3,False,Zone_B
2025-11-13 23:00:00,654.4627268849393,13.6,70,7.8,23,3,False,Zone_B
2025-11-14 00:00:00,675.1281155881386,13.4,75,8.6,0,4,False,Zone_B
2025-11-14 01:00:00,717.9556990588313,13.1,76,7.7,1,4,False,Zone_B
2025-11-14 02:00:00,777.4432839429261,13.2,76,8.1,2,4,False,Zone_B
2025-11-14 03:00:00,814.2809060203568,15.4,70,7.4,3,4,False,Zone_B
2025-11-14 04:00:00,849.3826794376912,18.3,60,5.6,4,4,False,Zone_B
2025-11-14 05:00:00,885.0329156360625,20.9,50,6.0,5,4,False,Zone_B
2025-11-14 06:00:00,927.132614988113,23.1,40,7.7,6,4,False,Zone_B
2025-11-14 07:00:00,955.3695453730151,24.5,32,9.6,7,4,False,Zone_B
2025-11-14 08:00:00,951.6133594773006,25.1,29,10.1,8,4,False,Zone_B
2025-11-14 09:00:00,954.1579822966926,25.3,29,9.9,9,4,False,Zone_B
2025-11-14 10:00:00,893.0067904990321,25.0,28,9.8,10,4,False,Zone_B
2025-11-14 11:00:00,900.6038422577318,23.9,32,8.0,11,4,False,Zone_B
2025-11-14 12:00:00,846.8006622497185,21.4,42,6.4,12,4,False,Zone_B
2025-11-14 13:00:00,801.2233940134948,20.7,45,6.5,13,4,False,Zone_B
2025-11-14 14:00:00,725.8547033938256,19.8,49,7.0,14,4,False,Zone_B
2025-11-14 15:00:00,730.1537014312021,18.6,52,7.3,15,4,False,Zone_B
2025-11-14 16:00:00,655.2950889081686,17.9,55,7.2,16,4,False,Zone_B
2025-11-14 17:00:00,686.5645634204373,17.2,56,6.9,17,4,False,Zone_B
2025-11-14 18:00:00,655.8051245547719,16.9,58,7.6,18,4,False,Zone_B
2025-11-14 19:00:00,685.51957277718,16.5,58,7.9,19,4,False,Zone_B
2025-11-14 20:00:00,651.7947206389692,15.8,61,7.2,20,4,False,Zone_B
2025-11-14 21:00:00,643.6522303912911,15.1,63,6.7,21,4,False,Zone_B
2025-11-14 22:00:00,682.4538405293578,14.5,65,6.8,22,4,False,Zone_B
2025-11-14 23:00:00,678.3122708520547,13.6,70,6.6,23,4,False,Zone_B
2025-11-15 00:00:00,690.7503039512517,13.0,76,8.0,0,5,True,Zone_B
2025-11-15 01:00:00,714.3666701012385,12.5,78,7.9,1,5,True,Zone_B
2025-11-15 02:00:00,752.822807973637,12.8,77,8.5,2,5,True,Zone_B
2025-11-15 03:00:00,795.123606383733,15.0,69,7.6,3,5,True,Zone_B
2025-11-15 04:00:00,825.0827645719671,18.0,59,6.0,4,5,True,Zone_B
2025-11-15 05:00:00,879.1857078040467,20.8,48,6.1,5,5,True,Zone_B
2025-11-15 06:00:00,945.5264117415403,23.2,38,7.5,6,5,True,Zone_B
2025-11-15 07:00:00,982.5215564337504,24.8,32,8.4,7,5,True,Zone_B
2025-11-15 08:00:00,1003.0500427581677,25.5,30,9.6,8,5,True,Zone_B
2025-11-15 09:00:00,973.0901024507498,25.9,28,10.4,9,5,True,Zone_B
2025-11-15 10:00:00,917.4505559912674,25.7,27,10.5,10,5,True,Zone_B
2025-11-15 11:00:00,856.2438549244685,24.5,33,8.3,11,5,True,Zone_B
2025-11-15 12:00:00,837.259980447614,22.0,42,6.6,12,5,True,Zone_B
2025-11-15 13:00:00,769.9581105212649,21.1,45,7.7,13,5,True,Zone_B
2025-11-15 14:00:00,749.6399343135101,20.1,48,8.8,14,5,True,Zone_B
2025-11-15 15:00:00,697.5212390920505,19.1,50,9.5,15,5,True,Zone_B
2025-11-15 16:00:00,667.072695411804,18.4,53,9.2,16,5,True,Zone_B
2025-11-15 17:00:00,664.5478600869163,17.7,54,9.2,17,5,True,Zone_B
2025-11-15 18:00:00,629.2633875131366,16.9,58,7.6,18,5,True,Zone_B
2025-11-15 19:00:00,641.0756166003046,16.0,60,7.0,19,5,True,Zone_B
2025-11-15 20:00:00,609.5025574260294,15.2,63,6.2,20,5,True,Zone_B
2025-11-15 21:00:00,669.4712283074442,14.6,66,6.1,21,5,True,Zone_B
2025-11-15 22:00:00,658.2934919260905,13.6,70,5.3,22,5,True,Zone_B
2025-11-15 23:00:00,663.327148276954,13.0,72,6.5,23,5,True,Zone_B
2025-11-16 00:00:00,704.40540218102,12.6,78,6.8,0,6,True,Zone_B
2025-11-16 01:00:00,722.5016758177176,12.1,79,6.9,1,6,True,Zone_B
2025-11-16 02:00:00,739.8367599920998,12.3,78,8.2,2,6,True,Zone_B
2025-11-16 03:00:00,796.6281488561729,14.6,69,7.9,3,6,True,Zone_B
2025-11-16 04:00:00,850.3780107367968,17.7,60,5.7,4,6,True,Zone_B
2025-11-16 05:00:00,918.2469691264688,20.5,51,6.4,5,6,True,Zone_B
2025-11-16 06:00:00,972.2591731198004,23.1,42,8.4,6,6,True,Zone_B
2025-11-16 07:00:00,978.7288760390604,24.8,33,10.8,7,6,True,Zone_B
2025-11-16 08:00:00,1000.8416784288878,25.7,30,11.7,8,6,True,Zone_B
2025-11-16 09:00:00,937.362568126496,26.0,27,11.7,9,6,True,Zone_B
2025-11-16 10:00:00,945.0444322832254,25.6,27,11.5,10,6,True,Zone_B
2025-11-16 11:00:00,869.060767207473,24.2,33,8.5,11,6,True,Zone_B
2025-11-16 12:00:00,830.6740278070431,22.1,39,7.8,12,6,True,Zone_B
2025-11-16 13:00:00,841.7268914213279,21.1,42,8.1,13,6,True,Zone_B
2025-11-16 14:00:00,750.8966587285053,20.0,46,8.7,14,6,True,Zone_B
2025-11-16 15:00:00,736.218766799991,19.0,49,8.0,15,6,True,Zone_B
2025-11-16 16:00:00,679.013593234643,18.1,51,8.6,16,6,True,Zone_B
2025-11-16 17:00:00,659.7480373002089,17.5,52,8.8,17,6,True,Zone_B
2025-11-16 18:00:00,655.14866567647,16.9,54,8.8,18,6,True,Zone_B
2025-11-16 19:00:00,636.9144653424397,15.9,57,8.2,19,6,True,Zone_B
2025-11-16 20:00:00,615.4211747922208,14.9,60,7.2,20,6,True,Zone_B
2025-11-16 21:00:00,632.8881122586473,14.4,62,7.3,21,6,True,Zone_B
2025-11-16 22:00:00,642.6860681846124,13.8,64,7.7,22,6,True,Zone_B
2025-11-16 23:00:00,688.4209356750059,13.1,66,8.3,23,6,True,Zone_B
2025-11-17 00:00:00,719.506062761996,12.6,71,7.8,0,0,False,Zone_B
2025-11-17 01:00:00,702.6461875460376,12.2,73,7.7,1,0,False,Zone_B
2025-11-17 02:00:00,715.7953879341543,12.4,73,8.3,2,0,False,Zone_B
2025-11-17 03:00:00,780.5138884669675,14.8,65,7.8,3,0,False,Zone_B
2025-11-17 04:00:00,847.79831491931,17.7,58,5.8,4,0,False,Zone_B
2025-11-17 05:00:00,890.0535832394376,20.4,47,5.6,5,0,False,Zone_B
2025-11-17 06:00:00,924.1852766958241,22.9,40,5.7,6,0,False,Zone_B
2025-11-17 07:00:00,959.2425254025972,24.4,34,7.1,7,0,False,Zone_B
2025-11-17 08:00:00,966.9198495694296,25.0,32,7.5,8,0,False,Zone_B
2025-11-17 09:00:00,949.8656034268936,25.2,32,6.8,9,0,False,Zone_B
2025-11-17 10:00:00,906.7044275805144,25.0,33,6.2,10,0,False,Zone_B
2025-11-17 11:00:00,859.7476731098217,23.8,44,3.6,11,0,False,Zone_B
2025-11-17 12:00:00,813.813426928262,21.2,52,3.8,12,0,False,Zone_B
2025-11-17 13:00:00,787.3932999428074,20.6,52,3.0,13,0,False,Zone_B
2025-11-17 14:00:00,755.8040094449774,20.1,52,1.7,14,0,False,Zone_B
2025-11-17 15:00:00,707.3856508854905,19.2,55,1.7,15,0,False,Zone_B
2025-11-17 16:00:00,697.8679375319861,18.4,59,1.9,16,0,False,Zone_B
2025-11-17 17:00:00,681.9626032535491,17.9,59,0.8,17,0,False,Zone_B
2025-11-17 18:00:00,651.25308528368,16.8,63,2.2,18,0,False,Zone_B
2025-11-17 19:00:00,652.6819625743739,15.9,65,2.4,19,0,False,Zone_B
2025-11-17 20:00:00,661.9440282232246,15.4,67,2.7,20,0,False,Zone_B
2025-11-17 21:00:00,633.3537479768568,14.9,68,2.6,21,0,False,Zone_B
2025-11-17 22:00:00,667.897385710133,14.4,70,2.8,22,0,False,Zone_B
2025-11-17 23:00:00,643.2057876469747,13.7,73,4.3,23,0,False,Zone_B
2025-11-18 00:00:00,705.835105178949,13.8,71,3.3,0,1,False,Zone_B
2025-11-18 01:00:00,749.8292129424094,13.4,74,4.9,1,1,False,Zone_B
2025-11-18 02:00:00,714.5012641131611,13.1,76,6.8,2,1,False,Zone_B
2025-11-18 03:00:00,793.4900781791189,14.9,69,5.9,3,1,False,Zone_B
2025-11-18 04:00:00,876.4376058063576,17.9,60,4.5,4,1,False,Zone_B
2025-11-18 05:00:00,918.941215632275,20.5,51,4.8,5,1,False,Zone_B
2025-11-18 06:00:00,931.4413848163751,23.0,43,6.0,6,1,False,Zone_B
2025-11-18 07:00:00,1002.9654419692472,24.5,36,7.5,7,1,False,Zone_B
2025-11-18 08:00:00,965.2190129532089,25.1,35,8.1,8,1,False,Zone_B
2025-11-18 09:00:00,924.5272243470529,25.3,35,8.0,9,1,False,Zone_B
2025-11-18 10:00:00,901.9667578107517,25.0,37,8.0,10,1,False,Zone_B
2025-11-18 11:00:00,877.1084765491695,24.1,43,6.8,11,1,False,Zone_B
2025-11-18 12:00:00,827.1819372481668,22.2,52,5.6,12,1,False,Zone_B
2025-11-18 13:00:00,776.2985189655532,21.2,59,4.6,13,1,False,Zone_B
2025-11-18 14:00:00,772.0370338189902,20.6,63,2.3,14,1,False,Zone_B
2025-11-18 15:00:00,690.5218778375977,20.1,65,0.9,15,1,False,Zone_B
2025-11-18 16:00:00,683.2612493323153,19.0,69,0.6,16,1,False,Zone_B
2025-11-18 17:00:00,674.1468547130914,17.7,73,3.6,17,1,False,Zone_B
2025-11-18 18:00:00,644.6843727077271,16.2,80,4.5,18,1,False,Zone_B
2025-11-18 19:00:00,630.9376954770516,15.4,83,3.6,19,1,False,Zone_B
2025-11-18 20:00:00,626.370392072502,14.8,85,3.4,20,1,False,Zone_B
2025-11-18 21:00:00,661.7466909483854,14.6,85,4.4,21,1,False,Zone_B
2025-11-18 22:00:00,725.7179414464985,14.4,84,6.9,22,1,False,Zone_B
2025-11-18 23:00:00,705.2009992053031,14.1,83,5.8,23,1,False,Zone_B
2025-11-19 00:00:00,725.3129644437141,13.6,82,5.6,0,2,False,Zone_B
2025-11-19 01:00:00,741.5255969045633,13.2,82,5.8,1,2,False,Zone_B
2025-11-19 02:00:00,757.8381533611648,13.3,81,5.8,2,2,False,Zone_B
2025-11-19 03:00:00,800.0631611240714,15.4,73,3.1,3,2,False,Zone_B
2025-11-19 04:00:00,839.9854018192461,18.7,61,0.8,4,2,False,Zone_B
2025-11-19 05:00:00,935.9657720537746,21.5,53,1.6,5,2,False,Zone_B
2025-11-19 06:00:00,999.4168251448094,23.5,49,5.7,6,2,False,Zone_B
2025-11-19 07:00:00,990.9064211314325,24.7,44,5.9,7,2,False,Zone_B
2025-11-19 08:00:00,964.0746812200487,25.2,41,5.1,8,2,False,Zone_B
2025-11-19 09:00:00,941.2997683740373,25.4,40,4.3,9,2,False,Zone_B
2025-11-19 10:00:00,919.360663939041,25.1,40,3.5,10,2,False,Zone_B
2025-11-19 11:00:00,869.8993637425059,24.3,44,3.6,11,2,False,Zone_B
2025-11-19 12:00:00,804.6644312488487,22.1,59,1.7,12,2,False,Zone_B
2025-11-19 13:00:00,834.3377623038941,21.6,61,1.5,13,2,False,Zone_B
2025-11-19 14:00:00,756.4416350483745,20.8,63,1.5,14,2,False,Zone_B
2025-11-19 15:00:00,697.1375110917716,19.9,66,1.2,15,2,False,Zone_B
2025-11-19 16:00:00,711.8130203634615,19.4,68,0.8,16,2,False,Zone_B
2025-11-19 17:00:00,700.8797992768168,19.0,69,0.4,17,2,False,Zone_B
2025-11-19 18:00:00,649.0394100976396,17.8,74,1.0,18,2,False,Zone_B
2025-11-19 19:00:00,644.8608375304102,17.2,75,1.6,19,2,False,Zone_B
2025-11-19 20:00:00,674.5909781949675,16.5,78,3.2,20,2,False,Zone_B
2025-11-19 21:00:00,680.1406639363117,16.0,79,4.7,21,2,False,Zone_B
2025-11-19 22:00:00,668.2045234186185,15.3,81,5.2,22,2,False,Zone_B
2025-11-19 23:00:00,690.0412267603228,14.9,83,5.8,23,2,False,Zone_B
2025-11-20 00:00:00,722.3532076598409,14.2,84,5.7,0,3,False,Zone_B
2025-11-20 01:00:00,712.2619774837902,13.9,86,5.6,1,3,False,Zone_B
2025-11-20 02:00:00,758.8873448829895,13.9,86,6.5,2,3,False,Zone_B
2025-11-20 03:00:00,800.5959032104867,15.9,78,4.4,3,3,False,Zone_B
2025-11-20 04:00:00,871.2856161944622,19.0,70,2.0,4,3,False,Zone_B
2025-11-20 05:00:00,936.6499746693107,22.0,58,1.7,5,3,False,Zone_B
2025-11-20 06:00:00,949.1635215985888,24.0,49,5.6,6,3,False,Zone_B
2025-11-20 07:00:00,965.8305478867345,24.9,46,6.2,7,3,False,Zone_B
2025-11-20 08:00:00,966.3640094690214,25.2,45,5.6,8,3,False,Zone_B
2025-11-20 09:00:00,950.4200155737207,25.2,44,4.7,9,3,False,Zone_B
2025-11-20 10:00:00,906.3529129689425,24.9,45,4.1,10,3,False,Zone_B
2025-11-20 11:00:00,832.2044819095692,23.9,53,3.1,11,3,False,Zone_B
2025-11-20 12:00:00,809.4065503447639,21.9,64,3.3,12,3,False,Zone_B
2025-11-20 13:00:00,765.9179343728365,20.6,66,4.1,13,3,False,Zone_B
2025-11-20 14:00:00,775.721414127222,19.7,68,4.5,14,3,False,Zone_B
2025-11-20 15:00:00,711.1365074313218,19.3,67,3.1,15,3,False,Zone_B
2025-11-20 16:00:00,738.9444553746565,18.6,68,2.3,16,3,False,Zone_B
2025-11-20 17:00:00,661.2944746571785,18.0,70,1.1,17,3,False,Zone_B
2025-11-20 18:00:00,642.0498988436053,17.0,72,1.1,18,3,False,Zone_B
2025-11-20 19:00:00,676.7089229116729,16.5,73,0.5,19,3,False,Zone_B
2025-11-20 20:00:00,612.359830131016,16.0,74,0.8,20,3,False,Zone_B
2025-11-20 21:00:00,649.4002711295616,15.9,75,1.3,21,3,False,Zone_B
2025-11-20 22:00:00,726.6474732521119,15.9,74,0.9,22,3,False,Zone_B
2025-11-20 23:00:00,705.7400317052261,15.8,74,0.9,23,3,False,Zone_B
2025-11-21 00:00:00,686.5642849135826,14.8,79,2.8,0,4,False,Zone_B
2025-11-21 01:00:00,707.3693899961537,14.2,81,4.7,1,4,False,Zone_B
2025-11-21 02:00:00,780.4621446520999,14.9,80,5.6,2,4,False,Zone_B
2025-11-21 03:00:00,801.4929628394787,17.4,73,6.4,3,4,False,Zone_B
2025-11-21 04:00:00,891.3189231291171,20.0,66,4.3,4,4,False,Zone_B
2025-11-21 05:00:00,910.0843199829724,22.2,59,5.4,5,4,False,Zone_B
2025-11-21 06:00:00,956.3946884155439,23.9,50,6.7,6,4,False,Zone_B
2025-11-21 07:00:00,976.0267506711417,25.0,44,5.6,7,4,False,Zone_B
2025-11-21 08:00:00,968.4065489445542,25.5,42,4.2,8,4,False,Zone_B
2025-11-21 09:00:00,930.6675522461659,25.6,40,3.4,9,4,False,Zone_B
2025-11-21 10:00:00,974.2898501944973,25.4,41,3.2,10,4,False,Zone_B
2025-11-21 11:00:00,914.4748184215669,24.5,45,3.6,11,4,False,Zone_B
2025-11-21 12:00:00,842.7373414279945,22.1,61,2.4,12,4,False,Zone_B
2025-11-21 13:00:00,794.0259122008105,21.4,64,1.6,13,4,False,Zone_B
2025-11-21 14:00:00,755.7787299502633,20.6,67,0.6,14,4,False,Zone_B
2025-11-21 15:00:00,753.0537282268501,19.9,68,0.6,15,4,False,Zone_B
2025-11-21 16:00:00,692.1262316742931,19.0,70,2.7,16,4,False,Zone_B
2025-11-21 17:00:00,706.7547555389734,18.2,73,3.4,17,4,False,Zone_B
2025-11-21 18:00:00,669.0621809667043,17.6,76,2.3,18,4,False,Zone_B
2025-11-21 19:00:00,689.0100741701435,17.3,76,0.9,19,4,False,Zone_B
2025-11-21 20:00:00,643.9075478193326,17.1,76,0.7,20,4,False,Zone_B
2025-11-21 21:00:00,679.1600879467733,17.0,75,0.2,21,4,False,Zone_B
2025-11-21 22:00:00,707.6210298067599,16.6,76,0.7,22,4,False,Zone_B
2025-11-21 23:00:00,722.8370038122725,15.8,79,1.8,23,4,False,Zone_B
2025-11-22 00:00:00,749.6890557301598,14.8,82,2.6,0,5,True,Zone_B
2025-11-22 01:00:00,728.0082870415284,13.9,85,3.4,1,5,True,Zone_B
2025-11-22 02:00:00,764.2521207854279,14.1,85,5.0,2,5,True,Zone_B
2025-11-22 03:00:00,840.3145107178891,16.6,77,5.9,3,5,True,Zone_B
2025-11-22 04:00:00,876.9988428268348,20.1,66,4.3,4,5,True,Zone_B
2025-11-22 05:00:00,906.5204555411857,22.8,52,5.0,5,5,True,Zone_B
2025-11-22 06:00:00,967.6276163035299,24.3,39,6.0,6,5,True,Zone_B
2025-11-22 07:00:00,959.1199818439661,25.3,33,6.6,7,5,True,Zone_B
2025-11-22 08:00:00,970.1328934446639,25.7,30,7.8,8,5,True,Zone_B
2025-11-22 09:00:00,947.626080321286,25.6,31,8.3,9,5,True,Zone_B
2025-11-22 10:00:00,919.3584171661062,25.2,31,8.9,10,5,True,Zone_B
2025-11-22 11:00:00,869.8599548152516,24.1,35,8.5,11,5,True,Zone_B
2025-11-22 12:00:00,852.6800716847986,22.2,43,7.2,12,5,True,Zone_B
2025-11-22 13:00:00,788.8841300739699,21.1,47,5.9,13,5,True,Zone_B
2025-11-22 14:00:00,763.5713815438057,20.0,55,4.2,14,5,True,Zone_B
2025-11-22 15:00:00,708.6134814382825,19.6,55,2.7,15,5,True,Zone_B
2025-11-22 16:00:00,684.370779568272,19.0,56,2.3,16,5,True,Zone_B
2025-11-22 17:00:00,699.1921667533466,18.4,57,2.5,17,5,True,Zone_B
2025-11-22 18:00:00,695.8382694741109,18.0,59,2.7,18,5,True,Zone_B
2025-11-22 19:00:00,662.641579580396,17.5,61,2.6,19,5,True,Zone_B
2025-11-22 20:00:00,663.2030179614952,16.9,63,2.0,20,5,True,Zone_B
2025-11-22 21:00:00,650.1947367492533,15.9,67,2.5,21,5,True,Zone_B
2025-11-22 22:00:00,672.3509999220698,14.8,72,3.6,22,5,True,Zone_B
2025-11-22 23:00:00,686.4643203007461,13.6,77,3.7,23,5,True,Zone_B
2025-11-23 00:00:00,665.5777944083186,13.1,80,3.5,0,6,True,Zone_B
2025-11-23 01:00:00,726.0127976283311,12.9,80,3.5,1,6,True,Zone_B
2025-11-23 02:00:00,755.0717807294792,13.3,79,4.1,2,6,True,Zone_B
2025-11-23 03:00:00,784.6769920907581,15.5,72,4.5,3,6,True,Zone_B
2025-11-23 04:00:00,860.8832617545686,19.2,59,2.2,4,6,True,Zone_B
2025-11-23 05:00:00,935.3946681804504,22.0,48,1.9,5,6,True,Zone_B
2025-11-23 06:00:00,970.5399533003491,23.8,41,2.7,6,6,True,Zone_B
2025-11-23 07:00:00,967.5272583166262,25.0,35,5.1,7,6,True,Zone_B
2025-11-23 08:00:00,970.0273431153712,25.5,31,7.4,8,6,True,Zone_B
2025-11-23 09:00:00,1009.629258943518,25.5,29,8.4,9,6,True,Zone_B
2025-11-23 10:00:00,931.3641558643122,25.0,29,8.7,10,6,True,Zone_B
2025-11-23 11:00:00,914.848088272009,23.8,35,7.5,11,6,True,Zone_B
2025-11-23 12:00:00,841.9487194014512,21.7,44,6.5,12,6,True,Zone_B
2025-11-23 13:00:00,789.9826807843025,20.6,50,5.6,13,6,True,Zone_B
2025-11-23 14:00:00,734.9794287533535,19.6,54,5.4,14,6,True,Zone_B
2025-11-23 15:00:00,684.3222038292013,18.9,57,5.2,15,6,True,Zone_B
2025-11-23 16:00:00,658.6921583026704,18.0,61,5.5,16,6,True,Zone_B
2025-11-23 17:00:00,630.0467981836629,16.9,67,5.0,17,6,True,Zone_B
2025-11-23 18:00:00,669.1384481851032,16.2,70,5.0,18,6,True,Zone_B
2025-11-23 19:00:00,639.0260844179015,15.6,72,4.1,19,6,True,Zone_B
2025-11-23 20:00:00,608.7982187544571,15.1,74,4.0,20,6,True,Zone_B
2025-11-23 21:00:00,627.3001933351052,14.5,75,4.2,21,6,True,Zone_B
2025-11-23 22:00:00,668.6889218148633,14.0,77,5.0,22,6,True,Zone_B
2025-11-23 23:00:00,681.2281606209095,13.2,80,5.9,23,6,True,Zone_B
2025-11-24 00:00:00,647.2871010826411,12.4,86,6.2,0,0,False,Zone_B
2025-11-24 01:00:00,682.9721111039394,12.2,87,5.9,1,0,False,Zone_B
2025-11-24 02:00:00,751.4866550910394,12.4,85,6.2,2,0,False,Zone_B
2025-11-24 03:00:00,816.7954835823504,14.6,75,5.3,3,0,False,Zone_B
2025-11-24 04:00:00,827.018771080899,17.8,64,2.8,4,0,False,Zone_B
2025-11-24 05:00:00,866.2725153890957,20.5,53,2.4,5,0,False,Zone_B
2025-11-24 06:00:00,955.6396425669878,22.6,44,4.1,6,0,False,Zone_B
2025-11-24 07:00:00,973.4198721750456,23.9,37,4.9,7,0,False,Zone_B
2025-11-24 08:00:00,963.777703824891,24.5,33,6.1,8,0,False,Zone_B
2025-11-24 09:00:00,904.3755753847254,24.6,31,6.8,9,0,False,Zone_B
2025-11-24 10:00:00,885.1321187272536,24.3,31,7.4,10,0,False,Zone_B
2025-11-24 11:00:00,849.3711694732333,23.1,37,7.1,11,0,False,Zone_B
2025-11-24 12:00:00,802.57982794217,21.0,47,6.7,12,0,False,Zone_B
2025-11-24 13:00:00,808.7881776803574,19.8,52,4.9,13,0,False,Zone_B
2025-11-24 14:00:00,763.8960547542218,18.8,57,4.6,14,0,False,Zone_B
2025-11-24 15:00:00,710.8417504662192,18.0,58,4.9,15,0,False,Zone_B
2025-11-24 16:00:00,636.1226875881246,17.3,59,5.0,16,0,False,Zone_B
2025-11-24 17:00:00,645.7395814420227,16.4,62,4.8,17,0,False,Zone_B
2025-11-24 18:00:00,608.7306349399796,15.6,66,4.6,18,0,False,Zone_B
2025-11-24 19:00:00,657.3253489833219,14.7,69,4.8,19,0,False,Zone_B
2025-11-24 20:00:00,633.3237695201487,14.3,68,5.4,20,0,False,Zone_B
2025-11-24 21:00:00,678.7831329420737,13.7,70,6.2,21,0,False,Zone_B
2025-11-24 22:00:00,647.853477896297,12.9,73,6.5,22,0,False,Zone_B
2025-11-24 23:00:00,645.5044051969041,12.4,76,6.7,23,0,False,Zone_B
2025-11-25 00:00:00,681.8562243207267,11.8,80,6.2,0,1,False,Zone_B
2025-11-25 01:00:00,670.4992092158677,11.5,80,7.0,1,1,False,Zone_B
2025-11-25 02:00:00,731.8349693559368,11.6,80,8.5,2,1,False,Zone_B
2025-11-25 03:00:00,757.0703217823494,13.7,71,7.9,3,1,False,Zone_B
2025-11-25 04:00:00,850.8409056322473,16.7,60,5.5,4,1,False,Zone_B
2025-11-25 05:00:00,870.3459310496982,19.5,50,5.8,5,1,False,Zone_B
2025-11-25 06:00:00,916.52501003069,21.8,42,8.1,6,1,False,Zone_B
2025-11-25 07:00:00,944.1581756032075,23.1,35,9.2,7,1,False,Zone_B
2025-11-25 08:00:00,944.7194303485974,23.5,35,8.9,8,1,False,Zone_B
2025-11-25 09:00:00,898.1901863595701,23.7,35,9.0,9,1,False,Zone_B
2025-11-25 10:00:00,896.9350098916169,23.4,35,9.3,10,1,False,Zone_B
2025-11-25 11:00:00,887.3855120077312,22.2,37,9.0,11,1,False,Zone_B
2025-11-25 12:00:00,827.1290220850186,20.5,43,7.8,12,1,False,Zone_B
2025-11-25 13:00:00,729.9779541610607,19.5,47,7.5,13,1,False,Zone_B
2025-11-25 14:00:00,747.8690866120633,18.5,52,7.4,14,1,False,Zone_B
2025-11-25 15:00:00,659.5118525819587,17.3,57,7.9,15,1,False,Zone_B
2025-11-25 16:00:00,684.856452171383,16.5,60,8.3,16,1,False,Zone_B
2025-11-25 17:00:00,626.4185368513555,15.9,61,7.7,17,1,False,Zone_B
2025-11-25 18:00:00,618.9019701397932,15.2,65,7.3,18,1,False,Zone_B
2025-11-25 19:00:00,594.0570245455451,14.8,66,7.8,19,1,False,Zone_B
2025-11-25 20:00:00,628.4415669844352,14.2,68,7.6,20,1,False,Zone_B
2025-11-25 21:00:00,648.1266739177321,13.5,71,7.2,21,1,False,Zone_B
2025-11-25 22:00:00,625.860713791343,12.8,74,6.5,22,1,False,Zone_B
2025-11-25 23:00:00,645.5736190099364,12.1,77,6.0,23,1,False,Zone_B
2025-11-26 00:00:00,697.0565542573695,11.6,82,6.4,0,2,False,Zone_B
2025-11-26 01:00:00,681.4405191807294,11.4,83,5.8,1,2,False,Zone_B
2025-11-26 02:00:00,696.3699076738517,11.4,82,6.5,2,2,False,Zone_B
2025-11-26 03:00:00,757.9241249333793,13.5,73,5.6,3,2,False,Zone_B
2025-11-26 04:00:00,830.4696665432404,16.7,61,3.4,4,2,False,Zone_B
2025-11-26 05:00:00,864.9951804547038,19.5,51,2.9,5,2,False,Zone_B
2025-11-26 06:00:00,949.917618865843,21.1,42,3.2,6,2,False,Zone_B
2025-11-26 07:00:00,933.3151013934831,22.6,35,4.0,7,2,False,Zone_B
2025-11-26 08:00:00,920.4706518103695,23.4,32,3.7,8,2,False,Zone_B
2025-11-26 09:00:00,914.8804003019225,23.6,31,4.3,9,2,False,Zone_B
2025-11-26 10:00:00,910.2071581908193,23.3,32,5.2,10,2,False,Zone_B
2025-11-26 11:00:00,862.4838984751864,22.2,36,6.5,11,2,False,Zone_B
2025-11-26 12:00:00,813.7765569177765,19.7,47,4.6,12,2,False,Zone_B
2025-11-26 13:00:00,782.1184639031579,18.9,51,4.0,13,2,False,Zone_B
2025-11-26 14:00:00,721.4614621237505,18.1,53,4.3,14,2,False,Zone_B
2025-11-26 15:00:00,679.6563747329685,17.8,54,2.8,15,2,False,Zone_B
2025-11-26 16:00:00,646.5572320968088,17.1,56,2.3,16,2,False,Zone_B
2025-11-26 17:00:00,643.0873236874731,16.8,58,1.0,17,2,False,Zone_B
2025-11-26 18:00:00,643.6720809886689,15.4,63,1.2,18,2,False,Zone_B
2025-11-26 19:00:00,619.0473290543864,15.4,63,0.6,19,2,False,Zone_B
2025-11-26 20:00:00,671.4564536187156,15.3,63,0.4,20,2,False,Zone_B
2025-11-26 21:00:00,647.736452430777,14.6,65,0.8,21,2,False,Zone_B
2025-11-26 22:00:00,652.6460505599352,13.9,67,1.2,22,2,False,Zone_B
2025-11-26 23:00:00,670.0625054248856,13.4,70,1.4,23,2,False,Zone_B
2025-11-27 00:00:00,713.1440611258447,13.6,69,1.1,0,3,False,Zone_B
2025-11-27 01:00:00,763.3429379153541,13.1,72,1.7,1,3,False,Zone_B
2025-11-27 02:00:00,725.9900913361441,12.8,75,2.4,2,3,False,Zone_B
2025-11-27 03:00:00,806.1320514476558,14.6,70,3.8,3,3,False,Zone_B
2025-11-27 04:00:00,847.523359670816,17.2,60,2.7,4,3,False,Zone_B
2025-11-27 05:00:00,896.8957754581179,19.6,48,3.5,5,3,False,Zone_B
2025-11-27 06:00:00,934.8907048448556,21.2,39,4.0,6,3,False,Zone_B
2025-11-27 07:00:00,957.74067941102,22.8,33,3.5,7,3,False,Zone_B
2025-11-27 08:00:00,957.4188242009527,23.5,30,2.4,8,3,False,Zone_B
2025-11-27 09:00:00,979.014735837589,23.9,29,2.1,9,3,False,Zone_B
2025-11-27 10:00:00,898.0217828738777,23.8,29,2.5,10,3,False,Zone_B
2025-11-27 11:00:00,851.1642645824571,22.8,35,2.7,11,3,False,Zone_B
2025-11-27 12:00:00,811.2998676482905,20.2,49,1.1,12,3,False,Zone_B
2025-11-27 13:00:00,766.4769901495433,19.7,53,0.8,13,3,False,Zone_B
2025-11-27 14:00:00,729.0781860114002,18.6,54,1.6,14,3,False,Zone_B
2025-11-27 15:00:00,693.579861390905,17.8,58,2.5,15,3,False,Zone_B
2025-11-27 16:00:00,712.4011921412373,17.0,62,3.0,16,3,False,Zone_B
2025-11-27 17:00:00,616.8510171178912,16.2,67,4.4,17,3,False,Zone_B
2025-11-27 18:00:00,665.5244117338056,15.4,72,4.2,18,3,False,Zone_B
2025-11-27 19:00:00,621.964499480374,14.8,75,4.6,19,3,False,Zone_B
2025-11-27 20:00:00,606.7563689922868,14.2,77,4.8,20,3,False,Zone_B
2025-11-27 21:00:00,642.3202317985996,13.7,78,4.3,21,3,False,Zone_B
2025-11-27 22:00:00,639.1124219790713,13.2,80,5.2,22,3,False,Zone_B
2025-11-27 23:00:00,656.0389662609145,12.9,82,6.4,23,3,False,Zone_B
2025-11-28 00:00:00,678.3697861272619,11.9,87,5.1,0,4,False,Zone_B
2025-11-28 01:00:00,696.1527293978016,11.6,87,4.8,1,4,False,Zone_B
2025-11-28 02:00:00,736.6573019641638,12.0,84,6.0,2,4,False,Zone_B
2025-11-28 03:00:00,787.2571554710025,14.1,74,7.8,3,4,False,Zone_B
2025-11-28 04:00:00,833.6104975265298,16.8,63,6.2,4,4,False,Zone_B
2025-11-28 05:00:00,872.7657723230562,19.2,53,6.1,5,4,False,Zone_B
2025-11-28 06:00:00,938.893717195507,21.5,44,5.9,6,4,False,Zone_B
2025-11-28 07:00:00,924.0467378255643,23.1,38,6.1,7,4,False,Zone_B
2025-11-28 08:00:00,929.0491630500366,24.0,35,7.0,8,4,False,Zone_B
2025-11-28 09:00:00,931.392513443699,24.5,33,7.5,9,4,False,Zone_B
2025-11-28 10:00:00,885.2062553810285,24.5,33,7.6,10,4,False,Zone_B
2025-11-28 11:00:00,881.2671949046149,23.5,38,7.5,11,4,False,Zone_B
2025-11-28 12:00:00,830.7856579089853,20.0,60,5.0,12,4,False,Zone_B
2025-11-28 13:00:00,781.1609495378499,19.9,59,7.1,13,4,False,Zone_B
2025-11-28 14:00:00,738.2628383262413,19.3,58,7.5,14,4,False,Zone_B
2025-11-28 15:00:00,711.151884297198,18.5,60,8.0,15,4,False,Zone_B
2025-11-28 16:00:00,688.4106857122721,18.0,63,7.9,16,4,False,Zone_B
2025-11-28 17:00:00,670.4706899368739,17.4,65,7.4,17,4,False,Zone_B
2025-11-28 18:00:00,658.1727433981778,16.5,70,7.3,18,4,False,Zone_B
2025-11-28 19:00:00,652.3979489388998,15.8,72,8.2,19,4,False,Zone_B
2025-11-28 20:00:00,676.9890531442863,15.4,73,8.6,20,4,False,Zone_B
2025-11-28 21:00:00,646.7456040255457,14.9,73,8.7,21,4,False,Zone_B
2025-11-28 22:00:00,653.9005051457418,14.4,74,9.4,22,4,False,Zone_B
2025-11-28 23:00:00,713.9143709236471,14.2,72,9.9,23,4,False,Zone_B
2025-11-29 00:00:00,686.3798498478897,13.8,74,10.3,0,5,True,Zone_B
2025-11-29 01:00:00,750.7784698430969,13.6,73,10.2,1,5,True,Zone_B
2025-11-29 02:00:00,747.0514473395368,13.6,74,10.1,2,5,True,Zone_B
2025-11-29 03:00:00,801.9731514229848,15.1,69,10.1,3,5,True,Zone_B
2025-11-29 04:00:00,866.7550934242888,17.4,61,7.6,4,5,True,Zone_B
2025-11-29 05:00:00,867.8653107668266,20.0,51,7.3,5,5,True,Zone_B
2025-11-29 06:00:00,959.7993158552135,22.8,43,7.3,6,5,True,Zone_B
2025-11-29 07:00:00,970.4033255306774,24.6,35,8.7,7,5,True,Zone_B
2025-11-29 08:00:00,930.0745732850775,25.5,32,11.0,8,5,True,Zone_B
2025-11-29 09:00:00,956.8531557842226,25.5,33,12.0,9,5,True,Zone_B
2025-11-29 10:00:00,910.401501401724,25.0,35,11.7,10,5,True,Zone_B
2025-11-29 11:00:00,869.9618503133117,24.0,38,9.3,11,5,True,Zone_B
2025-11-29 12:00:00,832.2772022461575,21.9,45,8.4,12,5,True,Zone_B
2025-11-29 13:00:00,779.3411178741268,20.9,49,7.5,13,5,True,Zone_B
2025-11-29 14:00:00,780.53095006048,19.8,53,7.3,14,5,True,Zone_B
2025-11-29 15:00:00,698.5220729178734,18.7,56,8.5,15,5,True,Zone_B
2025-11-29 16:00:00,667.5584447696405,18.0,57,8.6,16,5,True,Zone_B
2025-11-29 17:00:00,675.2431215834882,17.4,55,8.3,17,5,True,Zone_B
2025-11-29 18:00:00,658.647398621831,16.6,58,8.4,18,5,True,Zone_B
2025-11-29 19:00:00,636.0977540212682,16.0,58,9.3,19,5,True,Zone_B
2025-11-29 20:00:00,655.3874059599252,15.1,59,7.8,20,5,True,Zone_B
2025-11-29 21:00:00,670.7538136519354,14.1,61,6.5,21,5,True,Zone_B
2025-11-29 22:00:00,671.5073117066574,13.5,62,7.0,22,5,True,Zone_B
2025-11-29 23:00:00,657.8266116731346,12.9,62,7.6,23,5,True,Zone_B
2025-11-30 00:00:00,672.1017416445301,12.4,69,8.5,0,6,True,Zone_B
2025-11-30 01:00:00,689.1893668478136,11.6,72,8.1,1,6,True,Zone_B
2025-11-30 02:00:00,731.9971317609198,11.6,72,8.8,2,6,True,Zone_B
2025-11-30 03:00:00,779.1910156720282,13.4,67,9.4,3,6,True,Zone_B
2025-11-30 04:00:00,794.201772266262,15.9,57,7.8,4,6,True,Zone_B
2025-11-30 05:00:00,833.5680686585127,18.5,47,8.2,5,6,True,Zone_B
2025-11-30 06:00:00,916.2731491731635,21.1,38,9.3,6,6,True,Zone_B
2025-11-30 07:00:00,925.9273354448269,22.8,32,11.1,7,6,True,Zone_B
2025-11-30 08:00:00,932.541804957661,23.2,33,12.7,8,6,True,Zone_B
2025-11-30 09:00:00,894.0479682563197,23.0,33,13.1,9,6,True,Zone_B
2025-11-30 10:00:00,885.4643158782688,22.8,33,13.0,10,6,True,Zone_B
2025-11-30 11:00:00,858.230914761215,21.9,36,10.3,11,6,True,Zone_B
2025-11-30 12:00:00,766.8784474279331,19.8,43,8.2,12,6,True,Zone_B
2025-11-30 13:00:00,730.9312192406028,18.9,46,8.6,13,6,True,Zone_B
2025-11-30 14:00:00,696.822894795881,17.9,47,8.8,14,6,True,Zone_B
2025-11-30 15:00:00,698.8504173719277,17.0,48,7.8,15,6,True,Zone_B
2025-11-30 16:00:00,655.1520129402179,16.2,49,7.5,16,6,True,Zone_B
2025-11-30 17:00:00,625.2513500136381,15.6,49,6.9,17,6,True,Zone_B
2025-11-30 18:00:00,633.3228259047627,14.4,55,6.1,18,6,True,Zone_B
2025-11-30 19:00:00,629.3688227902944,13.9,51,6.5,19,6,True,Zone_B
2025-11-30 20:00:00,610.9077600462261,13.3,52,6.4,20,6,True,Zone_B
2025-11-30 21:00:00,606.965012613274,12.4,56,6.0,21,6,True,Zone_B
2025-11-30 22:00:00,635.6034920632178,11.9,60,5.2,22,6,True,Zone_B
2025-11-30 23:00:00,652.3399493331157,11.5,62,4.6,23,6,True,Zone_B
2025-12-01 00:00:00,684.2254159029388,11.1,68,2.1,0,0,False,Zone_B
2025-12-01 01:00:00,687.2047428870454,10.6,70,0.6,1,0,False,Zone_B
2025-12-01 02:00:00,703.2756442862077,10.2,74,1.9,2,0,False,Zone_B
2025-12-01 03:00:00,765.9284002868989,12.4,65,4.3,3,0,False,Zone_B
2025-12-01 04:00:00,842.5276574696628,15.4,55,2.1,4,0,False,Zone_B
2025-12-01 05:00:00,860.4688475796817,18.2,45,2.0,5,0,False,Zone_B
2025-12-01 06:00:00,895.1609108724471,21.2,36,2.9,6,0,False,Zone_B
2025-12-01 07:00:00,961.027657844297,23.0,31,4.5,7,0,False,Zone_B
2025-12-01 08:00:00,949.3256347872848,23.9,28,5.9,8,0,False,Zone_B
2025-12-01 09:00:00,892.041795167175,24.1,28,7.2,9,0,False,Zone_B
2025-12-01 10:00:00,899.5460329313827,23.6,31,6.9,10,0,False,Zone_B
2025-12-01 11:00:00,855.6920502581413,22.5,35,5.7,11,0,False,Zone_B
2025-12-01 12:00:00,793.3788549027896,19.8,48,4.2,12,0,False,Zone_B
2025-12-01 13:00:00,767.464183535198,19.3,49,2.2,13,0,False,Zone_B
2025-12-01 14:00:00,702.7513928558985,18.0,51,4.4,14,0,False,Zone_B
2025-12-01 15:00:00,632.961066652456,17.0,54,4.8,15,0,False,Zone_B
2025-12-01 16:00:00,674.2375740468268,16.4,59,3.6,16,0,False,Zone_B
2025-12-01 17:00:00,650.9035170318174,15.5,62,4.4,17,0,False,Zone_B
2025-12-01 18:00:00,613.9316342635439,14.9,64,4.7,18,0,False,Zone_B
2025-12-01 19:00:00,633.106681262975,14.1,67,4.2,19,0,False,Zone_B
2025-12-01 20:00:00,603.7521951684146,13.6,69,5.5,20,0,False,Zone_B
2025-12-01 21:00:00,650.9290326410475,13.4,70,5.4,21,0,False,Zone_B
2025-12-01 22:00:00,670.6047243053276,12.9,73,4.3,22,0,False,Zone_B
2025-12-01 23:00:00,677.1958790087536,12.7,73,4.2,23,0,False,Zone_B
2025-12-02 00:00:00,658.5462118295433,12.4,75,4.3,0,1,False,Zone_B
2025-12-02 01:00:00,691.333794068071,12.4,73,4.7,1,1,False,Zone_B
2025-12-02 02:00:00,745.1580174694298,12.8,69,4.6,2,1,False,Zone_B
2025-12-02 03:00:00,775.5081733660676,14.8,61,5.2,3,1,False,Zone_B
2025-12-02 04:00:00,882.7437101627919,17.8,52,3.3,4,1,False,Zone_B
2025-12-02 05:00:00,920.9527712743372,20.4,46,3.8,5,1,False,Zone_B
2025-12-02 06:00:00,960.6407160069264,22.4,49,5.0,6,1,False,Zone_B
2025-12-02 07:00:00,973.7459988985212,23.7,50,4.7,7,1,False,Zone_B
2025-12-02 08:00:00,955.5914182126942,24.3,49,4.1,8,1,False,Zone_B
2025-12-02 09:00:00,910.7843178770734,24.5,47,4.2,9,1,False,Zone_B
2025-12-02 10:00:00,935.1960949335244,24.5,44,5.6,10,1,False,Zone_B
2025-12-02 11:00:00,863.8315993796191,23.5,49,7.2,11,1,False,Zone_B
2025-12-02 12:00:00,791.5600747290318,21.1,59,7.8,12,1,False,Zone_B
2025-12-02 13:00:00,788.5359308137869,20.2,60,7.7,13,1,False,Zone_B
2025-12-02 14:00:00,737.1759514932895,19.4,57,6.4,14,1,False,Zone_B
2025-12-02 15:00:00,695.7164412440366,18.1,59,5.0,15,1,False,Zone_B
2025-12-02 16:00:00,672.3041653000098,17.2,61,4.8,16,1,False,Zone_B
2025-12-02 17:00:00,672.4750302752991,16.5,60,5.6,17,1,False,Zone_B
2025-12-02 18:00:00,620.1326626827777,15.6,64,6.3,18,1,False,Zone_B
2025-12-02 19:00:00,626.8972567973057,14.6,67,6.3,19,1,False,Zone_B
2025-12-02 20:00:00,622.1664551992026,13.9,66,7.0,20,1,False,Zone_B
2025-12-02 21:00:00,610.1008531400913,13.1,66,6.6,21,1,False,Zone_B
2025-12-02 22:00:00,621.9624585805466,12.2,68,5.5,22,1,False,Zone_B
2025-12-02 23:00:00,676.0369600961369,11.5,70,5.2,23,1,False,Zone_B
2025-12-03 00:00:00,667.4771535544676,11.1,75,6.4,0,2,False,Zone_B
2025-12-03 01:00:00,710.9637867041428,10.8,76,5.7,1,2,False,Zone_B
2025-12-03 02:00:00,714.9288460223597,10.6,77,6.1,2,2,False,Zone_B
2025-12-03 03:00:00,757.7716923881765,12.4,69,6.7,3,2,False,Zone_B
2025-12-03 04:00:00,800.2655624501155,15.2,59,4.8,4,2,False,Zone_B
2025-12-03 05:00:00,861.1436030828829,17.9,50,5.9,5,2,False,Zone_B
2025-12-03 06:00:00,902.4318635522905,20.0,41,8.8,6,2,False,Zone_B
2025-12-03 07:00:00,927.3030174820523,21.5,35,8.9,7,2,False,Zone_B
2025-12-03 08:00:00,922.8299926650326,22.2,32,9.7,8,2,False,Zone_B
2025-12-03 09:00:00,884.7425863310658,22.5,30,10.5,9,2,False,Zone_B
2025-12-03 10:00:00,870.3907697027132,22.0,32,11.1,10,2,False,Zone_B
2025-12-03 11:00:00,826.1034010718008,20.9,36,9.4,11,2,False,Zone_B
2025-12-03 12:00:00,795.4214463373153,18.5,47,7.6,12,2,False,Zone_B
2025-12-03 13:00:00,742.7224805436682,17.7,52,7.6,13,2,False,Zone_B
2025-12-03 14:00:00,706.2705135521218,16.8,56,7.7,14,2,False,Zone_B
2025-12-03 15:00:00,629.1349847513569,15.9,59,8.4,15,2,False,Zone_B
2025-12-03 16:00:00,614.3621371246899,15.0,60,8.2,16,2,False,Zone_B
2025-12-03 17:00:00,633.9132806534561,14.3,62,7.7,17,2,False,Zone_B
2025-12-03 18:00:00,564.9231072313156,13.4,66,8.4,18,2,False,Zone_B
2025-12-03 19:00:00,573.0174467880677,12.6,68,8.9,19,2,False,Zone_B
2025-12-03 20:00:00,568.9741785535524,11.9,70,8.0,20,2,False,Zone_B
2025-12-03 21:00:00,607.5425717765102,11.4,71,8.4,21,2,False,Zone_B
2025-12-03 22:00:00,643.9456359638758,11.1,72,8.3,22,2,False,Zone_B
2025-12-03 23:00:00,662.4623218843552,10.6,73,8.1,23,2,False,Zone_B
2025-12-04 00:00:00,644.6712125548859,9.9,76,9.2,0,3,False,Zone_B
2025-12-04 01:00:00,670.9252081089488,9.6,76,9.7,1,3,False,Zone_B
2025-12-04 02:00:00,736.8134311521106,9.6,76,10.1,2,3,False,Zone_B
2025-12-04 03:00:00,721.8109768726817,11.3,70,10.5,3,3,False,Zone_B
2025-12-04 04:00:00,796.8577331797973,13.7,62,7.9,4,3,False,Zone_B
2025-12-04 05:00:00,848.7830376101344,16.4,52,8.5,5,3,False,Zone_B
2025-12-04 06:00:00,892.4569037491805,19.0,44,11.0,6,3,False,Zone_B
2025-12-04 07:00:00,886.0775488583865,20.4,40,11.1,7,3,False,Zone_B
2025-12-04 08:00:00,916.7103947034356,21.1,37,11.2,8,3,False,Zone_B
2025-12-04 09:00:00,888.3860699899874,21.4,35,11.5,9,3,False,Zone_B
2025-12-04 10:00:00,865.5724465420208,21.0,36,11.0,10,3,False,Zone_B
2025-12-04 11:00:00,785.7175323682911,20.0,40,9.6,11,3,False,Zone_B
2025-12-04 12:00:00,797.6186952469834,17.5,50,5.8,12,3,False,Zone_B
2025-12-04 13:00:00,730.8636835893428,16.5,55,5.4,13,3,False,Zone_B
2025-12-04 14:00:00,661.0129109752444,15.8,57,6.1,14,3,False,Zone_B
2025-12-04 15:00:00,669.6998189458704,15.0,58,7.4,15,3,False,Zone_B
2025-12-04 16:00:00,633.6646754180344,14.2,59,6.8,16,3,False,Zone_B
2025-12-04 17:00:00,608.1483680424496,13.6,59,6.7,17,3,False,Zone_B
2025-12-04 18:00:00,604.1782362366972,12.6,67,5.5,18,3,False,Zone_B
2025-12-04 19:00:00,597.3459873599382,11.7,68,5.4,19,3,False,Zone_B
2025-12-04 20:00:00,610.5202709951183,11.3,69,5.7,20,3,False,Zone_B
2025-12-04 21:00:00,563.120010319275,10.6,70,5.8,21,3,False,Zone_B
2025-12-04 22:00:00,592.3477071022744,9.9,73,5.5,22,3,False,Zone_B
2025-12-04 23:00:00,621.92422851843,9.6,74,6.1,23,3,False,Zone_B
2025-12-05 00:00:00,643.3303177401096,9.1,78,6.9,0,4,False,Zone_B
2025-12-05 01:00:00,657.4236894710019,8.8,80,6.7,1,4,False,Zone_B
2025-12-05 02:00:00,659.2341269402053,8.6,81,7.1,2,4,False,Zone_B
2025-12-05 03:00:00,727.420019873043,10.5,73,6.6,3,4,False,Zone_B
2025-12-05 04:00:00,807.7109739827838,13.9,62,4.6,4,4,False,Zone_B
2025-12-05 05:00:00,875.4636671389125,16.9,49,4.8,5,4,False,Zone_B
2025-12-05 06:00:00,898.5976618828207,19.2,39,6.1,6,4,False,Zone_B
2025-12-05 07:00:00,914.2701155711571,20.4,33,6.2,7,4,False,Zone_B
2025-12-05 08:00:00,883.5578154083108,21.0,32,6.1,8,4,False,Zone_B
2025-12-05 09:00:00,921.2316608963131,21.3,32,6.1,9,4,False,Zone_B
2025-12-05 10:00:00,850.3132172366563,21.1,35,6.8,10,4,False,Zone_B
2025-12-05 11:00:00,797.8963068342412,19.9,43,7.1,11,4,False,Zone_B
2025-12-05 12:00:00,777.2659948918078,18.1,48,9.1,12,4,False,Zone_B
2025-12-05 13:00:00,726.704658460684,17.3,52,7.1,13,4,False,Zone_B
2025-12-05 14:00:00,691.6027677082861,16.6,54,7.4,14,4,False,Zone_B
2025-12-05 15:00:00,697.1372556843169,15.7,57,7.9,15,4,False,Zone_B
2025-12-05 16:00:00,625.724137658872,14.8,60,7.8,16,4,False,Zone_B
2025-12-05 17:00:00,609.2610580486429,14.1,63,7.8,17,4,False,Zone_B
2025-12-05 18:00:00,582.9984000039781,13.4,65,8.4,18,4,False,Zone_B
2025-12-05 19:00:00,627.6020319483501,12.8,67,8.5,19,4,False,Zone_B
2025-12-05 20:00:00,602.5160477265009,12.1,68,8.7,20,4,False,Zone_B
2025-12-05 21:00:00,604.392476474044,11.4,69,9.4,21,4,False,Zone_B
2025-12-05 22:00:00,595.511238219082,10.9,71,10.1,22,4,False,Zone_B
2025-12-05 23:00:00,630.4501701263349,10.6,71,10.4,23,4,False,Zone_B
2025-12-06 00:00:00,650.2444924525902,10.3,76,11.7,0,5,True,Zone_B
2025-12-06 01:00:00,675.2414731162255,10.1,76,11.8,1,5,True,Zone_B
2025-12-06 02:00:00,715.7880572532474,10.2,75,12.7,2,5,True,Zone_B
2025-12-06 03:00:00,741.7504463230024,11.9,68,13.5,3,5,True,Zone_B
2025-12-06 04:00:00,804.7651366974637,14.1,60,10.9,4,5,True,Zone_B
2025-12-06 05:00:00,887.5529058032358,16.8,50,11.0,5,5,True,Zone_B
2025-12-06 06:00:00,851.4710410831378,19.6,42,11.7,6,5,True,Zone_B
2025-12-06 07:00:00,946.3676863748083,21.6,37,11.6,7,5,True,Zone_B
2025-12-06 08:00:00,925.9025180456133,22.7,33,12.6,8,5,True,Zone_B
2025-12-06 09:00:00,922.2024737070192,23.0,33,13.0,9,5,True,Zone_B
2025-12-06 10:00:00,883.6920379766918,22.5,36,13.9,10,5,True,Zone_B
2025-12-06 11:00:00,868.0243799713116,21.4,38,12.1,11,5,True,Zone_B
2025-12-06 12:00:00,781.0898408426476,19.4,45,11.2,12,5,True,Zone_B
2025-12-06 13:00:00,786.8130979752187,18.5,46,11.4,13,5,True,Zone_B
2025-12-06 14:00:00,712.0519115417787,17.4,47,10.9,14,5,True,Zone_B
2025-12-06 15:00:00,655.8914121014271,16.6,48,10.6,15,5,True,Zone_B
2025-12-06 16:00:00,642.5929001569953,15.7,50,10.9,16,5,True,Zone_B
2025-12-06 17:00:00,666.8999878628305,15.1,52,11.1,17,5,True,Zone_B
2025-12-06 18:00:00,631.2059474316758,14.6,56,11.1,18,5,True,Zone_B
2025-12-06 19:00:00,609.8486991267852,13.9,59,10.5,19,5,True,Zone_B
2025-12-06 20:00:00,612.7819303211767,13.2,61,10.3,20,5,True,Zone_B
2025-12-06 21:00:00,616.391976184466,12.8,64,10.7,21,5,True,Zone_B
2025-12-06 22:00:00,622.0515520899565,12.4,66,11.2,22,5,True,Zone_B
2025-12-06 23:00:00,656.0510858020275,12.0,69,11.7,23,5,True,Zone_B
2025-12-07 00:00:00,650.1675208364966,11.1,74,12.1,0,6,True,Zone_B
2025-12-07 01:00:00,645.2082945072198,10.6,76,11.1,1,6,True,Zone_B
2025-12-07 02:00:00,743.9794139606965,10.6,76,11.6,2,6,True,Zone_B
2025-12-07 03:00:00,761.7713135874712,12.1,71,11.9,3,6,True,Zone_B
2025-12-07 04:00:00,795.9657796044239,14.6,62,8.9,4,6,True,Zone_B
2025-12-07 05:00:00,873.2689825892662,17.2,53,9.4,5,6,True,Zone_B
2025-12-07 06:00:00,888.544919531872,20.1,45,9.9,6,6,True,Zone_B
2025-12-07 07:00:00,941.9197424912843,22.1,39,10.1,7,6,True,Zone_B
2025-12-07 08:00:00,938.7313660037702,23.2,37,10.3,8,6,True,Zone_B
2025-12-07 09:00:00,911.8328938863051,23.6,38,10.3,9,6,True,Zone_B
2025-12-07 10:00:00,914.2251174935813,23.2,41,10.5,10,6,True,Zone_B
2025-12-07 11:00:00,819.2822441230958,22.0,46,10.3,11,6,True,Zone_B
2025-12-07 12:00:00,836.0088548313654,20.0,54,9.0,12,6,True,Zone_B
2025-12-07 13:00:00,756.247726172932,19.5,55,9.7,13,6,True,Zone_B
2025-12-07 14:00:00,716.8003276527008,18.5,58,10.4,14,6,True,Zone_B
2025-12-07 15:00:00,704.9819747183398,17.6,60,10.1,15,6,True,Zone_B
2025-12-07 16:00:00,651.2227307348243,16.8,62,9.5,16,6,True,Zone_B
2025-12-07 17:00:00,635.3439729811226,16.0,63,9.6,17,6,True,Zone_B
2025-12-07 18:00:00,656.7696117800556,15.5,65,10.5,18,6,True,Zone_B
2025-12-07 19:00:00,606.5917625773328,14.9,65,10.5,19,6,True,Zone_B
2025-12-07 20:00:00,668.9223755121297,14.9,63,10.8,20,6,True,Zone_B
2025-12-07 21:00:00,659.921333195331,14.6,62,11.1,21,6,True,Zone_B
2025-12-07 22:00:00,679.8897411089645,14.4,62,11.4,22,6,True,Zone_B
2025-12-07 23:00:00,645.2078757976641,13.7,64,11.7,23,6,True,Zone_B
2025-12-08 00:00:00,674.7680185091424,12.8,69,12.4,0,0,False,Zone_B
2025-12-08 01:00:00,718.0771552540477,12.2,71,12.4,1,0,False,Zone_B
2025-12-08 02:00:00,706.8490978003287,12.1,72,12.8,2,0,False,Zone_B
2025-12-08 03:00:00,749.2275230853005,13.6,66,13.4,3,0,False,Zone_B
2025-12-08 04:00:00,806.280877414682,15.9,59,10.5,4,0,False,Zone_B
2025-12-08 05:00:00,870.4109584016923,18.6,50,10.6,5,0,False,Zone_B
2025-12-08 06:00:00,928.0081739840458,21.5,41,10.9,6,0,False,Zone_B
2025-12-08 07:00:00,921.4285717505145,23.4,37,10.9,7,0,False,Zone_B
2025-12-08 08:00:00,936.3704557902616,24.4,34,11.4,8,0,False,Zone_B
2025-12-08 09:00:00,965.5677235660753,24.7,34,12.5,9,0,False,Zone_B
2025-12-08 10:00:00,918.8734555636504,24.2,35,13.4,10,0,False,Zone_B
2025-12-08 11:00:00,870.9413291003231,23.0,39,12.0,11,0,False,Zone_B
2025-12-08 12:00:00,833.8552335562661,20.9,48,10.7,12,0,False,Zone_B
2025-12-08 13:00:00,777.033973807854,19.8,51,11.8,13,0,False,Zone_B
2025-12-08 14:00:00,727.6474341348476,18.8,52,11.7,14,0,False,Zone_B
2025-12-08 15:00:00,696.6374085716984,17.9,53,11.5,15,0,False,Zone_B
2025-12-08 16:00:00,667.7983985896949,17.1,53,12.5,16,0,False,Zone_B
2025-12-08 17:00:00,660.4347947252113,16.4,54,12.5,17,0,False,Zone_B
2025-12-08 18:00:00,628.037376555371,15.6,58,12.8,18,0,False,Zone_B
2025-12-08 19:00:00,611.0466985587549,14.6,60,12.1,19,0,False,Zone_B
2025-12-08 20:00:00,614.4844579996163,13.9,63,12.1,20,0,False,Zone_B
2025-12-08 21:00:00,599.668921450825,13.2,65,12.5,21,0,False,Zone_B
2025-12-08 22:00:00,653.1253373457967,12.8,67,12.7,22,0,False,Zone_B
2025-12-08 23:00:00,646.8648768515142,12.4,69,12.8,23,0,False,Zone_B
2025-12-09 00:00:00,708.786820427276,11.8,72,13.7,0,1,False,Zone_B
2025-12-09 01:00:00,678.3672835324558,11.4,75,12.9,1,1,False,Zone_B
2025-12-09 02:00:00,698.8883855556772,11.2,75,13.6,2,1,False,Zone_B
2025-12-09 03:00:00,768.8164514537295,12.6,70,14.6,3,1,False,Zone_B
2025-12-09 04:00:00,795.7631047808798,15.0,62,10.9,4,1,False,Zone_B
2025-12-09 05:00:00,874.0983965844157,17.8,52,10.4,5,1,False,Zone_B
2025-12-09 06:00:00,915.7523962692952,20.7,45,10.8,6,1,False,Zone_B
2025-12-09 07:00:00,911.1172675261231,22.6,39,12.0,7,1,False,Zone_B
2025-12-09 08:00:00,924.5991110780475,23.8,35,12.6,8,1,False,Zone_B
2025-12-09 09:00:00,947.0179553362409,24.1,32,12.7,9,1,False,Zone_B
2025-12-09 10:00:00,948.6754929280308,23.7,35,12.8,10,1,False,Zone_B
2025-12-09 11:00:00,881.6123172227528,22.5,40,11.6,11,1,False,Zone_B
2025-12-09 12:00:00,774.1927009528658,20.2,50,9.5,12,1,False,Zone_B
2025-12-09 13:00:00,765.8725989893493,19.5,53,10.2,13,1,False,Zone_B
2025-12-09 14:00:00,719.0752567576654,18.7,54,10.3,14,1,False,Zone_B
2025-12-09 15:00:00,708.9647610280282,18.1,54,10.9,15,1,False,Zone_B
2025-12-09 16:00:00,658.4075786313803,17.5,55,11.2,16,1,False,Zone_B
2025-12-09 17:00:00,646.6937074910494,17.0,56,11.3,17,1,False,Zone_B
2025-12-09 18:00:00,626.52951896363,16.0,59,12.0,18,1,False,Zone_B
2025-12-09 19:00:00,642.7651571885929,14.9,63,11.8,19,1,False,Zone_B
2025-12-09 20:00:00,619.7608420771921,14.4,65,12.3,20,1,False,Zone_B
2025-12-09 21:00:00,654.7376740704487,13.9,67,12.4,21,1,False,Zone_B
2025-12-09 22:00:00,669.495719708837,13.4,69,12.1,22,1,False,Zone_B
2025-12-09 23:00:00,664.8788485556655,12.9,71,12.2,23,1,False,Zone_B
2025-12-10 00:00:00,641.2023488328158,12.4,72,12.2,0,2,False,Zone_B
2025-12-10 01:00:00,758.2039094187154,11.9,74,11.6,1,2,False,Zone_B
2025-12-10 02:00:00,731.7015097070135,11.7,75,12.1,2,2,False,Zone_B
2025-12-10 03:00:00,761.708673404473,13.0,70,12.0,3,2,False,Zone_B
2025-12-10 04:00:00,799.408885508455,15.2,62,7.8,4,2,False,Zone_B
2025-12-10 05:00:00,886.1509654847385,18.0,53,7.1,5,2,False,Zone_B
2025-12-10 06:00:00,913.6866328710109,20.8,44,6.3,6,2,False,Zone_B
2025-12-10 07:00:00,935.8347227034346,22.5,39,8.1,7,2,False,Zone_B
2025-12-10 08:00:00,940.1577248361679,23.4,36,8.3,8,2,False,Zone_B
2025-12-10 09:00:00,945.1011759441024,23.8,36,9.3,9,2,False,Zone_B
2025-12-10 10:00:00,903.6541360230209,23.4,39,10.3,10,2,False,Zone_B
2025-12-10 11:00:00,885.6129678815521,22.2,45,8.1,11,2,False,Zone_B
2025-12-10 12:00:00,797.0581703729556,20.0,55,6.2,12,2,False,Zone_B
2025-12-10 13:00:00,787.4746750082763,19.6,56,7.1,13,2,False,Zone_B
2025-12-10 14:00:00,718.9768105266462,19.0,57,6.7,14,2,False,Zone_B
2025-12-10 15:00:00,679.9854926018797,18.0,59,5.8,15,2,False,Zone_B
2025-12-10 16:00:00,701.7337179645284,17.4,61,5.8,16,2,False,Zone_B
2025-12-10 17:00:00,661.1876153433398,17.0,61,5.9,17,2,False,Zone_B
2025-12-10 18:00:00,674.9525810062452,16.5,61,6.4,18,2,False,Zone_B
2025-12-10 19:00:00,656.281767481111,15.6,63,6.9,19,2,False,Zone_B
2025-12-10 20:00:00,617.8532002639153,14.8,66,6.9,20,2,False,Zone_B
2025-12-10 21:00:00,635.5882703764472,13.7,70,6.7,21,2,False,Zone_B
2025-12-10 22:00:00,669.0132725447904,12.8,75,6.3,22,2,False,Zone_B
2025-12-10 23:00:00,648.9084225111724,11.9,78,7.0,23,2,False,Zone_B
2025-12-11 00:00:00,672.7558603799467,11.1,85,8.3,0,3,False,Zone_B
2025-12-11 01:00:00,693.9091259061927,10.9,85,8.2,1,3,False,Zone_B
2025-12-11 02:00:00,735.8863383687558,10.9,84,8.7,2,3,False,Zone_B
2025-12-11 03:00:00,783.9267549921889,12.7,74,8.5,3,3,False,Zone_B
2025-12-11 04:00:00,803.5063749276029,15.6,63,4.8,4,3,False,Zone_B
2025-12-11 05:00:00,866.4247335745052,18.5,52,4.5,5,3,False,Zone_B
2025-12-11 06:00:00,938.9433972046459,21.7,43,6.0,6,3,False,Zone_B
2025-12-11 07:00:00,957.7893920693014,23.4,37,7.8,7,3,False,Zone_B
2025-12-11 08:00:00,951.3930367257448,24.2,34,9.9,8,3,False,Zone_B
2025-12-11 09:00:00,949.0278202684004,24.3,34,11.1,9,3,False,Zone_B
2025-12-11 10:00:00,897.2107948670176,23.9,36,10.5,10,3,False,Zone_B
2025-12-11 11:00:00,856.8957359851025,22.7,41,7.7,11,3,False,Zone_B
2025-12-11 12:00:00,801.1531922437563,19.9,56,5.2,12,3,False,Zone_B
2025-12-11 13:00:00,719.5534340172857,19.0,62,4.7,13,3,False,Zone_B
2025-12-11 14:00:00,709.3205972809465,18.0,66,4.7,14,3,False,Zone_B
2025-12-11 15:00:00,692.706685555925,17.2,68,4.9,15,3,False,Zone_B
2025-12-11 16:00:00,708.2580700589051,16.6,69,4.8,16,3,False,Zone_B
2025-12-11 17:00:00,659.9000689421362,16.1,69,4.8,17,3,False,Zone_B
2025-12-11 18:00:00,659.7759583645832,16.1,68,2.4,18,3,False,Zone_B
2025-12-11 19:00:00,639.5502851331372,14.9,71,3.8,19,3,False,Zone_B
2025-12-11 20:00:00,621.6341195410532,14.5,72,5.2,20,3,False,Zone_B
2025-12-11 21:00:00,593.5569524635679,13.4,77,7.0,21,3,False,Zone_B
2025-12-11 22:00:00,663.1266256874792,12.6,81,6.7,22,3,False,Zone_B
2025-12-11 23:00:00,648.248543659859,12.0,84,6.2,23,3,False,Zone_B
2025-12-12 00:00:00,684.2246596265524,11.4,88,8.1,0,4,False,Zone_B
2025-12-12 01:00:00,679.8195671796018,10.9,89,6.2,1,4,False,Zone_B
2025-12-12 02:00:00,683.7946949905304,10.6,89,5.9,2,4,False,Zone_B
2025-12-12 03:00:00,774.0066670637317,12.2,83,6.3,3,4,False,Zone_B
2025-12-12 04:00:00,824.369620868128,15.5,73,4.0,4,4,False,Zone_B
2025-12-12 05:00:00,909.5581821756289,18.5,60,3.1,5,4,False,Zone_B
2025-12-12 06:00:00,909.719362986822,21.0,50,3.1,6,4,False,Zone_B
2025-12-12 07:00:00,930.1992385686697,22.5,43,3.2,7,4,False,Zone_B
2025-12-12 08:00:00,938.2031819890719,23.5,39,3.2,8,4,False,Zone_B
2025-12-12 09:00:00,889.4284360562211,23.8,36,3.5,9,4,False,Zone_B
2025-12-12 10:00:00,919.1168076034792,23.7,36,3.9,10,4,False,Zone_B
2025-12-12 11:00:00,879.0460951905757,22.4,46,3.4,11,4,False,Zone_B
2025-12-12 12:00:00,811.2247495773897,20.2,50,5.1,12,4,False,Zone_B
2025-12-12 13:00:00,760.1717520589381,19.5,57,4.7,13,4,False,Zone_B
2025-12-12 14:00:00,688.9733577401078,18.1,65,4.1,14,4,False,Zone_B
2025-12-12 15:00:00,693.0712458913514,17.5,68,3.4,15,4,False,Zone_B
2025-12-12 16:00:00,655.7233983779978,17.0,68,2.8,16,4,False,Zone_B
2025-12-12 17:00:00,645.7373527226506,16.5,69,2.8,17,4,False,Zone_B
2025-12-12 18:00:00,643.8351589790777,15.8,70,2.6,18,4,False,Zone_B
2025-12-12 19:00:00,602.1998933937092,14.9,74,3.1,19,4,False,Zone_B
2025-12-12 20:00:00,628.2312017284165,13.9,80,3.9,20,4,False,Zone_B
2025-12-12 21:00:00,587.7629287554423,13.4,82,2.8,21,4,False,Zone_B
2025-12-12 22:00:00,628.2286989026228,13.2,82,2.3,22,4,False,Zone_B
2025-12-12 23:00:00,675.8730973311335,13.1,83,1.5,23,4,False,Zone_B
2025-12-13 00:00:00,681.4774305572962,12.9,81,0.3,0,5,True,Zone_B
2025-12-13 01:00:00,696.3141189780401,12.9,81,0.4,1,5,True,Zone_B
2025-12-13 02:00:00,734.3588281965169,12.9,81,0.3,2,5,True,Zone_B
2025-12-13 03:00:00,768.7584442845681,14.4,78,3.1,3,5,True,Zone_B
2025-12-13 04:00:00,868.3042977971612,16.8,69,3.1,4,5,True,Zone_B
2025-12-13 05:00:00,913.7349499983472,19.2,60,3.3,5,5,True,Zone_B
2025-12-13 06:00:00,918.6684672460195,21.1,54,4.1,6,5,True,Zone_B
2025-12-13 07:00:00,916.3776623474117,22.6,48,3.5,7,5,True,Zone_B
2025-12-13 08:00:00,905.6610070232271,23.5,44,1.9,8,5,True,Zone_B
2025-12-13 09:00:00,920.2393319925101,24.0,42,1.5,9,5,True,Zone_B
2025-12-13 10:00:00,886.3035116890542,23.8,42,2.2,10,5,True,Zone_B
2025-12-13 11:00:00,895.0552475402056,22.9,46,3.1,11,5,True,Zone_B
2025-12-13 12:00:00,805.9269120457228,19.9,61,4.8,12,5,True,Zone_B
2025-12-13 13:00:00,754.2742204467133,19.1,65,4.6,13,5,True,Zone_B
2025-12-13 14:00:00,725.3379007666327,18.2,69,3.7,14,5,True,Zone_B
2025-12-13 15:00:00,676.0345717358613,17.3,72,3.3,15,5,True,Zone_B
2025-12-13 16:00:00,640.6749820872102,16.5,76,3.1,16,5,True,Zone_B
2025-12-13 17:00:00,633.2045934482367,15.6,81,3.9,17,5,True,Zone_B
2025-12-13 18:00:00,620.2112523393548,14.7,86,3.6,18,5,True,Zone_B
2025-12-13 19:00:00,634.2433083046267,14.1,87,3.1,19,5,True,Zone_B
2025-12-13 20:00:00,614.4141533178432,13.6,89,2.7,20,5,True,Zone_B
2025-12-13 21:00:00,632.1654668535916,13.1,90,2.0,21,5,True,Zone_B
2025-12-13 22:00:00,597.1237612717092,12.9,90,1.4,22,5,True,Zone_B
2025-12-13 23:00:00,664.4889190997984,12.6,90,1.0,23,5,True,Zone_B
2025-12-14 00:00:00,673.9505015634779,11.2,94,4.1,0,6,True,Zone_B
2025-12-14 01:00:00,666.7441363748896,11.1,93,4.6,1,6,True,Zone_B
2025-12-14 02:00:00,695.0061536251211,11.1,93,4.6,2,6,True,Zone_B
2025-12-14 03:00:00,765.4478529607151,13.2,88,5.8,3,6,True,Zone_B
2025-12-14 04:00:00,825.421446336317,16.7,75,2.8,4,6,True,Zone_B
2025-12-14 05:00:00,849.616257400091,19.4,63,2.2,5,6,True,Zone_B
2025-12-14 06:00:00,943.6407508586351,21.0,57,3.2,6,6,True,Zone_B
2025-12-14 07:00:00,916.1121544288156,22.2,53,1.6,7,6,True,Zone_B
2025-12-14 08:00:00,977.3149360363345,23.0,50,0.6,8,6,True,Zone_B
2025-12-14 09:00:00,944.9426599449412,23.5,48,0.7,9,6,True,Zone_B
2025-12-14 10:00:00,906.7216658839799,23.4,47,0.8,10,6,True,Zone_B
2025-12-14 11:00:00,853.8546582757475,22.2,66,1.3,11,6,True,Zone_B
2025-12-14 12:00:00,815.6647809660125,19.8,70,3.6,12,6,True,Zone_B
2025-12-14 13:00:00,769.9249357653133,19.0,74,3.4,13,6,True,Zone_B
2025-12-14 14:00:00,718.743654567409,18.2,75,3.6,14,6,True,Zone_B
2025-12-14 15:00:00,680.4972896965274,17.6,73,4.3,15,6,True,Zone_B
2025-12-14 16:00:00,700.9818266939282,17.3,73,3.1,16,6,True,Zone_B
2025-12-14 17:00:00,674.7442016762823,16.8,74,1.5,17,6,True,Zone_B
2025-12-14 18:00:00,617.5755360062241,16.5,74,0.6,18,6,True,Zone_B
2025-12-14 19:00:00,623.8618764468981,15.7,76,0.6,19,6,True,Zone_B
2025-12-14 20:00:00,592.277624449895,14.4,81,2.5,20,6,True,Zone_B
2025-12-14 21:00:00,666.7841348143701,13.7,85,5.6,21,6,True,Zone_B
2025-12-14 22:00:00,633.8228188234626,12.8,89,7.3,22,6,True,Zone_B
2025-12-14 23:00:00,628.610745621683,12.2,91,7.0,23,6,True,Zone_B
2025-12-15 00:00:00,674.3604904136465,11.8,91,7.3,0,0,False,Zone_B
2025-12-15 01:00:00,712.4459784949925,11.1,95,7.1,1,0,False,Zone_B
2025-12-15 02:00:00,719.0298571693694,10.5,99,7.0,2,0,False,Zone_B
2025-12-15 03:00:00,785.0093097059623,11.8,96,7.2,3,0,False,Zone_B
2025-12-15 04:00:00,827.1271320006678,14.4,87,7.2,4,0,False,Zone_B
2025-12-15 05:00:00,841.0925866701793,16.5,77,5.0,5,0,False,Zone_B
2025-12-15 06:00:00,912.3250967629936,19.5,63,6.2,6,0,False,Zone_B
2025-12-15 07:00:00,947.6501799099059,21.6,51,7.0,7,0,False,Zone_B
2025-12-15 08:00:00,925.9725625923106,22.7,44,7.5,8,0,False,Zone_B
2025-12-15 09:00:00,882.3732158567846,23.0,44,8.1,9,0,False,Zone_B
2025-12-15 10:00:00,884.1666554002123,22.8,50,7.8,10,0,False,Zone_B
2025-12-15 11:00:00,833.7058002571656,21.7,56,7.2,11,0,False,Zone_B
2025-12-15 12:00:00,769.5836006780532,19.5,59,5.8,12,0,False,Zone_B
2025-12-15 13:00:00,716.8804048927833,18.5,64,5.4,13,0,False,Zone_B
2025-12-15 14:00:00,728.0051392866227,17.8,67,6.2,14,0,False,Zone_B
2025-12-15 15:00:00,702.3220079668138,17.0,69,7.4,15,0,False,Zone_B
2025-12-15 16:00:00,641.953359407892,16.2,71,8.3,16,0,False,Zone_B
2025-12-15 17:00:00,630.0071791235501,15.7,70,9.7,17,0,False,Zone_B
2025-12-15 18:00:00,626.1938857529118,15.0,72,10.6,18,0,False,Zone_B
2025-12-15 19:00:00,607.3191527857389,14.1,74,10.0,19,0,False,Zone_B
2025-12-15 20:00:00,617.2890264810275,13.4,77,9.7,20,0,False,Zone_B
2025-12-15 21:00:00,641.5685329025464,12.9,80,9.9,21,0,False,Zone_B
2025-12-15 22:00:00,657.3953286477448,12.6,82,10.2,22,0,False,Zone_B
2025-12-15 23:00:00,679.8140628117959,12.4,85,10.9,23,0,False,Zone_B
2025-12-16 00:00:00,684.4431298125804,11.9,88,11.1,0,1,False,Zone_B
2025-12-16 01:00:00,684.4178440882904,11.6,89,11.0,1,1,False,Zone_B
2025-12-16 02:00:00,748.0629992947564,11.4,91,11.6,2,1,False,Zone_B
2025-12-16 03:00:00,800.7275813194794,12.7,85,12.7,3,1,False,Zone_B
2025-12-16 04:00:00,832.8762521488039,14.9,74,10.7,4,1,False,Zone_B
2025-12-16 05:00:00,885.5247872843552,17.6,63,11.8,5,1,False,Zone_B
2025-12-16 06:00:00,894.9526331342929,19.8,56,12.4,6,1,False,Zone_B
2025-12-16 07:00:00,931.4551236583135,21.6,49,12.9,7,1,False,Zone_B
2025-12-16 08:00:00,935.4034664619634,22.6,46,12.2,8,1,False,Zone_B
2025-12-16 09:00:00,895.5156876680658,22.9,47,11.7,9,1,False,Zone_B
2025-12-16 10:00:00,886.0674316282126,22.6,50,12.1,10,1,False,Zone_B
2025-12-16 11:00:00,846.6567245767864,21.5,56,11.1,11,1,False,Zone_B
2025-12-16 12:00:00,818.2583621976764,19.7,64,9.8,12,1,False,Zone_B
2025-12-16 13:00:00,738.2834242403886,19.0,67,10.4,13,1,False,Zone_B
2025-12-16 14:00:00,756.5253096355843,18.3,68,11.1,14,1,False,Zone_B
2025-12-16 15:00:00,678.379011367325,17.6,70,11.3,15,1,False,Zone_B
2025-12-16 16:00:00,665.3059249867284,16.8,73,11.4,16,1,False,Zone_B
2025-12-16 17:00:00,645.3338732565187,16.0,76,11.4,17,1,False,Zone_B
2025-12-16 18:00:00,631.1524560258221,15.1,81,10.3,18,1,False,Zone_B
2025-12-16 19:00:00,612.2423393490644,14.3,84,10.3,19,1,False,Zone_B
2025-12-16 20:00:00,593.4626926019905,13.8,86,10.0,20,1,False,Zone_B
2025-12-16 21:00:00,639.5483148326812,13.4,87,10.3,21,1,False,Zone_B
2025-12-16 22:00:00,689.8677083451062,12.9,89,10.8,22,1,False,Zone_B
2025-12-16 23:00:00,635.3411373188113,12.4,90,11.1,23,1,False,Zone_B
2025-12-17 00:00:00,650.9569414929693,11.4,91,11.3,0,2,False,Zone_B
2025-12-17 01:00:00,737.8808359371138,11.2,91,11.0,1,2,False,Zone_B
2025-12-17 02:00:00,705.8851098429592,11.2,90,11.2,2,2,False,Zone_B
2025-12-17 03:00:00,757.5787832991406,12.7,83,11.8,3,2,False,Zone_B
2025-12-17 04:00:00,769.7137194453992,15.1,73,9.8,4,2,False,Zone_B
2025-12-17 05:00:00,866.5684101727769,17.6,63,10.3,5,2,False,Zone_B
2025-12-17 06:00:00,899.6954368524619,19.8,58,10.7,6,2,False,Zone_B
2025-12-17 07:00:00,928.5257112210053,21.6,52,10.7,7,2,False,Zone_B
2025-12-17 08:00:00,950.7115073800359,22.9,48,10.4,8,2,False,Zone_B
2025-12-17 09:00:00,923.02431926554,23.4,46,9.8,9,2,False,Zone_B
2025-12-17 10:00:00,898.131879923383,23.2,48,9.1,10,2,False,Zone_B
2025-12-17 11:00:00,876.7820519637368,22.2,54,7.9,11,2,False,Zone_B
2025-12-17 12:00:00,808.8215958927572,19.9,64,7.8,12,2,False,Zone_B
2025-12-17 13:00:00,751.3922162482869,19.0,67,8.9,13,2,False,Zone_B
2025-12-17 14:00:00,753.8311129958329,18.2,68,9.2,14,2,False,Zone_B
2025-12-17 15:00:00,684.1058881765238,17.5,69,8.9,15,2,False,Zone_B
2025-12-17 16:00:00,660.4282434832865,16.5,71,8.9,16,2,False,Zone_B
2025-12-17 17:00:00,637.2636412751882,15.8,73,8.4,17,2,False,Zone_B
2025-12-17 18:00:00,628.7084516911415,14.6,78,7.5,18,2,False,Zone_B
2025-12-17 19:00:00,616.4660593336392,14.1,80,7.9,19,2,False,Zone_B
2025-12-17 20:00:00,624.9915613260857,13.6,82,7.1,20,2,False,Zone_B
2025-12-17 21:00:00,611.0974621005107,13.1,86,6.2,21,2,False,Zone_B
2025-12-17 22:00:00,648.9705529926603,12.7,87,6.5,22,2,False,Zone_B
2025-12-17 23:00:00,666.7163853509476,12.4,88,6.9,23,2,False,Zone_B
2025-12-18 00:00:00,689.061081883836,11.9,92,8.7,0,3,False,Zone_B
2025-12-18 01:00:00,700.296523469037,11.7,93,8.3,1,3,False,Zone_B
2025-12-18 02:00:00,728.3997847670728,11.5,94,8.4,2,3,False,Zone_B
2025-12-18 03:00:00,745.8811331508842,12.8,90,8.1,3,3,False,Zone_B
2025-12-18 04:00:00,819.7299843709767,15.2,80,6.0,4,3,False,Zone_B
2025-12-18 05:00:00,841.32980035347,17.8,69,6.3,5,3,False,Zone_B
2025-12-18 06:00:00,884.0278076023412,19.4,61,6.3,6,3,False,Zone_B
2025-12-18 07:00:00,916.8831658361867,21.0,52,6.5,7,3,False,Zone_B
2025-12-18 08:00:00,921.9100878359948,21.9,48,7.0,8,3,False,Zone_B
2025-12-18 09:00:00,904.3727185824337,22.3,48,7.9,9,3,False,Zone_B
2025-12-18 10:00:00,900.4118751136003,22.1,51,8.9,10,3,False,Zone_B
2025-12-18 11:00:00,855.875194991364,21.2,55,8.4,11,3,False,Zone_B
2025-12-18 12:00:00,806.0554538655814,19.1,63,7.5,12,3,False,Zone_B
2025-12-18 13:00:00,773.9329801734153,18.1,69,6.9,13,3,False,Zone_B
2025-12-18 14:00:00,698.7928235801165,17.5,73,6.2,14,3,False,Zone_B
2025-12-18 15:00:00,680.4730227718271,17.0,76,6.7,15,3,False,Zone_B
2025-12-18 16:00:00,680.9964287662848,16.4,79,5.6,16,3,False,Zone_B
2025-12-18 17:00:00,627.2457890133365,15.4,84,4.9,17,3,False,Zone_B
2025-12-18 18:00:00,632.6918749300468,14.8,88,5.0,18,3,False,Zone_B
2025-12-18 19:00:00,607.2541633329505,14.4,89,6.2,19,3,False,Zone_B
2025-12-18 20:00:00,603.7552061118749,13.9,91,6.3,20,3,False,Zone_B
2025-12-18 21:00:00,631.9745974768306,13.4,93,7.6,21,3,False,Zone_B
2025-12-18 22:00:00,619.2799010506333,12.9,94,8.6,22,3,False,Zone_B
2025-12-18 23:00:00,696.9189173893392,12.2,96,8.4,23,3,False,Zone_B
2025-12-19 00:00:00,690.5931914521811,11.8,97,9.6,0,4,False,Zone_B
2025-12-19 01:00:00,724.1888919766303,11.4,97,8.6,1,4,False,Zone_B
2025-12-19 02:00:00,709.1480662268203,11.4,98,7.9,2,4,False,Zone_B
2025-12-19 03:00:00,761.3723057268179,12.1,96,7.3,3,4,False,Zone_B
2025-12-19 04:00:00,817.5537492074715,13.6,93,5.6,4,4,False,Zone_B
2025-12-19 05:00:00,815.1232156384553,16.2,79,4.9,5,4,False,Zone_B
2025-12-19 06:00:00,887.974959393854,18.0,67,6.2,6,4,False,Zone_B
2025-12-19 07:00:00,909.4503748926215,20.0,55,7.7,7,4,False,Zone_B
2025-12-19 08:00:00,888.9494748856208,21.1,48,8.5,8,4,False,Zone_B
2025-12-19 09:00:00,903.116077182351,21.6,46,7.7,9,4,False,Zone_B
2025-12-19 10:00:00,884.6639826103823,21.5,47,7.8,10,4,False,Zone_B
2025-12-19 11:00:00,818.7394038156167,20.4,54,7.6,11,4,False,Zone_B
2025-12-19 12:00:00,771.1798105491101,18.2,68,6.8,12,4,False,Zone_B
2025-12-19 13:00:00,747.7127345525889,17.3,73,6.8,13,4,False,Zone_B
2025-12-19 14:00:00,695.7003717551847,16.5,76,7.3,14,4,False,Zone_B
2025-12-19 15:00:00,670.7657922471437,15.6,78,7.0,15,4,False,Zone_B
2025-12-19 16:00:00,626.2795577449676,14.9,80,6.9,16,4,False,Zone_B
2025-12-19 17:00:00,586.3849300578389,14.2,82,6.2,17,4,False,Zone_B
2025-12-19 18:00:00,571.5771055133191,13.6,83,6.8,18,4,False,Zone_B
2025-12-19 19:00:00,574.2317416893366,13.0,85,7.1,19,4,False,Zone_B
2025-12-19 20:00:00,566.652765487399,12.5,87,7.7,20,4,False,Zone_B
2025-12-19 21:00:00,573.4002771077484,12.0,88,7.2,21,4,False,Zone_B
2025-12-19 22:00:00,565.2855060021618,11.4,90,7.6,22,4,False,Zone_B
2025-12-19 23:00:00,635.7023909867312,11.0,91,7.7,23,4,False,Zone_B
2025-12-20 00:00:00,658.1569082482247,10.3,94,5.4,0,5,True,Zone_B
2025-12-20 01:00:00,665.4274052038731,10.1,94,4.3,1,5,True,Zone_B
2025-12-20 02:00:00,691.8611716909327,9.3,96,3.5,2,5,True,Zone_B
2025-12-20 03:00:00,742.9849511586528,11.2,93,2.8,3,5,True,Zone_B
2025-12-20 04:00:00,783.0546447097174,14.4,81,0.0,4,5,True,Zone_B
2025-12-20 05:00:00,897.953155835547,17.6,67,1.5,5,5,True,Zone_B
2025-12-20 06:00:00,895.4156109165913,18.8,61,4.4,6,5,True,Zone_B
2025-12-20 07:00:00,910.8994881732551,20.1,56,4.1,7,5,True,Zone_B
2025-12-20 08:00:00,908.4998682193824,20.9,53,3.2,8,5,True,Zone_B
2025-12-20 09:00:00,922.0558844828975,21.2,52,2.1,9,5,True,Zone_B
2025-12-20 10:00:00,913.6690674028507,21.3,52,2.4,10,5,True,Zone_B
2025-12-20 11:00:00,805.5558374971167,20.6,56,3.8,11,5,True,Zone_B
2025-12-20 12:00:00,737.8930477038541,17.3,76,4.3,12,5,True,Zone_B
2025-12-20 13:00:00,740.1286940653864,16.5,78,6.9,13,5,True,Zone_B
2025-12-20 14:00:00,706.4663426109071,15.6,82,7.2,14,5,True,Zone_B
2025-12-20 15:00:00,615.1619427300321,14.6,86,7.6,15,5,True,Zone_B
2025-12-20 16:00:00,609.3075604173376,13.6,91,7.3,16,5,True,Zone_B
2025-12-20 17:00:00,597.9075454814044,12.9,93,7.8,17,5,True,Zone_B
2025-12-20 18:00:00,571.498456943626,12.2,95,7.5,18,5,True,Zone_B
2025-12-20 19:00:00,595.0432840818012,11.9,96,5.9,19,5,True,Zone_B
2025-12-20 20:00:00,577.2825405662297,11.6,96,5.7,20,5,True,Zone_B
2025-12-20 21:00:00,545.5174080280613,11.2,97,5.6,21,5,True,Zone_B
2025-12-20 22:00:00,636.00189483311,10.9,98,5.4,22,5,True,Zone_B
2025-12-20 23:00:00,632.9403501170386,10.6,98,6.0,23,5,True,Zone_B
2025-12-21 00:00:00,662.5771261051809,10.6,99,7.0,0,6,True,Zone_B
2025-12-21 01:00:00,725.2159993209083,10.9,99,6.2,1,6,True,Zone_B
2025-12-21 02:00:00,709.2606160612571,10.9,99,6.1,2,6,True,Zone_B
2025-12-21 03:00:00,753.3815855825462,11.4,99,5.9,3,6,True,Zone_B
2025-12-21 04:00:00,764.4730655208352,12.7,93,6.0,4,6,True,Zone_B
2025-12-21 05:00:00,822.8557640434203,14.9,83,5.8,5,6,True,Zone_B
2025-12-21 06:00:00,833.9261690741456,16.0,77,4.8,6,6,True,Zone_B
2025-12-21 07:00:00,876.2089318797625,17.6,71,4.4,7,6,True,Zone_B
2025-12-21 08:00:00,832.6547278591395,18.9,66,4.4,8,6,True,Zone_B
2025-12-21 09:00:00,855.9656724256322,19.6,62,4.2,9,6,True,Zone_B
2025-12-21 10:00:00,804.3428959336075,19.8,61,4.3,10,6,True,Zone_B
2025-12-21 11:00:00,830.8731068058773,19.2,64,4.6,11,6,True,Zone_B
2025-12-21 12:00:00,736.4796168144442,15.7,83,3.6,12,6,True,Zone_B
2025-12-21 13:00:00,715.5639572399551,14.9,87,3.3,13,6,True,Zone_B
2025-12-21 14:00:00,632.0261678891299,14.3,89,3.1,14,6,True,Zone_B
2025-12-21 15:00:00,666.311116049058,13.9,91,4.0,15,6,True,Zone_B
2025-12-21 16:00:00,609.1979778307091,13.5,92,3.1,16,6,True,Zone_B
2025-12-21 17:00:00,623.4735635924728,13.0,94,3.7,17,6,True,Zone_B
2025-12-21 18:00:00,528.7717496230962,12.9,94,5.9,18,6,True,Zone_B
2025-12-21 19:00:00,600.6564531044642,12.3,96,4.8,19,6,True,Zone_B
2025-12-21 20:00:00,567.1426442483473,11.8,98,4.4,20,6,True,Zone_B
2025-12-21 21:00:00,613.5713182814394,11.6,99,5.1,21,6,True,Zone_B
2025-12-21 22:00:00,617.5185158911409,11.4,100,4.9,22,6,True,Zone_B
2025-12-21 23:00:00,657.6559915999951,11.3,99,3.9,23,6,True,Zone_B
2025-12-22 00:00:00,650.0507365586833,11.6,98,5.9,0,0,False,Zone_B
2025-12-22 01:00:00,705.9894752267039,11.7,99,4.4,1,0,False,Zone_B
2025-12-22 02:00:00,773.6301774093942,11.8,99,3.8,2,0,False,Zone_B
2025-12-22 03:00:00,766.1748776786893,12.1,98,4.7,3,0,False,Zone_B
2025-12-22 04:00:00,775.8994107900259,12.8,96,5.2,4,0,False,Zone_B
2025-12-22 05:00:00,816.5833642046741,14.8,85,3.7,5,0,False,Zone_B
2025-12-22 06:00:00,838.8732997127565,15.9,81,1.2,6,0,False,Zone_B
2025-12-22 07:00:00,869.0887485185067,18.1,72,1.8,7,0,False,Zone_B
2025-12-22 08:00:00,894.1531622262835,19.8,65,3.1,8,0,False,Zone_B
2025-12-22 09:00:00,860.7975484827092,20.8,60,4.0,9,0,False,Zone_B
2025-12-22 10:00:00,832.1038258838539,21.0,58,3.7,10,0,False,Zone_B
2025-12-22 11:00:00,848.2719643528708,20.5,64,2.2,11,0,False,Zone_B
2025-12-22 12:00:00,781.7060699411172,18.4,72,1.3,12,0,False,Zone_B
2025-12-22 13:00:00,731.1599086739492,17.1,78,3.1,13,0,False,Zone_B
2025-12-22 14:00:00,693.3152870335485,16.1,82,4.2,14,0,False,Zone_B
2025-12-22 15:00:00,681.6979002244649,15.8,83,5.0,15,0,False,Zone_B
2025-12-22 16:00:00,656.0905944148838,15.4,84,5.0,16,0,False,Zone_B
2025-12-22 17:00:00,676.8218351335664,14.9,86,4.1,17,0,False,Zone_B
2025-12-22 18:00:00,597.4133765345847,14.2,88,3.8,18,0,False,Zone_B
2025-12-22 19:00:00,615.5640645827251,13.6,91,3.8,19,0,False,Zone_B
2025-12-22 20:00:00,613.1906462354855,13.0,93,4.9,20,0,False,Zone_B
2025-12-22 21:00:00,629.4437544141563,12.9,95,5.8,21,0,False,Zone_B
2025-12-22 22:00:00,640.8111685477763,12.2,97,6.5,22,0,False,Zone_B
2025-12-22 23:00:00,665.1391125211419,12.4,97,8.0,23,0,False,Zone_B
2025-12-23 00:00:00,700.0133255880118,12.1,100,10.2,0,1,False,Zone_B
2025-12-23 01:00:00,726.0406870737439,11.7,99,9.7,1,1,False,Zone_B
2025-12-23 02:00:00,743.6314846677711,11.4,98,9.8,2,1,False,Zone_B
2025-12-23 03:00:00,783.1083002268109,12.3,97,10.7,3,1,False,Zone_B
2025-12-23 04:00:00,800.4314079831753,13.9,94,8.5,4,1,False,Zone_B
2025-12-23 05:00:00,875.7504151098306,16.6,82,8.1,5,1,False,Zone_B
2025-12-23 06:00:00,878.5829433857602,18.9,71,8.7,6,1,False,Zone_B
2025-12-23 07:00:00,897.0349223900067,20.7,64,9.1,7,1,False,Zone_B
2025-12-23 08:00:00,889.293273667543,22.0,60,9.8,8,1,False,Zone_B
2025-12-23 09:00:00,949.7631216227036,22.5,57,10.8,9,1,False,Zone_B
2025-12-23 10:00:00,891.433859638976,22.3,58,10.9,10,1,False,Zone_B
2025-12-23 11:00:00,838.1661174662058,21.4,64,9.0,11,1,False,Zone_B
2025-12-23 12:00:00,769.979994162733,19.8,69,9.3,12,1,False,Zone_B
2025-12-23 13:00:00,755.5221487118947,18.6,75,10.0,13,1,False,Zone_B
2025-12-23 14:00:00,696.4602969040374,17.6,80,10.4,14,1,False,Zone_B
2025-12-23 15:00:00,712.1047662117112,16.8,82,10.6,15,1,False,Zone_B
2025-12-23 16:00:00,645.2077606592608,16.0,83,10.7,16,1,False,Zone_B
2025-12-23 17:00:00,639.5033234567208,15.4,85,11.5,17,1,False,Zone_B
2025-12-23 18:00:00,600.2779027953283,14.6,87,12.0,18,1,False,Zone_B
2025-12-23 19:00:00,598.5912153679546,14.1,88,11.8,19,1,False,Zone_B
2025-12-23 20:00:00,613.8896279874433,13.8,89,11.4,20,1,False,Zone_B
2025-12-23 21:00:00,609.4141042417646,13.4,90,11.4,21,1,False,Zone_B
2025-12-23 22:00:00,670.038798667323,13.0,91,11.3,22,1,False,Zone_B
2025-12-23 23:00:00,654.6057191021605,12.6,92,10.9,23,1,False,Zone_B
2025-12-24 00:00:00,684.1801643584188,12.2,92,11.4,0,2,False,Zone_B
2025-12-24 01:00:00,677.8360286095319,11.6,92,11.3,1,2,False,Zone_B
2025-12-24 02:00:00,730.8713488019444,11.2,91,11.4,2,2,False,Zone_B
2025-12-24 03:00:00,771.8272868332969,12.2,87,11.5,3,2,False,Zone_B
2025-12-24 04:00:00,821.40041353976,14.2,78,9.7,4,2,False,Zone_B
2025-12-24 05:00:00,810.0245916910961,16.4,69,10.1,5,2,False,Zone_B
2025-12-24 06:00:00,895.7298343532294,18.7,60,11.6,6,2,False,Zone_B
2025-12-24 07:00:00,884.2032869548457,20.0,47,13.2,7,2,False,Zone_B
2025-12-24 08:00:00,872.2061947813025,20.5,43,12.8,8,2,False,Zone_B
2025-12-24 09:00:00,868.2323238764207,20.6,43,12.4,9,2,False,Zone_B
2025-12-24 10:00:00,904.8730683705099,20.3,44,12.3,10,2,False,Zone_B
2025-12-24 11:00:00,800.9078230937355,19.5,47,10.7,11,2,False,Zone_B
2025-12-24 12:00:00,774.507336889702,17.8,57,7.4,12,2,False,Zone_B
2025-12-24 13:00:00,729.2900280048018,16.7,62,6.3,13,2,False,Zone_B
2025-12-24 14:00:00,703.9809774199272,15.7,67,5.5,14,2,False,Zone_B
2025-12-24 15:00:00,702.8336470276126,15.1,68,6.3,15,2,False,Zone_B
2025-12-24 16:00:00,643.21157265663,14.4,69,7.3,16,2,False,Zone_B
2025-12-24 17:00:00,611.2885510000172,13.8,69,8.3,17,2,False,Zone_B
2025-12-24 18:00:00,576.7331292024351,12.9,72,7.2,18,2,False,Zone_B
2025-12-24 19:00:00,581.8718945694118,12.1,75,7.2,19,2,False,Zone_B
2025-12-24 20:00:00,563.618697953507,11.6,76,8.5,20,2,False,Zone_B
2025-12-24 21:00:00,601.2322299140752,11.1,77,9.0,21,2,False,Zone_B
2025-12-24 22:00:00,629.4948871925308,10.6,78,9.2,22,2,False,Zone_B
2025-12-24 23:00:00,655.5726238328715,10.1,78,9.4,23,2,False,Zone_B
2025-12-25 00:00:00,621.607034745905,9.6,82,10.0,0,3,False,Zone_B
2025-12-25 01:00:00,644.1004345702357,9.4,81,9.2,1,3,False,Zone_B
2025-12-25 02:00:00,670.4637821344086,9.2,80,9.5,2,3,False,Zone_B
2025-12-25 03:00:00,767.1534299551147,10.7,73,9.6,3,3,False,Zone_B
2025-12-25 04:00:00,784.538198856898,13.2,64,6.0,4,3,False,Zone_B
2025-12-25 05:00:00,787.9101900237528,16.1,52,5.3,5,3,False,Zone_B
2025-12-25 06:00:00,906.9417930765702,18.7,45,6.3,6,3,False,Zone_B
2025-12-25 07:00:00,883.229198479219,20.0,40,7.0,7,3,False,Zone_B
2025-12-25 08:00:00,875.9864290819361,20.6,38,7.5,8,3,False,Zone_B
2025-12-25 09:00:00,862.0599056967638,20.8,37,7.3,9,3,False,Zone_B
2025-12-25 10:00:00,849.1847741486495,20.5,39,7.1,10,3,False,Zone_B
2025-12-25 11:00:00,773.7844384995592,19.6,44,6.2,11,3,False,Zone_B
2025-12-25 12:00:00,760.3679536238673,17.2,56,5.2,12,3,False,Zone_B
2025-12-25 13:00:00,722.462964029086,16.4,63,6.7,13,3,False,Zone_B
2025-12-25 14:00:00,675.7686880388263,15.4,70,5.4,14,3,False,Zone_B
2025-12-25 15:00:00,654.2535016136914,14.3,75,4.7,15,3,False,Zone_B
2025-12-25 16:00:00,638.8725652502667,13.6,79,4.0,16,3,False,Zone_B
2025-12-25 17:00:00,619.0420390623591,13.1,80,3.6,17,3,False,Zone_B
2025-12-25 18:00:00,607.1552457910857,12.2,82,3.8,18,3,False,Zone_B
2025-12-25 19:00:00,546.7919243988872,11.9,82,2.6,19,3,False,Zone_B
2025-12-25 20:00:00,608.1951452364494,11.8,81,2.6,20,3,False,Zone_B
2025-12-25 21:00:00,562.4128908981771,11.4,83,3.6,21,3,False,Zone_B
2025-12-25 22:00:00,609.1452777979314,10.9,84,3.8,22,3,False,Zone_B
2025-12-25 23:00:00,649.6117528964244,10.8,83,5.0,23,3,False,Zone_B
2025-12-26 00:00:00,640.3954994734273,10.6,85,6.5,0,4,False,Zone_B
2025-12-26 01:00:00,683.4604702486836,10.1,85,6.0,1,4,False,Zone_B
2025-12-26 02:00:00,703.3266144261506,10.0,85,4.5,2,4,False,Zone_B
2025-12-26 03:00:00,738.3775833184337,11.1,81,4.2,3,4,False,Zone_B
2025-12-26 04:00:00,782.0134164966472,13.6,71,2.4,4,4,False,Zone_B
2025-12-26 05:00:00,871.6664557202917,16.1,59,3.2,5,4,False,Zone_B
2025-12-26 06:00:00,871.7437323124765,18.3,52,6.2,6,4,False,Zone_B
2025-12-26 07:00:00,892.7586693610385,19.6,44,8.3,7,4,False,Zone_B
2025-12-26 08:00:00,931.5633525625033,20.5,41,8.4,8,4,False,Zone_B
2025-12-26 09:00:00,867.8927321282657,20.8,40,9.1,9,4,False,Zone_B
2025-12-26 10:00:00,853.1598722006987,20.5,41,8.9,10,4,False,Zone_B
2025-12-26 11:00:00,783.4611769468428,19.7,45,8.1,11,4,False,Zone_B
2025-12-26 12:00:00,699.7778644848682,18.0,54,6.9,12,4,False,Zone_B
2025-12-26 13:00:00,761.1906567621071,17.0,63,4.8,13,4,False,Zone_B
2025-12-26 14:00:00,690.4922610202566,15.9,70,4.2,14,4,False,Zone_B
2025-12-26 15:00:00,644.3945044375837,15.2,73,4.8,15,4,False,Zone_B
2025-12-26 16:00:00,622.0189886529058,14.4,77,4.9,16,4,False,Zone_B
2025-12-26 17:00:00,606.1678065348258,13.8,80,5.1,17,4,False,Zone_B
2025-12-26 18:00:00,593.5049227698582,13.3,82,5.5,18,4,False,Zone_B
2025-12-26 19:00:00,570.4610950788589,12.6,84,5.8,19,4,False,Zone_B
2025-12-26 20:00:00,615.2559227250703,12.0,86,5.4,20,4,False,Zone_B
2025-12-26 21:00:00,608.8917890635364,11.9,88,5.5,21,4,False,Zone_B
2025-12-26 22:00:00,618.1373720677914,11.4,90,5.6,22,4,False,Zone_B
2025-12-26 23:00:00,617.271203479926,10.6,94,6.9,23,4,False,Zone_B
2025-12-27 00:00:00,663.5418234521568,9.9,99,7.4,0,5,True,Zone_B
2025-12-27 01:00:00,685.5276174900935,9.4,100,6.4,1,5,True,Zone_B
2025-12-27 02:00:00,680.0601162966374,9.4,98,6.0,2,5,True,Zone_B
2025-12-27 03:00:00,723.2701476172363,10.4,96,6.5,3,5,True,Zone_B
2025-12-27 04:00:00,783.7844585802485,12.2,89,5.7,4,5,True,Zone_B
2025-12-27 05:00:00,857.9578430985574,14.8,77,5.2,5,5,True,Zone_B
2025-12-27 06:00:00,871.8444376223387,17.3,66,6.1,6,5,True,Zone_B
2025-12-27 07:00:00,879.8772362610092,18.9,57,6.7,7,5,True,Zone_B
2025-12-27 08:00:00,855.4240207287614,19.7,54,7.0,8,5,True,Zone_B
2025-12-27 09:00:00,862.5407049488558,20.1,53,7.3,9,5,True,Zone_B
2025-12-27 10:00:00,862.7871035913573,20.1,53,8.1,10,5,True,Zone_B
2025-12-27 11:00:00,802.8923313196368,19.4,56,7.7,11,5,True,Zone_B
2025-12-27 12:00:00,755.5806276985334,17.6,67,5.0,12,5,True,Zone_B
2025-12-27 13:00:00,735.0125402045031,17.0,70,5.7,13,5,True,Zone_B
2025-12-27 14:00:00,690.0685067266387,16.2,75,5.3,14,5,True,Zone_B
2025-12-27 15:00:00,672.695495902325,15.4,79,4.7,15,5,True,Zone_B
2025-12-27 16:00:00,630.6577075221655,14.6,81,3.8,16,5,True,Zone_B
2025-12-27 17:00:00,614.6146947543427,14.1,83,2.4,17,5,True,Zone_B
2025-12-27 18:00:00,589.3825404985151,12.9,88,3.6,18,5,True,Zone_B
2025-12-27 19:00:00,605.6231006434309,12.8,88,4.9,19,5,True,Zone_B
2025-12-27 20:00:00,584.1313788602376,12.1,90,6.3,20,5,True,Zone_B
2025-12-27 21:00:00,629.5831122178562,11.6,91,7.3,21,5,True,Zone_B
2025-12-27 22:00:00,612.5974233291739,11.2,92,7.3,22,5,True,Zone_B
2025-12-27 23:00:00,623.1569872189809,10.1,95,5.4,23,5,True,Zone_B
2025-12-28 00:00:00,638.2632097604026,10.0,94,5.9,0,6,True,Zone_B
2025-12-28 01:00:00,662.1348096711669,9.3,97,5.3,1,6,True,Zone_B
2025-12-28 02:00:00,676.3451187553057,8.9,99,5.2,2,6,True,Zone_B
2025-12-28 03:00:00,742.4378843164835,10.1,97,6.3,3,6,True,Zone_B
2025-12-28 04:00:00,771.4619953822267,12.3,92,5.2,4,6,True,Zone_B
2025-12-28 05:00:00,822.5364042258208,15.6,76,4.7,5,6,True,Zone_B
2025-12-28 06:00:00,859.2690023174968,17.9,62,6.0,6,6,True,Zone_B
2025-12-28 07:00:00,864.5081805134552,19.4,53,6.5,7,6,True,Zone_B
2025-12-28 08:00:00,913.1503089329519,20.2,49,6.8,8,6,True,Zone_B
2025-12-28 09:00:00,880.8751872748446,20.5,48,6.7,9,6,True,Zone_B
2025-12-28 10:00:00,867.698909978292,20.4,49,5.7,10,6,True,Zone_B
2025-12-28 11:00:00,792.6417524521701,19.5,54,6.3,11,6,True,Zone_B
2025-12-28 12:00:00,757.684507220606,17.6,66,5.9,12,6,True,Zone_B
2025-12-28 13:00:00,690.2723101817531,16.5,74,4.7,13,6,True,Zone_B
2025-12-28 14:00:00,656.264411950371,15.9,77,3.7,14,6,True,Zone_B
2025-12-28 15:00:00,657.1012733118076,15.2,79,2.7,15,6,True,Zone_B
2025-12-28 16:00:00,596.7344673680373,14.4,82,3.8,16,6,True,Zone_B
2025-12-28 17:00:00,617.4548108982805,13.6,85,3.1,17,6,True,Zone_B
2025-12-28 18:00:00,616.7864280079618,12.6,90,1.7,18,6,True,Zone_B
2025-12-28 19:00:00,600.183285142863,12.6,89,0.4,19,6,True,Zone_B
2025-12-28 20:00:00,590.8175910705268,12.3,89,0.2,20,6,True,Zone_B
2025-12-28 21:00:00,617.9621456270715,10.9,98,0.2,21,6,True,Zone_B
2025-12-28 22:00:00,610.2024028072615,10.5,100,1.5,22,6,True,Zone_B
2025-12-28 23:00:00,651.4601437386415,10.5,99,3.7,23,6,True,Zone_B
2025-12-29 00:00:00,649.256914984003,10.4,100,4.4,0,0,False,Zone_B
2025-12-29 01:00:00,683.2998774413246,10.3,99,4.1,1,0,False,Zone_B
2025-12-29 02:00:00,701.1069084167245,10.3,98,3.6,2,0,False,Zone_B
2025-12-29 03:00:00,725.6513150058918,11.0,95,2.9,3,0,False,Zone_B
2025-12-29 04:00:00,756.2642453472038,11.8,96,3.4,4,0,False,Zone_B
2025-12-29 05:00:00,844.044340156981,13.9,85,2.1,5,0,False,Zone_B
2025-12-29 06:00:00,855.7854703701757,15.9,74,4.0,6,0,False,Zone_B
2025-12-29 07:00:00,898.0340725571782,18.0,62,5.3,7,0,False,Zone_B
2025-12-29 08:00:00,907.6965863761951,19.2,52,6.1,8,0,False,Zone_B
2025-12-29 09:00:00,807.2831379862477,19.9,45,6.2,9,0,False,Zone_B
2025-12-29 10:00:00,840.8419844867798,19.8,43,6.2,10,0,False,Zone_B
2025-12-29 11:00:00,831.0922147561943,19.0,47,6.1,11,0,False,Zone_B
2025-12-29 12:00:00,734.278194079214,16.9,62,4.8,12,0,False,Zone_B
2025-12-29 13:00:00,714.2518075412466,15.7,72,5.2,13,0,False,Zone_B
2025-12-29 14:00:00,703.0547575833922,14.9,79,5.2,14,0,False,Zone_B
2025-12-29 15:00:00,642.4666654582788,13.9,85,4.0,15,0,False,Zone_B
2025-12-29 16:00:00,589.7931878168649,12.9,87,3.6,16,0,False,Zone_B
2025-12-29 17:00:00,578.5802280817843,12.2,89,4.0,17,0,False,Zone_B
2025-12-29 18:00:00,568.0928086468914,11.6,91,3.8,18,0,False,Zone_B
2025-12-29 19:00:00,548.2908802012182,10.9,92,3.7,19,0,False,Zone_B
2025-12-29 20:00:00,606.1847175103485,10.6,93,4.1,20,0,False,Zone_B
2025-12-29 21:00:00,594.825477022741,10.4,93,5.7,21,0,False,Zone_B
2025-12-29 22:00:00,594.8729803054131,9.9,96,6.2,22,0,False,Zone_B
2025-12-29 23:00:00,610.4588242962972,9.2,98,7.2,23,0,False,Zone_B
2025-09-30 00:00:00,876.9293995043756,25.0,90,7.0,0,1,False,Zone_C
2025-09-30 01:00:00,931.1200552525803,26.0,88,2.3,1,1,False,Zone_C
2025-09-30 02:00:00,963.456158390183,27.0,85,3.1,2,1,False,Zone_C
2025-09-30 03:00:00,993.1113016863048,29.2,76,2.4,3,1,False,Zone_C
2025-09-30 04:00:00,1072.0365725260544,31.5,65,1.5,4,1,False,Zone_C
2025-09-30 05:00:00,1091.4156393937124,33.0,57,3.9,5,1,False,Zone_C
2025-09-30 06:00:00,1092.7839172625222,33.5,54,4.8,6,1,False,Zone_C
2025-09-30 07:00:00,1165.527356904094,34.2,51,4.9,7,1,False,Zone_C
2025-09-30 08:00:00,1088.089555871152,34.2,50,4.8,8,1,False,Zone_C
2025-09-30 09:00:00,1113.8163423575795,34.5,49,4.8,9,1,False,Zone_C
2025-09-30 10:00:00,1020.4612654923503,32.0,55,2.7,10,1,False,Zone_C
2025-09-30 11:00:00,1034.3792393139104,32.2,55,0.9,11,1,False,Zone_C
2025-09-30 12:00:00,988.2505920890694,32.0,58,2.1,12,1,False,Zone_C
2025-09-30 13:00:00,927.822171679886,30.8,70,3.0,13,1,False,Zone_C
2025-09-30 14:00:00,924.1421512180796,30.3,72,3.1,14,1,False,Zone_C
2025-09-30 15:00:00,865.121550068905,29.9,74,3.6,15,1,False,Zone_C
2025-09-30 16:00:00,893.5927752409397,29.5,73,3.9,16,1,False,Zone_C
2025-09-30 17:00:00,845.5769313839738,28.9,76,3.7,17,1,False,Zone_C
2025-09-30 18:00:00,828.8827632528548,28.5,76,5.5,18,1,False,Zone_C
2025-09-30 19:00:00,808.3946525864209,28.0,77,5.1,19,1,False,Zone_C
2025-09-30 20:00:00,840.7278891264917,27.6,77,5.3,20,1,False,Zone_C
2025-09-30 21:00:00,818.438063378628,27.0,80,5.9,21,1,False,Zone_C
2025-09-30 22:00:00,860.9790767945676,26.4,84,6.0,22,1,False,Zone_C
2025-09-30 23:00:00,862.0898257432127,25.9,87,4.5,23,1,False,Zone_C
2025-10-01 00:00:00,904.1628258416323,24.1,98,4.2,0,2,False,Zone_C
2025-10-01 01:00:00,872.526095740353,24.5,97,3.4,1,2,False,Zone_C
2025-10-01 02:00:00,918.3364534587399,25.4,91,3.2,2,2,False,Zone_C
2025-10-01 03:00:00,921.0548314414045,26.6,86,2.2,3,2,False,Zone_C
2025-10-01 04:00:00,1009.1452594887054,28.3,75,4.3,4,2,False,Zone_C
2025-10-01 05:00:00,1056.6561101515101,29.8,68,2.7,5,2,False,Zone_C
2025-10-01 06:00:00,1072.5836841381806,31.0,63,4.4,6,2,False,Zone_C
2025-10-01 07:00:00,1104.4017279412355,32.0,58,4.3,7,2,False,Zone_C
2025-10-01 08:00:00,1086.0217876827637,32.7,55,3.7,8,2,False,Zone_C
2025-10-01 09:00:00,1047.2544980668695,32.4,54,3.9,9,2,False,Zone_C
2025-10-01 10:00:00,1009.1375562013994,32.7,53,3.3,10,2,False,Zone_C
2025-10-01 11:00:00,992.2971390011076,30.8,61,7.4,11,2,False,Zone_C
2025-10-01 12:00:00,946.6085143154569,29.0,70,10.1,12,2,False,Zone_C
2025-10-01 13:00:00,871.9884215946499,28.4,75,2.8,13,2,False,Zone_C
2025-10-01 14:00:00,873.1674511027214,28.4,79,0.4,14,2,False,Zone_C
2025-10-01 15:00:00,844.1892169929569,28.1,79,3.1,15,2,False,Zone_C
2025-10-01 16:00:00,813.9034477244451,27.8,82,3.1,16,2,False,Zone_C
2025-10-01 17:00:00,793.3758568224445,27.5,83,3.5,17,2,False,Zone_C
2025-10-01 18:00:00,805.6106797605394,26.9,78,7.2,18,2,False,Zone_C
2025-10-01 19:00:00,833.4609558025131,26.6,80,7.0,19,2,False,Zone_C
2025-10-01 20:00:00,839.2717891936315,26.3,84,4.9,20,2,False,Zone_C
2025-10-01 21:00:00,824.1462818061008,26.1,85,4.6,21,2,False,Zone_C
2025-10-01 22:00:00,867.3918237564094,25.8,88,3.2,22,2,False,Zone_C
2025-10-01 23:00:00,850.6532862290748,25.9,86,5.4,23,2,False,Zone_C
2025-10-02 00:00:00,887.9721461767091,24.3,91,3.5,0,3,False,Zone_C
2025-10-02 01:00:00,902.1500772668753,25.1,88,1.9,1,3,False,Zone_C
2025-10-02 02:00:00,960.6344757218627,26.0,86,4.3,2,3,False,Zone_C
2025-10-02 03:00:00,1009.2578976421062,27.5,78,3.6,3,3,False,Zone_C
2025-10-02 04:00:00,1020.5151254616602,29.8,68,3.3,4,3,False,Zone_C
2025-10-02 05:00:00,1068.891429132354,31.5,60,4.9,5,3,False,Zone_C
2025-10-02 06:00:00,1073.1561633960698,32.6,53,5.4,6,3,False,Zone_C
2025-10-02 07:00:00,1096.5674894473932,33.4,50,8.6,7,3,False,Zone_C
2025-10-02 08:00:00,1105.8102967242994,32.2,51,7.6,8,3,False,Zone_C
2025-10-02 09:00:00,1053.7360654617758,32.0,53,5.8,9,3,False,Zone_C
2025-10-02 10:00:00,1061.157350591119,32.4,52,5.4,10,3,False,Zone_C
2025-10-02 11:00:00,996.5056667876772,31.8,54,4.7,11,3,False,Zone_C
2025-10-02 12:00:00,921.3305327706724,29.0,71,4.7,12,3,False,Zone_C
2025-10-02 13:00:00,888.541007367826,29.1,71,7.1,13,3,False,Zone_C
2025-10-02 14:00:00,850.1199738414741,28.4,74,4.0,14,3,False,Zone_C
2025-10-02 15:00:00,824.9246859919247,27.9,78,4.7,15,3,False,Zone_C
2025-10-02 16:00:00,849.5271031912831,27.8,79,6.1,16,3,False,Zone_C
2025-10-02 17:00:00,812.191926990747,27.6,78,7.3,17,3,False,Zone_C
2025-10-02 18:00:00,819.1372817732441,27.5,83,9.4,18,3,False,Zone_C
2025-10-02 19:00:00,793.7432021409383,25.8,88,0.9,19,3,False,Zone_C
2025-10-02 20:00:00,768.7992564934159,25.8,88,6.8,20,3,False,Zone_C
2025-10-02 21:00:00,781.3438494475242,25.3,93,7.0,21,3,False,Zone_C
2025-10-02 22:00:00,804.3299197156543,24.9,94,8.2,22,3,False,Zone_C
2025-10-02 23:00:00,811.2970189732353,24.5,95,5.9,23,3,False,Zone_C
2025-10-03 00:00:00,890.131496907973,25.1,94,6.3,0,4,False,Zone_C
2025-10-03 01:00:00,888.528173966464,25.4,93,5.2,1,4,False,Zone_C
2025-10-03 02:00:00,918.1521524486058,26.1,88,3.7,2,4,False,Zone_C
2025-10-03 03:00:00,993.514144400911,27.7,79,4.5,3,4,False,Zone_C
2025-10-03 04:00:00,1053.250018516346,29.4,66,6.2,4,4,False,Zone_C
2025-10-03 05:00:00,1056.1125090007533,30.8,59,6.7,5,4,False,Zone_C
2025-10-03 06:00:00,1073.8326106383263,31.7,55,6.1,6,4,False,Zone_C
2025-10-03 07:00:00,1095.325602865149,32.8,51,5.8,7,4,False,Zone_C
2025-10-03 08:00:00,1092.611860505186,33.5,48,6.0,8,4,False,Zone_C
2025-10-03 09:00:00,1067.523975765743,33.5,48,7.6,9,4,False,Zone_C
2025-10-03 10:00:00,1055.2071853812374,32.9,50,8.1,10,4,False,Zone_C
2025-10-03 11:00:00,1030.8490224923837,32.3,52,7.7,11,4,False,Zone_C
2025-10-03 12:00:00,992.2436417405884,31.5,55,5.8,12,4,False,Zone_C
2025-10-03 13:00:00,936.3536401784335,30.5,61,4.6,13,4,False,Zone_C
2025-10-03 14:00:00,874.7147385813448,29.6,66,5.6,14,4,False,Zone_C
2025-10-03 15:00:00,863.1475612964751,28.9,70,5.2,15,4,False,Zone_C
2025-10-03 16:00:00,840.3519439404286,28.2,74,3.7,16,4,False,Zone_C
2025-10-03 17:00:00,843.1090609536196,27.9,75,3.8,17,4,False,Zone_C
2025-10-03 18:00:00,842.2172577184098,28.0,78,3.5,18,4,False,Zone_C
2025-10-03 19:00:00,848.405816353431,27.8,79,3.6,19,4,False,Zone_C
2025-10-03 20:00:00,770.560247189138,27.4,80,4.5,20,4,False,Zone_C
2025-10-03 21:00:00,828.3688054910532,26.8,83,3.3,21,4,False,Zone_C
2025-10-03 22:00:00,830.086514518449,26.2,88,1.1,22,4,False,Zone_C
2025-10-03 23:00:00,895.1918187839674,25.5,90,3.4,23,4,False,Zone_C
2025-10-04 00:00:00,894.765363342713,25.2,88,4.5,0,5,True,Zone_C
2025-10-04 01:00:00,964.3643669626875,25.5,87,3.4,1,5,True,Zone_C
2025-10-04 02:00:00,956.9229852108838,26.4,81,2.7,2,5,True,Zone_C
2025-10-04 03:00:00,972.9226121565747,28.6,68,3.1,3,5,True,Zone_C
2025-10-04 04:00:00,1038.920393906712,30.6,58,6.3,4,5,True,Zone_C
2025-10-04 05:00:00,1058.1510497106285,32.1,50,10.0,5,5,True,Zone_C
2025-10-04 06:00:00,1137.703415144086,32.8,48,11.3,6,5,True,Zone_C
2025-10-04 07:00:00,1106.735976266256,33.5,45,11.9,7,5,True,Zone_C
2025-10-04 08:00:00,1079.4240850220342,33.8,43,13.8,8,5,True,Zone_C
2025-10-04 09:00:00,1096.2978835192293,33.8,44,13.1,9,5,True,Zone_C
2025-10-04 10:00:00,1060.1609463312539,33.5,45,12.7,10,5,True,Zone_C
2025-10-04 11:00:00,1019.0188710723205,33.2,45,13.0,11,5,True,Zone_C
2025-10-04 12:00:00,980.8674597332266,31.9,51,10.6,12,5,True,Zone_C
2025-10-04 13:00:00,923.8094343566675,30.5,58,7.6,13,5,True,Zone_C
2025-10-04 14:00:00,883.4112842282875,29.5,63,7.0,14,5,True,Zone_C
2025-10-04 15:00:00,824.7440129914543,28.8,67,5.5,15,5,True,Zone_C
2025-10-04 16:00:00,834.4685958598893,28.0,70,6.6,16,5,True,Zone_C
2025-10-04 17:00:00,823.0112451196063,27.5,72,6.2,17,5,True,Zone_C
2025-10-04 18:00:00,754.4439383877535,26.6,74,5.9,18,5,True,Zone_C
2025-10-04 19:00:00,752.2302293097353,26.0,76,6.3,19,5,True,Zone_C
2025-10-04 20:00:00,790.4502791703072,25.4,76,7.0,20,5,True,Zone_C
2025-10-04 21:00:00,799.8180888063426,25.0,75,6.4,21,5,True,Zone_C
2025-10-04 22:00:00,815.6971970491951,24.5,77,5.6,22,5,True,Zone_C
2025-10-04 23:00:00,827.6577906726608,24.0,80,5.6,23,5,True,Zone_C
2025-10-05 00:00:00,872.0765763479006,24.6,92,7.7,0,6,True,Zone_C
2025-10-05 01:00:00,892.5905307453838,25.0,87,8.3,1,6,True,Zone_C
2025-10-05 02:00:00,940.3362851942998,26.1,79,7.8,2,6,True,Zone_C
2025-10-05 03:00:00,994.7273397330089,28.2,66,8.3,3,6,True,Zone_C
2025-10-05 04:00:00,1040.5284522644918,30.0,60,14.0,4,6,True,Zone_C
2025-10-05 05:00:00,1099.413627258565,31.2,54,11.6,5,6,True,Zone_C
2025-10-05 06:00:00,1068.9862380054371,31.2,56,7.3,6,6,True,Zone_C
2025-10-05 07:00:00,1056.3685268371607,32.6,48,4.8,7,6,True,Zone_C
2025-10-05 08:00:00,1098.6623536727557,33.2,43,5.8,8,6,True,Zone_C
2025-10-05 09:00:00,1111.0896707589584,33.5,41,7.2,9,6,True,Zone_C
2025-10-05 10:00:00,1025.091382822998,33.2,43,8.5,10,6,True,Zone_C
2025-10-05 11:00:00,1021.37529041905,32.7,44,8.5,11,6,True,Zone_C
2025-10-05 12:00:00,993.4910761128331,31.9,50,4.8,12,6,True,Zone_C
2025-10-05 13:00:00,919.9292874576535,29.9,69,1.7,13,6,True,Zone_C
2025-10-05 14:00:00,918.4058794137371,29.3,70,0.2,14,6,True,Zone_C
2025-10-05 15:00:00,842.5405752531423,28.9,71,1.3,15,6,True,Zone_C
2025-10-05 16:00:00,824.5939206830743,28.2,72,3.8,16,6,True,Zone_C
2025-10-05 17:00:00,820.2157167382637,27.5,69,5.2,17,6,True,Zone_C
2025-10-05 18:00:00,804.0217780113625,26.1,72,5.4,18,6,True,Zone_C
2025-10-05 19:00:00,726.7189900683712,22.0,93,8.4,19,6,True,Zone_C
2025-10-05 20:00:00,760.4414058153087,22.9,92,4.1,20,6,True,Zone_C
2025-10-05 21:00:00,756.8262337362922,22.6,96,4.2,21,6,True,Zone_C
2025-10-05 22:00:00,764.9832648290155,22.1,96,2.5,22,6,True,Zone_C
2025-10-05 23:00:00,835.7107449880156,22.4,93,10.0,23,6,True,Zone_C
2025-10-06 00:00:00,838.5866251604795,23.5,87,0.8,0,0,False,Zone_C
2025-10-06 01:00:00,881.9654461071917,23.3,88,3.7,1,0,False,Zone_C
2025-10-06 02:00:00,892.1989625099533,24.1,84,1.9,2,0,False,Zone_C
2025-10-06 03:00:00,981.2203119994145,25.5,77,1.3,3,0,False,Zone_C
2025-10-06 04:00:00,965.1786942368976,26.7,70,4.3,4,0,False,Zone_C
2025-10-06 05:00:00,992.334068260844,27.6,65,6.1,5,0,False,Zone_C
2025-10-06 06:00:00,1006.2512441940304,27.8,61,15.8,6,0,False,Zone_C
2025-10-06 07:00:00,935.3196624449243,24.4,86,2.4,7,0,False,Zone_C
2025-10-06 08:00:00,963.9843953788395,25.3,79,3.3,8,0,False,Zone_C
2025-10-06 09:00:00,964.1549400409804,23.9,92,5.2,9,0,False,Zone_C
2025-10-06 10:00:00,894.036357146343,23.8,91,5.3,10,0,False,Zone_C
2025-10-06 11:00:00,897.5489119967286,24.4,85,10.1,11,0,False,Zone_C
2025-10-06 12:00:00,877.9111538617608,23.6,90,9.8,12,0,False,Zone_C
2025-10-06 13:00:00,802.4829426595138,22.7,94,9.1,13,0,False,Zone_C
2025-10-06 14:00:00,764.9423326096479,22.4,93,9.0,14,0,False,Zone_C
2025-10-06 15:00:00,771.8043363316677,22.4,93,7.9,15,0,False,Zone_C
2025-10-06 16:00:00,725.7674869054415,22.3,94,9.1,16,0,False,Zone_C
2025-10-06 17:00:00,733.2349143075991,22.2,95,8.8,17,0,False,Zone_C
2025-10-06 18:00:00,716.2805619098812,22.5,97,7.6,18,0,False,Zone_C
2025-10-06 19:00:00,729.6251464537019,22.5,95,8.1,19,0,False,Zone_C
2025-10-06 20:00:00,712.8158839626566,21.8,96,3.2,20,0,False,Zone_C
2025-10-06 21:00:00,738.1713950344475,21.6,97,3.5,21,0,False,Zone_C
2025-10-06 22:00:00,763.8970753454271,22.3,96,7.9,22,0,False,Zone_C
2025-10-06 23:00:00,792.1146226705741,22.3,95,6.1,23,0,False,Zone_C
2025-10-07 00:00:00,814.6061626561429,22.0,96,3.8,0,1,False,Zone_C
2025-10-07 01:00:00,868.3903793459984,21.8,97,4.8,1,1,False,Zone_C
2025-10-07 02:00:00,926.2546566327107,22.6,95,7.3,2,1,False,Zone_C
2025-10-07 03:00:00,945.959067983278,23.5,86,7.0,3,1,False,Zone_C
2025-10-07 04:00:00,954.1694822832203,24.1,82,8.7,4,1,False,Zone_C
2025-10-07 05:00:00,969.2201558413816,25.1,81,6.5,5,1,False,Zone_C
2025-10-07 06:00:00,1017.1455579463262,27.0,69,6.0,6,1,False,Zone_C
2025-10-07 07:00:00,1044.776976477272,27.8,66,7.0,7,1,False,Zone_C
2025-10-07 08:00:00,1015.1313027279648,28.2,63,6.0,8,1,False,Zone_C
2025-10-07 09:00:00,969.3552770537261,28.6,62,6.3,9,1,False,Zone_C
2025-10-07 10:00:00,982.9394920728643,28.4,63,10.1,10,1,False,Zone_C
2025-10-07 11:00:00,925.9335817048814,25.5,70,8.7,11,1,False,Zone_C
2025-10-07 12:00:00,830.157053926494,22.0,82,4.5,12,1,False,Zone_C
2025-10-07 13:00:00,799.1786019020886,21.4,88,7.4,13,1,False,Zone_C
2025-10-07 14:00:00,745.4253367575272,21.2,90,6.3,14,1,False,Zone_C
2025-10-07 15:00:00,719.5179253393558,21.2,92,4.7,15,1,False,Zone_C
2025-10-07 16:00:00,712.5970037317217,21.0,93,5.4,16,1,False,Zone_C
2025-10-07 17:00:00,716.8902475579451,20.7,95,4.7,17,1,False,Zone_C
2025-10-07 18:00:00,735.4111835162718,21.0,100,2.7,18,1,False,Zone_C
2025-10-07 19:00:00,733.1125163869121,21.2,98,4.5,19,1,False,Zone_C
2025-10-07 20:00:00,742.7955760330282,20.9,98,0.9,20,1,False,Zone_C
2025-10-07 21:00:00,750.8388984311946,20.6,98,3.1,21,1,False,Zone_C
2025-10-07 22:00:00,801.5465861201485,20.6,99,7.2,22,1,False,Zone_C
2025-10-07 23:00:00,809.5975310219285,20.5,99,5.2,23,1,False,Zone_C
2025-10-08 00:00:00,801.8811010621547,20.1,99,3.7,0,2,False,Zone_C
2025-10-08 01:00:00,836.0178733578636,20.5,98,4.1,1,2,False,Zone_C
2025-10-08 02:00:00,838.5544224488651,21.4,94,5.7,2,2,False,Zone_C
2025-10-08 03:00:00,903.6466860561485,22.1,89,6.8,3,2,False,Zone_C
2025-10-08 04:00:00,908.2611177060276,23.1,82,5.5,4,2,False,Zone_C
2025-10-08 05:00:00,943.6109956892244,24.2,77,3.8,5,2,False,Zone_C
2025-10-08 06:00:00,930.4332218214752,25.0,73,3.1,6,2,False,Zone_C
2025-10-08 07:00:00,970.6718556837465,25.6,69,3.5,7,2,False,Zone_C
2025-10-08 08:00:00,970.2098841976366,25.8,67,7.6,8,2,False,Zone_C
2025-10-08 09:00:00,915.1938197943737,23.1,78,6.5,9,2,False,Zone_C
2025-10-08 10:00:00,938.5561821362265,24.9,72,6.0,10,2,False,Zone_C
2025-10-08 11:00:00,895.9883705636902,25.0,71,6.7,11,2,False,Zone_C
2025-10-08 12:00:00,890.5935358921164,24.5,82,4.3,12,2,False,Zone_C
2025-10-08 13:00:00,810.5465789958606,23.8,81,8.2,13,2,False,Zone_C
2025-10-08 14:00:00,811.5078367884441,22.7,82,6.2,14,2,False,Zone_C
2025-10-08 15:00:00,787.5928150095395,22.0,83,5.2,15,2,False,Zone_C
2025-10-08 16:00:00,714.8435081082298,21.3,86,4.2,16,2,False,Zone_C
2025-10-08 17:00:00,721.8481541812951,20.8,90,2.8,17,2,False,Zone_C
2025-10-08 18:00:00,733.6891847752845,21.4,93,6.2,18,2,False,Zone_C
2025-10-08 19:00:00,754.4502802123653,21.5,93,5.6,19,2,False,Zone_C
2025-10-08 20:00:00,731.0794242558887,21.2,94,4.8,20,2,False,Zone_C
2025-10-08 21:00:00,743.8749960781292,20.9,95,5.0,21,2,False,Zone_C
2025-10-08 22:00:00,767.5136032263454,20.5,95,4.6,22,2,False,Zone_C
2025-10-08 23:00:00,785.0892359235047,20.2,96,4.5,23,2,False,Zone_C
2025-10-09 00:00:00,823.4181256601698,20.0,95,5.4,0,3,False,Zone_C
2025-10-09 01:00:00,810.505126775313,20.2,95,5.8,1,3,False,Zone_C
2025-10-09 02:00:00,861.403383557642,21.1,93,6.8,2,3,False,Zone_C
2025-10-09 03:00:00,907.9038180110215,22.7,88,4.6,3,3,False,Zone_C
2025-10-09 04:00:00,937.233714331233,24.0,84,9.7,4,3,False,Zone_C
2025-10-09 05:00:00,922.2682409707762,25.2,74,8.1,5,3,False,Zone_C
2025-10-09 06:00:00,986.6900526964843,27.1,63,9.3,6,3,False,Zone_C
2025-10-09 07:00:00,1046.1391849604065,28.0,51,9.3,7,3,False,Zone_C
2025-10-09 08:00:00,998.6746932673068,28.4,48,9.2,8,3,False,Zone_C
2025-10-09 09:00:00,998.1059594851336,28.4,47,9.6,9,3,False,Zone_C
2025-10-09 10:00:00,939.3493656751392,28.0,48,10.2,10,3,False,Zone_C
2025-10-09 11:00:00,946.764487417779,27.4,52,8.6,11,3,False,Zone_C
2025-10-09 12:00:00,921.870107570827,26.4,59,8.1,12,3,False,Zone_C
2025-10-09 13:00:00,851.3796168087703,24.4,67,6.6,13,3,False,Zone_C
2025-10-09 14:00:00,775.1745611923601,23.4,70,7.8,14,3,False,Zone_C
2025-10-09 15:00:00,766.2202927115064,22.6,71,8.5,15,3,False,Zone_C
2025-10-09 16:00:00,747.0862387738964,22.0,72,8.8,16,3,False,Zone_C
2025-10-09 17:00:00,721.8000852582104,21.5,73,8.4,17,3,False,Zone_C
2025-10-09 18:00:00,712.9851119128391,21.5,79,9.2,18,3,False,Zone_C
2025-10-09 19:00:00,764.220480809706,21.1,81,7.9,19,3,False,Zone_C
2025-10-09 20:00:00,736.3230222019571,20.7,82,7.3,20,3,False,Zone_C
2025-10-09 21:00:00,722.755795939246,20.2,83,6.9,21,3,False,Zone_C
2025-10-09 22:00:00,750.8208498865578,19.7,84,6.3,22,3,False,Zone_C
2025-10-09 23:00:00,757.2682168740494,19.1,86,5.2,23,3,False,Zone_C
2025-10-10 00:00:00,806.8319404536438,19.1,90,5.9,0,4,False,Zone_C
2025-10-10 01:00:00,828.8405851508977,19.1,90,4.4,1,4,False,Zone_C
2025-10-10 02:00:00,851.1630017727276,20.0,88,5.3,2,4,False,Zone_C
2025-10-10 03:00:00,900.9076170165421,22.0,80,3.6,3,4,False,Zone_C
2025-10-10 04:00:00,961.5423368189821,24.2,72,4.2,4,4,False,Zone_C
2025-10-10 05:00:00,1014.6285400558,26.1,62,5.3,5,4,False,Zone_C
2025-10-10 06:00:00,986.1832759985429,27.5,54,6.2,6,4,False,Zone_C
2025-10-10 07:00:00,1002.0384085719642,28.0,50,5.9,7,4,False,Zone_C
2025-10-10 08:00:00,988.3229842005219,28.5,47,5.9,8,4,False,Zone_C
2025-10-10 09:00:00,1009.6385071226441,28.6,45,6.3,9,4,False,Zone_C
2025-10-10 10:00:00,968.65998802009,28.5,44,7.4,10,4,False,Zone_C
2025-10-10 11:00:00,955.0262639798917,27.7,47,7.0,11,4,False,Zone_C
2025-10-10 12:00:00,898.6225914419448,25.9,57,7.5,12,4,False,Zone_C
2025-10-10 13:00:00,819.1120235707976,23.8,67,5.0,13,4,False,Zone_C
2025-10-10 14:00:00,749.2939043182198,23.2,68,3.1,14,4,False,Zone_C
2025-10-10 15:00:00,753.9432879972727,22.3,74,2.4,15,4,False,Zone_C
2025-10-10 16:00:00,756.78912159314,22.1,74,0.8,16,4,False,Zone_C
2025-10-10 17:00:00,723.9266051952457,21.8,74,0.4,17,4,False,Zone_C
2025-10-10 18:00:00,720.6544883690098,20.6,83,2.6,18,4,False,Zone_C
2025-10-10 19:00:00,725.1413952969964,20.5,84,1.9,19,4,False,Zone_C
2025-10-10 20:00:00,705.3456771846444,20.0,85,2.7,20,4,False,Zone_C
2025-10-10 21:00:00,697.9351905025171,19.6,86,3.7,21,4,False,Zone_C
2025-10-10 22:00:00,767.7063889385876,19.2,87,4.0,22,4,False,Zone_C
2025-10-10 23:00:00,776.998996570129,18.8,88,3.9,23,4,False,Zone_C
2025-10-11 00:00:00,757.1517018702191,19.1,91,4.7,0,5,True,Zone_C
2025-10-11 01:00:00,803.5330488226292,19.5,90,4.1,1,5,True,Zone_C
2025-10-11 02:00:00,856.7011628771836,20.4,87,4.9,2,5,True,Zone_C
2025-10-11 03:00:00,884.9486505995558,22.6,79,3.1,3,5,True,Zone_C
2025-10-11 04:00:00,981.0432605577773,25.1,68,4.1,4,5,True,Zone_C
2025-10-11 05:00:00,1003.7126660381542,26.9,57,6.8,5,5,True,Zone_C
2025-10-11 06:00:00,1005.6950265891853,27.7,51,7.0,6,5,True,Zone_C
2025-10-11 07:00:00,1015.1611940304432,28.4,49,7.6,7,5,True,Zone_C
2025-10-11 08:00:00,1015.8644360769551,28.8,46,9.1,8,5,True,Zone_C
2025-10-11 09:00:00,1012.4209027576792,28.8,46,9.9,9,5,True,Zone_C
2025-10-11 10:00:00,1003.6306795102945,28.2,48,10.3,10,5,True,Zone_C
2025-10-11 11:00:00,943.2164235695585,27.8,51,8.1,11,5,True,Zone_C
2025-10-11 12:00:00,923.1710665998249,27.1,59,5.5,12,5,True,Zone_C
2025-10-11 13:00:00,839.1691095576693,25.1,67,5.9,13,5,True,Zone_C
2025-10-11 14:00:00,822.5032615147787,24.2,69,6.9,14,5,True,Zone_C
2025-10-11 15:00:00,755.6827749699371,23.5,71,7.4,15,5,True,Zone_C
2025-10-11 16:00:00,738.9895838217151,22.9,72,7.8,16,5,True,Zone_C
2025-10-11 17:00:00,743.7592225937436,22.5,72,8.0,17,5,True,Zone_C
2025-10-11 18:00:00,741.6177775896228,23.2,71,8.5,18,5,True,Zone_C
2025-10-11 19:00:00,761.3458939201686,22.6,73,5.7,19,5,True,Zone_C
2025-10-11 20:00:00,762.671006360379,21.5,76,5.7,20,5,True,Zone_C
2025-10-11 21:00:00,759.6793694518794,21.0,76,6.1,21,5,True,Zone_C
2025-10-11 22:00:00,751.0237529531997,20.5,78,6.4,22,5,True,Zone_C
2025-10-11 23:00:00,776.3986190474352,20.1,80,6.1,23,5,True,Zone_C
2025-10-12 00:00:00,844.8585474190155,20.7,84,7.8,0,6,True,Zone_C
2025-10-12 01:00:00,842.2966478733358,20.8,84,6.5,1,6,True,Zone_C
2025-10-12 02:00:00,863.1502694155917,21.6,82,6.5,2,6,True,Zone_C
2025-10-12 03:00:00,950.3488190088569,23.6,75,3.9,3,6,True,Zone_C
2025-10-12 04:00:00,1002.2927586506645,25.9,68,4.4,4,6,True,Zone_C
2025-10-12 05:00:00,1012.5359494724943,27.9,57,6.4,5,6,True,Zone_C
2025-10-12 06:00:00,1072.207231081462,29.4,48,7.8,6,6,True,Zone_C
2025-10-12 07:00:00,1051.089317857429,29.9,45,8.9,7,6,True,Zone_C
2025-10-12 08:00:00,1040.9525164271001,30.2,43,10.2,8,6,True,Zone_C
2025-10-12 09:00:00,1012.3105923178413,30.2,42,10.7,9,6,True,Zone_C
2025-10-12 10:00:00,998.7640511981883,30.0,43,10.7,10,6,True,Zone_C
2025-10-12 11:00:00,968.6531738121168,29.3,46,8.8,11,6,True,Zone_C
2025-10-12 12:00:00,912.3420033799616,27.7,55,5.7,12,6,True,Zone_C
2025-10-12 13:00:00,837.9936326272516,25.5,66,5.6,13,6,True,Zone_C
2025-10-12 14:00:00,797.9494683994294,24.5,70,5.9,14,6,True,Zone_C
2025-10-12 15:00:00,809.4555520707655,23.6,73,5.5,15,6,True,Zone_C
2025-10-12 16:00:00,751.6181951761154,23.0,74,5.8,16,6,True,Zone_C
2025-10-12 17:00:00,725.1379652559049,22.4,74,5.9,17,6,True,Zone_C
2025-10-12 18:00:00,753.1897161664641,21.9,77,5.6,18,6,True,Zone_C
2025-10-12 19:00:00,734.274471281951,21.6,77,5.0,19,6,True,Zone_C
2025-10-12 20:00:00,736.8844780279729,21.4,76,5.2,20,6,True,Zone_C
2025-10-12 21:00:00,727.1991414266997,21.1,75,5.5,21,6,True,Zone_C
2025-10-12 22:00:00,715.1984614480614,20.6,76,5.2,22,6,True,Zone_C
2025-10-12 23:00:00,794.5143036840104,20.2,77,4.0,23,6,True,Zone_C
2025-10-13 00:00:00,781.571578150072,19.5,88,2.3,0,0,False,Zone_C
2025-10-13 01:00:00,817.6047228004521,19.7,88,1.4,1,0,False,Zone_C
2025-10-13 02:00:00,866.8171597610457,20.9,84,3.4,2,0,False,Zone_C
2025-10-13 03:00:00,906.5091190795879,23.3,75,2.6,3,0,False,Zone_C
2025-10-13 04:00:00,959.4697188736468,25.9,65,2.8,4,0,False,Zone_C
2025-10-13 05:00:00,974.0343834092349,27.9,56,3.2,5,0,False,Zone_C
2025-10-13 06:00:00,1053.0481774736465,29.6,43,4.8,6,0,False,Zone_C
2025-10-13 07:00:00,1090.3338253709314,30.2,40,5.7,7,0,False,Zone_C
2025-10-13 08:00:00,1027.356352510778,30.6,38,6.4,8,0,False,Zone_C
2025-10-13 09:00:00,1021.0034608831022,30.7,37,6.4,9,0,False,Zone_C
2025-10-13 10:00:00,1027.2562325522392,30.4,38,6.4,10,0,False,Zone_C
2025-10-13 11:00:00,958.2010479038278,29.6,41,5.7,11,0,False,Zone_C
2025-10-13 12:00:00,901.2791517496431,28.0,49,6.2,12,0,False,Zone_C
2025-10-13 13:00:00,853.3652993427655,26.0,56,6.6,13,0,False,Zone_C
2025-10-13 14:00:00,851.1195928433434,25.5,60,4.8,14,0,False,Zone_C
2025-10-13 15:00:00,827.6712990184791,25.8,56,1.4,15,0,False,Zone_C
2025-10-13 16:00:00,786.9462289660086,24.5,61,1.8,16,0,False,Zone_C
2025-10-13 17:00:00,766.4030657125833,22.6,69,5.2,17,0,False,Zone_C
2025-10-13 18:00:00,714.7611088319461,22.6,70,6.9,18,0,False,Zone_C
2025-10-13 19:00:00,734.4535175148501,22.2,73,4.8,19,0,False,Zone_C
2025-10-13 20:00:00,722.3086759741312,21.6,73,5.1,20,0,False,Zone_C
2025-10-13 21:00:00,731.7128148491047,20.8,76,5.1,21,0,False,Zone_C
2025-10-13 22:00:00,712.4753586725108,20.3,78,5.0,22,0,False,Zone_C
2025-10-13 23:00:00,763.031725178512,19.6,84,4.4,23,0,False,Zone_C
2025-10-14 00:00:00,768.7559459132362,20.0,86,4.3,0,1,False,Zone_C
2025-10-14 01:00:00,809.2434637485958,20.5,85,2.8,1,1,False,Zone_C
2025-10-14 02:00:00,908.948733852469,21.8,81,3.3,2,1,False,Zone_C
2025-10-14 03:00:00,946.148664696117,24.0,73,2.1,3,1,False,Zone_C
2025-10-14 04:00:00,967.5330300733585,26.6,62,2.3,4,1,False,Zone_C
2025-10-14 05:00:00,1054.448599618732,28.9,44,3.5,5,1,False,Zone_C
2025-10-14 06:00:00,1059.0046951504635,29.9,37,5.9,6,1,False,Zone_C
2025-10-14 07:00:00,1069.019043218079,30.4,35,6.1,7,1,False,Zone_C
2025-10-14 08:00:00,1057.3155172485338,30.6,34,6.5,8,1,False,Zone_C
2025-10-14 09:00:00,1020.9795972360374,30.7,33,6.7,9,1,False,Zone_C
2025-10-14 10:00:00,1013.18842852725,30.4,33,6.7,10,1,False,Zone_C
2025-10-14 11:00:00,931.0112169243695,29.5,35,6.0,11,1,False,Zone_C
2025-10-14 12:00:00,940.655697353879,27.5,45,5.0,12,1,False,Zone_C
2025-10-14 13:00:00,851.7017821505322,25.2,54,5.0,13,1,False,Zone_C
2025-10-14 14:00:00,836.8752312291303,24.4,55,4.8,14,1,False,Zone_C
2025-10-14 15:00:00,750.2458261811536,23.5,54,4.7,15,1,False,Zone_C
2025-10-14 16:00:00,756.3859030417162,23.1,54,3.6,16,1,False,Zone_C
2025-10-14 17:00:00,731.8195952808646,22.6,55,1.7,17,1,False,Zone_C
2025-10-14 18:00:00,752.0222759666701,22.5,59,0.7,18,1,False,Zone_C
2025-10-14 19:00:00,742.0453322180517,22.1,60,0.7,19,1,False,Zone_C
2025-10-14 20:00:00,738.4440643713881,22.0,60,0.6,20,1,False,Zone_C
2025-10-14 21:00:00,715.8756611564579,21.1,64,0.7,21,1,False,Zone_C
2025-10-14 22:00:00,727.1471900235864,19.7,71,3.1,22,1,False,Zone_C
2025-10-14 23:00:00,772.432876691792,18.6,79,3.4,23,1,False,Zone_C
2025-10-15 00:00:00,766.378312550488,19.0,83,0.7,0,2,False,Zone_C
2025-10-15 01:00:00,797.110864529319,19.0,85,2.6,1,2,False,Zone_C
2025-10-15 02:00:00,845.2675385925172,20.2,79,4.5,2,2,False,Zone_C
2025-10-15 03:00:00,939.1379603301549,23.2,69,1.5,3,2,False,Zone_C
2025-10-15 04:00:00,1016.3844692137957,26.2,56,1.1,4,2,False,Zone_C
2025-10-15 05:00:00,1005.130308886758,28.5,45,1.3,5,2,False,Zone_C
2025-10-15 06:00:00,1061.7980934406016,30.0,35,4.8,6,2,False,Zone_C
2025-10-15 07:00:00,1067.8263209297022,30.5,34,5.4,7,2,False,Zone_C
2025-10-15 08:00:00,1051.0777394117974,30.9,32,6.8,8,2,False,Zone_C
2025-10-15 09:00:00,1033.6995116221337,30.8,31,8.0,9,2,False,Zone_C
2025-10-15 10:00:00,1036.5939374386764,30.4,31,8.2,10,2,False,Zone_C
2025-10-15 11:00:00,988.6002523843264,29.5,33,7.5,11,2,False,Zone_C
2025-10-15 12:00:00,917.1413224119635,27.5,53,3.6,12,2,False,Zone_C
2025-10-15 13:00:00,879.2861830707848,26.5,49,1.8,13,2,False,Zone_C
2025-10-15 14:00:00,807.2963246226759,25.1,54,3.8,14,2,False,Zone_C
2025-10-15 15:00:00,798.6590907281088,23.8,59,4.8,15,2,False,Zone_C
2025-10-15 16:00:00,730.9197724903289,23.6,59,3.4,16,2,False,Zone_C
2025-10-15 17:00:00,777.604463980542,23.4,58,1.8,17,2,False,Zone_C
2025-10-15 18:00:00,752.9895114128168,23.2,61,1.6,18,2,False,Zone_C
2025-10-15 19:00:00,706.2035775575094,21.6,68,2.7,19,2,False,Zone_C
2025-10-15 20:00:00,708.7677001990332,20.3,75,4.8,20,2,False,Zone_C
2025-10-15 21:00:00,732.5756942150043,19.3,80,4.3,21,2,False,Zone_C
2025-10-15 22:00:00,754.9105473210728,18.8,80,4.8,22,2,False,Zone_C
2025-10-15 23:00:00,736.4531408424594,18.4,81,4.7,23,2,False,Zone_C
2025-10-16 00:00:00,788.4427312207625,18.8,82,4.6,0,3,False,Zone_C
2025-10-16 01:00:00,819.3280281758524,19.2,81,3.5,1,3,False,Zone_C
2025-10-16 02:00:00,887.769556495799,20.8,75,4.7,2,3,False,Zone_C
2025-10-16 03:00:00,966.9683811512708,23.4,67,2.7,3,3,False,Zone_C
2025-10-16 04:00:00,953.0704497577052,26.1,57,3.1,4,3,False,Zone_C
2025-10-16 05:00:00,986.0545561318585,28.2,50,3.4,5,3,False,Zone_C
2025-10-16 06:00:00,1090.4813641021306,29.8,39,5.2,6,3,False,Zone_C
2025-10-16 07:00:00,1056.375891379911,30.3,38,6.0,7,3,False,Zone_C
2025-10-16 08:00:00,1027.901954771783,30.6,38,6.4,8,3,False,Zone_C
2025-10-16 09:00:00,1020.0552843905035,30.6,38,6.3,9,3,False,Zone_C
2025-10-16 10:00:00,1000.8255065000249,30.4,39,6.4,10,3,False,Zone_C
2025-10-16 11:00:00,975.4363566773397,29.6,41,5.8,11,3,False,Zone_C
2025-10-16 12:00:00,910.2987255032936,27.4,60,3.2,12,3,False,Zone_C
2025-10-16 13:00:00,915.9636320681539,26.4,58,1.3,13,3,False,Zone_C
2025-10-16 14:00:00,835.9395617839776,26.0,57,0.6,14,3,False,Zone_C
2025-10-16 15:00:00,811.4875850012203,25.0,60,1.2,15,3,False,Zone_C
2025-10-16 16:00:00,782.7233884400882,23.9,64,2.3,16,3,False,Zone_C
2025-10-16 17:00:00,730.0388615963573,23.0,67,3.1,17,3,False,Zone_C
2025-10-16 18:00:00,713.7697875119319,22.2,71,2.7,18,3,False,Zone_C
2025-10-16 19:00:00,706.0774135433422,21.2,74,3.1,19,3,False,Zone_C
2025-10-16 20:00:00,724.717845663347,20.4,77,2.7,20,3,False,Zone_C
2025-10-16 21:00:00,730.6044026178681,19.6,80,3.1,21,3,False,Zone_C
2025-10-16 22:00:00,777.3345453780354,19.0,83,4.1,22,3,False,Zone_C
2025-10-16 23:00:00,734.5023842409463,18.5,86,4.4,23,3,False,Zone_C
2025-10-17 00:00:00,756.7466612443724,18.8,85,4.5,0,4,False,Zone_C
2025-10-17 01:00:00,817.8024818700119,19.2,83,2.4,1,4,False,Zone_C
2025-10-17 02:00:00,915.7519112413474,20.5,76,3.8,2,4,False,Zone_C
2025-10-17 03:00:00,961.4990215974311,23.1,66,2.4,3,4,False,Zone_C
2025-10-17 04:00:00,953.3246887608768,26.0,57,2.6,4,4,False,Zone_C
2025-10-17 05:00:00,1018.4764233345293,28.4,53,3.1,5,4,False,Zone_C
2025-10-17 06:00:00,1066.0978609329036,29.9,47,5.6,6,4,False,Zone_C
2025-10-17 07:00:00,1064.6780783449033,30.6,43,6.2,7,4,False,Zone_C
2025-10-17 08:00:00,1070.809872292331,31.1,40,6.4,8,4,False,Zone_C
2025-10-17 09:00:00,1046.7048699867948,31.3,40,6.8,9,4,False,Zone_C
2025-10-17 10:00:00,1016.9511852719656,31.0,40,7.1,10,4,False,Zone_C
2025-10-17 11:00:00,1011.6013529302211,30.3,42,7.0,11,4,False,Zone_C
2025-10-17 12:00:00,902.6179498420072,28.4,50,7.3,12,4,False,Zone_C
2025-10-17 13:00:00,870.4655541168637,26.4,58,5.6,13,4,False,Zone_C
2025-10-17 14:00:00,818.7601557920823,25.6,63,4.6,14,4,False,Zone_C
2025-10-17 15:00:00,779.081773854972,24.4,67,5.0,15,4,False,Zone_C
2025-10-17 16:00:00,776.5314583258586,23.6,70,5.4,16,4,False,Zone_C
2025-10-17 17:00:00,773.1012734067824,23.0,73,4.3,17,4,False,Zone_C
2025-10-17 18:00:00,743.4160124825704,22.0,79,4.3,18,4,False,Zone_C
2025-10-17 19:00:00,731.9547740138602,21.6,80,4.5,19,4,False,Zone_C
2025-10-17 20:00:00,755.9997018143098,21.9,76,3.0,20,4,False,Zone_C
2025-10-17 21:00:00,733.4650679095713,21.2,78,3.6,21,4,False,Zone_C
2025-10-17 22:00:00,762.2516006529124,20.8,80,2.4,22,4,False,Zone_C
2025-10-17 23:00:00,741.8192552384135,20.5,80,2.2,23,4,False,Zone_C
2025-10-18 00:00:00,828.1140972946754,20.1,87,4.5,0,5,True,Zone_C
2025-10-18 01:00:00,792.9655548120857,19.9,88,4.1,1,5,True,Zone_C
2025-10-18 02:00:00,874.759623913747,21.0,82,4.7,2,5,True,Zone_C
2025-10-18 03:00:00,951.2747887910142,23.5,72,2.7,3,5,True,Zone_C
2025-10-18 04:00:00,943.2675189435961,26.4,59,3.1,4,5,True,Zone_C
2025-10-18 05:00:00,1040.215320151964,28.5,53,3.5,5,5,True,Zone_C
2025-10-18 06:00:00,1052.3182653637775,30.4,45,3.7,6,5,True,Zone_C
2025-10-18 07:00:00,1079.8617391996434,31.4,40,4.0,7,5,True,Zone_C
2025-10-18 08:00:00,1064.1563834537976,31.9,38,4.4,8,5,True,Zone_C
2025-10-18 09:00:00,1026.1749116182516,32.0,36,5.6,9,5,True,Zone_C
2025-10-18 10:00:00,1023.4706937925464,31.9,36,7.3,10,5,True,Zone_C
2025-10-18 11:00:00,1035.863241882966,31.3,37,7.6,11,5,True,Zone_C
2025-10-18 12:00:00,929.1980100457564,28.9,48,6.7,12,5,True,Zone_C
2025-10-18 13:00:00,853.5476841449156,26.7,60,4.8,13,5,True,Zone_C
2025-10-18 14:00:00,809.6390135414092,25.5,67,4.2,14,5,True,Zone_C
2025-10-18 15:00:00,782.8513950881188,25.2,69,2.1,15,5,True,Zone_C
2025-10-18 16:00:00,788.0127417920953,25.1,66,0.6,16,5,True,Zone_C
2025-10-18 17:00:00,723.089062762343,23.9,70,3.1,17,5,True,Zone_C
2025-10-18 18:00:00,742.5604670247254,23.1,72,3.4,18,5,True,Zone_C
2025-10-18 19:00:00,746.5178793076806,22.6,73,2.8,19,5,True,Zone_C
2025-10-18 20:00:00,734.2956980896153,22.0,75,2.1,20,5,True,Zone_C
2025-10-18 21:00:00,738.7280857175265,21.5,78,2.6,21,5,True,Zone_C
2025-10-18 22:00:00,761.5932547458349,20.8,80,2.7,22,5,True,Zone_C
2025-10-18 23:00:00,802.8628196375424,20.0,83,3.7,23,5,True,Zone_C
2025-10-19 00:00:00,819.8470986607958,21.5,78,0.4,0,6,True,Zone_C
2025-10-19 01:00:00,866.9605139624921,21.5,78,1.9,1,6,True,Zone_C
2025-10-19 02:00:00,905.4200406176668,22.8,75,2.0,2,6,True,Zone_C
2025-10-19 03:00:00,896.2711232452003,25.2,64,1.8,3,6,True,Zone_C
2025-10-19 04:00:00,1009.6293854413469,27.5,54,2.1,4,6,True,Zone_C
2025-10-19 05:00:00,1067.9793769677342,29.5,46,2.2,5,6,True,Zone_C
2025-10-19 06:00:00,1071.6102954163603,31.0,39,4.2,6,6,True,Zone_C
2025-10-19 07:00:00,1070.170075834469,31.9,36,4.7,7,6,True,Zone_C
2025-10-19 08:00:00,1062.317529985174,32.2,36,5.5,8,6,True,Zone_C
2025-10-19 09:00:00,1027.1014883888622,32.1,36,5.1,9,6,True,Zone_C
2025-10-19 10:00:00,1032.362644966576,31.8,36,7.8,10,6,True,Zone_C
2025-10-19 11:00:00,1014.3836183188137,31.0,38,10.8,11,6,True,Zone_C
2025-10-19 12:00:00,949.5170667127142,28.6,46,7.0,12,6,True,Zone_C
2025-10-19 13:00:00,851.880879431313,26.8,59,3.9,13,6,True,Zone_C
2025-10-19 14:00:00,851.267857776218,25.9,63,3.5,14,6,True,Zone_C
2025-10-19 15:00:00,804.4926172867029,25.0,64,2.2,15,6,True,Zone_C
2025-10-19 16:00:00,775.3343319484278,24.3,66,2.7,16,6,True,Zone_C
2025-10-19 17:00:00,776.1448093343434,24.3,64,1.2,17,6,True,Zone_C
2025-10-19 18:00:00,807.5965536344718,24.6,61,0.8,18,6,True,Zone_C
2025-10-19 19:00:00,736.7842209394689,24.3,62,0.4,19,6,True,Zone_C
2025-10-19 20:00:00,743.2754519746633,23.4,65,0.3,20,6,True,Zone_C
2025-10-19 21:00:00,768.341927045958,21.9,69,3.5,21,6,True,Zone_C
2025-10-19 22:00:00,808.089091303884,20.5,78,3.7,22,6,True,Zone_C
2025-10-19 23:00:00,805.4365840204084,20.1,79,2.2,23,6,True,Zone_C
2025-10-20 00:00:00,767.0089347705481,20.4,81,2.7,0,0,False,Zone_C
2025-10-20 01:00:00,818.7978285463892,20.5,81,0.8,1,0,False,Zone_C
2025-10-20 02:00:00,889.9374403083516,21.5,77,1.2,2,0,False,Zone_C
2025-10-20 03:00:00,917.2482333197352,24.2,66,1.0,3,0,False,Zone_C
2025-10-20 04:00:00,1016.8178557887356,27.2,53,2.6,4,0,False,Zone_C
2025-10-20 05:00:00,1052.5317473543057,29.4,45,2.7,5,0,False,Zone_C
2025-10-20 06:00:00,1070.0065535745803,31.0,39,3.3,6,0,False,Zone_C
2025-10-20 07:00:00,1117.4260507451309,32.2,34,3.6,7,0,False,Zone_C
2025-10-20 08:00:00,1048.8610397862406,32.7,32,5.1,8,0,False,Zone_C
2025-10-20 09:00:00,1057.5517462031335,32.7,30,7.3,9,0,False,Zone_C
2025-10-20 10:00:00,1018.7210859264774,32.2,32,10.2,10,0,False,Zone_C
2025-10-20 11:00:00,1004.2125637632089,30.8,37,12.4,11,0,False,Zone_C
2025-10-20 12:00:00,935.5329743544119,29.6,40,8.7,12,0,False,Zone_C
2025-10-20 13:00:00,884.4575019147538,28.3,46,5.9,13,0,False,Zone_C
2025-10-20 14:00:00,809.8766855613253,27.0,52,5.2,14,0,False,Zone_C
2025-10-20 15:00:00,809.4465330199134,25.9,57,5.5,15,0,False,Zone_C
2025-10-20 16:00:00,781.9936441092192,25.0,61,5.0,16,0,False,Zone_C
2025-10-20 17:00:00,789.5392523876483,24.5,63,4.8,17,0,False,Zone_C
2025-10-20 18:00:00,756.2077147138693,24.2,66,5.3,18,0,False,Zone_C
2025-10-20 19:00:00,768.1796076987912,24.5,63,6.6,19,0,False,Zone_C
2025-10-20 20:00:00,796.2722887084518,24.3,65,6.2,20,0,False,Zone_C
2025-10-20 21:00:00,792.0628638896937,23.8,69,5.5,21,0,False,Zone_C
2025-10-20 22:00:00,783.6568804342257,23.3,73,4.9,22,0,False,Zone_C
2025-10-20 23:00:00,795.911862872755,23.0,76,2.7,23,0,False,Zone_C
2025-10-21 00:00:00,825.9897436911135,23.2,75,6.0,0,1,False,Zone_C
2025-10-21 01:00:00,868.4205997338904,23.9,73,5.2,1,1,False,Zone_C
2025-10-21 02:00:00,874.4309960739752,24.4,68,8.0,2,1,False,Zone_C
2025-10-21 03:00:00,934.6517262865306,26.0,62,2.2,3,1,False,Zone_C
2025-10-21 04:00:00,1016.4408903953912,28.0,54,4.1,4,1,False,Zone_C
2025-10-21 05:00:00,1034.181162538803,29.7,47,4.1,5,1,False,Zone_C
2025-10-21 06:00:00,1051.9510003550533,30.5,39,3.6,6,1,False,Zone_C
2025-10-21 07:00:00,1084.0568614312228,31.0,36,3.1,7,1,False,Zone_C
2025-10-21 08:00:00,1053.4177684448878,31.1,35,2.2,8,1,False,Zone_C
2025-10-21 09:00:00,1091.2040718794433,31.2,34,0.8,9,1,False,Zone_C
2025-10-21 10:00:00,975.6240288947175,31.0,34,2.2,10,1,False,Zone_C
2025-10-21 11:00:00,969.5301358198888,30.3,36,4.3,11,1,False,Zone_C
2025-10-21 12:00:00,918.3149286103301,27.7,57,6.3,12,1,False,Zone_C
2025-10-21 13:00:00,835.8109147257147,26.5,66,6.0,13,1,False,Zone_C
2025-10-21 14:00:00,812.5458075594036,25.6,71,3.7,14,1,False,Zone_C
2025-10-21 15:00:00,778.1034696670625,25.0,72,5.1,15,1,False,Zone_C
2025-10-21 16:00:00,795.8511267745556,24.5,74,4.6,16,1,False,Zone_C
2025-10-21 17:00:00,752.0133477461749,24.0,77,3.5,17,1,False,Zone_C
2025-10-21 18:00:00,798.7651833727392,25.1,80,1.9,18,1,False,Zone_C
2025-10-21 19:00:00,757.2884871859962,24.4,82,2.5,19,1,False,Zone_C
2025-10-21 20:00:00,784.8303794046321,23.4,87,5.3,20,1,False,Zone_C
2025-10-21 21:00:00,732.8187508586318,22.8,91,3.8,21,1,False,Zone_C
2025-10-21 22:00:00,773.2022177321112,22.5,91,4.7,22,1,False,Zone_C
2025-10-21 23:00:00,803.155057855611,22.0,92,3.2,23,1,False,Zone_C
2025-10-22 00:00:00,842.6387256230648,21.2,99,1.1,0,2,False,Zone_C
2025-10-22 01:00:00,824.6919132796584,21.1,99,3.8,1,2,False,Zone_C
2025-10-22 02:00:00,847.5473406812055,21.5,99,3.6,2,2,False,Zone_C
2025-10-22 03:00:00,942.8532458946885,23.3,92,1.8,3,2,False,Zone_C
2025-10-22 04:00:00,982.0289559140523,26.7,73,2.6,4,2,False,Zone_C
2025-10-22 05:00:00,1026.504472824413,29.1,57,5.1,5,2,False,Zone_C
2025-10-22 06:00:00,1058.348511475192,30.4,49,5.9,6,2,False,Zone_C
2025-10-22 07:00:00,1059.482238151932,31.2,39,6.7,7,2,False,Zone_C
2025-10-22 08:00:00,1081.6500828337842,31.7,34,7.3,8,2,False,Zone_C
2025-10-22 09:00:00,1027.487254327113,31.6,33,7.8,9,2,False,Zone_C
2025-10-22 10:00:00,1029.2320899970962,31.2,35,9.6,10,2,False,Zone_C
2025-10-22 11:00:00,984.9796317621352,30.4,37,9.2,11,2,False,Zone_C
2025-10-22 12:00:00,923.3991438989065,28.5,41,9.1,12,2,False,Zone_C
2025-10-22 13:00:00,848.4769543660736,27.1,43,7.3,13,2,False,Zone_C
2025-10-22 14:00:00,853.9720089511103,25.9,48,6.3,14,2,False,Zone_C
2025-10-22 15:00:00,778.6386534244938,24.5,56,5.9,15,2,False,Zone_C
2025-10-22 16:00:00,767.3303554119706,23.4,61,5.7,16,2,False,Zone_C
2025-10-22 17:00:00,733.5777450650193,22.5,64,5.1,17,2,False,Zone_C
2025-10-22 18:00:00,749.01026535816,22.5,65,6.2,18,2,False,Zone_C
2025-10-22 19:00:00,734.3186115426502,21.7,64,6.1,19,2,False,Zone_C
2025-10-22 20:00:00,694.5429877537973,21.0,65,5.9,20,2,False,Zone_C
2025-10-22 21:00:00,742.32916901768,20.5,66,5.8,21,2,False,Zone_C
2025-10-22 22:00:00,715.7900650743495,20.0,68,5.7,22,2,False,Zone_C
2025-10-22 23:00:00,742.5763300910168,19.2,72,5.1,23,2,False,Zone_C
2025-10-23 00:00:00,847.8224835677934,19.8,75,6.4,0,3,False,Zone_C
2025-10-23 01:00:00,813.113160549357,19.0,80,4.7,1,3,False,Zone_C
2025-10-23 02:00:00,880.7627188703401,20.2,75,5.4,2,3,False,Zone_C
2025-10-23 03:00:00,880.0940042850619,22.5,68,3.7,3,3,False,Zone_C
2025-10-23 04:00:00,947.4286505972764,25.5,58,3.9,4,3,False,Zone_C
2025-10-23 05:00:00,993.716327715509,28.0,49,5.5,5,3,False,Zone_C
2025-10-23 06:00:00,1059.50160687278,30.0,40,8.7,6,3,False,Zone_C
2025-10-23 07:00:00,1052.327585793646,30.9,32,9.3,7,3,False,Zone_C
2025-10-23 08:00:00,1055.4667694228267,31.0,31,8.7,8,3,False,Zone_C
2025-10-23 09:00:00,1034.025543613682,31.0,30,8.7,9,3,False,Zone_C
2025-10-23 10:00:00,984.8323872404634,30.5,30,9.2,10,3,False,Zone_C
2025-10-23 11:00:00,949.7230328076622,29.4,34,8.4,11,3,False,Zone_C
2025-10-23 12:00:00,887.2283842981179,27.5,41,6.7,12,3,False,Zone_C
2025-10-23 13:00:00,874.5226253372055,25.9,49,5.3,13,3,False,Zone_C
2025-10-23 14:00:00,829.0423541512893,25.4,50,2.6,14,3,False,Zone_C
2025-10-23 15:00:00,822.0040107005076,23.9,56,3.0,15,3,False,Zone_C
2025-10-23 16:00:00,757.0096232741608,22.6,63,2.9,16,3,False,Zone_C
2025-10-23 17:00:00,740.5259570511834,21.8,66,3.3,17,3,False,Zone_C
2025-10-23 18:00:00,751.9918825851117,21.4,71,3.4,18,3,False,Zone_C
2025-10-23 19:00:00,747.820941254523,21.0,71,2.3,19,3,False,Zone_C
2025-10-23 20:00:00,701.8862220393215,20.2,75,3.7,20,3,False,Zone_C
2025-10-23 21:00:00,695.1333405350815,19.4,77,5.2,21,3,False,Zone_C
2025-10-23 22:00:00,758.797862285199,18.9,77,5.1,22,3,False,Zone_C
2025-10-23 23:00:00,752.7387186177198,18.4,79,4.0,23,3,False,Zone_C
2025-10-24 00:00:00,758.8844984721919,18.2,86,4.7,0,4,False,Zone_C
2025-10-24 01:00:00,793.6624605514418,18.4,84,4.6,1,4,False,Zone_C
2025-10-24 02:00:00,842.0044857986792,19.6,77,4.0,2,4,False,Zone_C
2025-10-24 03:00:00,909.7737797135461,22.2,68,1.9,3,4,False,Zone_C
2025-10-24 04:00:00,971.0924660766082,25.5,55,2.0,4,4,False,Zone_C
2025-10-24 05:00:00,1024.3761070142116,28.0,44,2.7,5,4,False,Zone_C
2025-10-24 06:00:00,1045.250446910994,30.0,33,2.8,6,4,False,Zone_C
2025-10-24 07:00:00,1036.2405187807,30.7,30,3.3,7,4,False,Zone_C
2025-10-24 08:00:00,1077.9835727144189,30.9,30,4.9,8,4,False,Zone_C
2025-10-24 09:00:00,1045.5527216771977,30.9,30,5.7,9,4,False,Zone_C
2025-10-24 10:00:00,979.5305593556855,30.4,31,6.6,10,4,False,Zone_C
2025-10-24 11:00:00,980.3274573035687,29.4,34,7.5,11,4,False,Zone_C
2025-10-24 12:00:00,905.8074095666313,27.1,47,4.5,12,4,False,Zone_C
2025-10-24 13:00:00,860.6471802025742,26.1,52,3.7,13,4,False,Zone_C
2025-10-24 14:00:00,852.2137560865146,25.1,55,3.5,14,4,False,Zone_C
2025-10-24 15:00:00,803.3262816180636,23.7,60,4.7,15,4,False,Zone_C
2025-10-24 16:00:00,726.4941351945455,23.5,62,2.4,16,4,False,Zone_C
2025-10-24 17:00:00,804.3702306031533,23.6,59,1.9,17,4,False,Zone_C
2025-10-24 18:00:00,704.3233583478552,23.1,59,4.8,18,4,False,Zone_C
2025-10-24 19:00:00,712.1694414499302,22.3,60,5.4,19,4,False,Zone_C
2025-10-24 20:00:00,747.1852700863541,21.1,61,6.9,20,4,False,Zone_C
2025-10-24 21:00:00,688.5301792540565,19.5,70,5.0,21,4,False,Zone_C
2025-10-24 22:00:00,755.580538859721,19.1,73,3.3,22,4,False,Zone_C
2025-10-24 23:00:00,739.6320741489269,18.8,74,1.8,23,4,False,Zone_C
2025-10-25 00:00:00,804.8498851672637,18.5,85,1.6,0,5,True,Zone_C
2025-10-25 01:00:00,792.0465350026407,18.5,85,2.3,1,5,True,Zone_C
2025-10-25 02:00:00,866.0478912970102,19.8,79,1.9,2,5,True,Zone_C
2025-10-25 03:00:00,905.8457458475348,22.4,71,0.4,3,5,True,Zone_C
2025-10-25 04:00:00,971.780895690489,25.4,57,1.1,4,5,True,Zone_C
2025-10-25 05:00:00,1009.2566471300544,27.9,46,2.3,5,5,True,Zone_C
2025-10-25 06:00:00,1033.9731345598948,29.4,33,1.0,6,5,True,Zone_C
2025-10-25 07:00:00,1042.3130183122314,30.3,31,2.2,7,5,True,Zone_C
2025-10-25 08:00:00,1025.7515929250326,30.5,31,4.3,8,5,True,Zone_C
2025-10-25 09:00:00,994.4439565305881,30.5,31,6.5,9,5,True,Zone_C
2025-10-25 10:00:00,982.4033918008897,30.0,31,8.2,10,5,True,Zone_C
2025-10-25 11:00:00,1023.7974181118248,29.1,31,8.7,11,5,True,Zone_C
2025-10-25 12:00:00,949.4803826117127,27.1,38,6.5,12,5,True,Zone_C
2025-10-25 13:00:00,858.6780626862093,25.1,49,4.2,13,5,True,Zone_C
2025-10-25 14:00:00,818.8005298248306,24.9,48,1.9,14,5,True,Zone_C
2025-10-25 15:00:00,780.1092107455444,23.9,50,1.6,15,5,True,Zone_C
2025-10-25 16:00:00,790.2204395829481,23.2,50,1.3,16,5,True,Zone_C
2025-10-25 17:00:00,746.1164298982687,22.9,50,2.8,17,5,True,Zone_C
2025-10-25 18:00:00,730.5088291527072,22.7,51,2.2,18,5,True,Zone_C
2025-10-25 19:00:00,727.074986064412,22.5,51,2.3,19,5,True,Zone_C
2025-10-25 20:00:00,736.7561476330402,22.2,52,1.7,20,5,True,Zone_C
2025-10-25 21:00:00,757.7688037819598,21.8,53,1.1,21,5,True,Zone_C
2025-10-25 22:00:00,740.0639361814946,21.0,55,0.6,22,5,True,Zone_C
2025-10-25 23:00:00,773.2794368087631,20.0,59,1.7,23,5,True,Zone_C
2025-10-26 00:00:00,797.5579575657526,19.2,64,3.4,0,6,True,Zone_C
2025-10-26 01:00:00,779.0023070524392,18.6,68,4.7,1,6,True,Zone_C
2025-10-26 02:00:00,849.0371770411531,20.1,67,4.6,2,6,True,Zone_C
2025-10-26 03:00:00,917.0245379686756,22.9,58,3.8,3,6,True,Zone_C
2025-10-26 04:00:00,925.5248672809178,25.5,49,2.2,4,6,True,Zone_C
2025-10-26 05:00:00,992.5037010632926,27.9,40,2.3,5,6,True,Zone_C
2025-10-26 06:00:00,1039.0649757095757,29.4,33,1.0,6,6,True,Zone_C
2025-10-26 07:00:00,1066.5163106254095,30.3,30,0.6,7,6,True,Zone_C
2025-10-26 08:00:00,1041.1552455336673,30.8,28,2.9,8,6,True,Zone_C
2025-10-26 09:00:00,1003.4747506872126,31.0,28,5.2,9,6,True,Zone_C
2025-10-26 10:00:00,1021.2422765951459,30.5,30,8.3,10,6,True,Zone_C
2025-10-26 11:00:00,965.6678476484905,29.0,35,11.0,11,6,True,Zone_C
2025-10-26 12:00:00,902.922981718398,27.1,43,6.6,12,6,True,Zone_C
2025-10-26 13:00:00,882.1369526411652,25.6,54,3.7,13,6,True,Zone_C
2025-10-26 14:00:00,808.4743615624998,24.5,57,3.9,14,6,True,Zone_C
2025-10-26 15:00:00,802.1549101489463,23.6,60,2.6,15,6,True,Zone_C
2025-10-26 16:00:00,787.8436613038778,23.2,61,2.2,16,6,True,Zone_C
2025-10-26 17:00:00,719.9182779173593,22.9,61,2.9,17,6,True,Zone_C
2025-10-26 18:00:00,740.2695624105496,22.8,60,2.5,18,6,True,Zone_C
2025-10-26 19:00:00,737.5415670455783,22.8,58,2.2,19,6,True,Zone_C
2025-10-26 20:00:00,764.9628807880684,22.5,58,1.9,20,6,True,Zone_C
2025-10-26 21:00:00,735.1024608047771,22.0,60,2.2,21,6,True,Zone_C
2025-10-26 22:00:00,777.6253801580909,21.2,64,2.5,22,6,True,Zone_C
2025-10-26 23:00:00,770.3026763113745,20.0,70,3.5,23,6,True,Zone_C
2025-10-27 00:00:00,777.6196272418102,18.6,77,3.0,0,0,False,Zone_C
2025-10-27 01:00:00,792.7791927518683,17.6,82,2.2,1,0,False,Zone_C
2025-10-27 02:00:00,876.2248490199385,18.5,78,6.1,2,0,False,Zone_C
2025-10-27 03:00:00,886.7542811816368,21.4,68,3.1,3,0,False,Zone_C
2025-10-27 04:00:00,998.841307641416,25.0,55,3.1,4,0,False,Zone_C
2025-10-27 05:00:00,976.5299986016594,27.9,44,3.9,5,0,False,Zone_C
2025-10-27 06:00:00,1055.7509350225814,29.5,38,6.5,6,0,False,Zone_C
2025-10-27 07:00:00,1027.66664598765,30.0,34,6.8,7,0,False,Zone_C
2025-10-27 08:00:00,1046.0576552690484,30.1,34,6.0,8,0,False,Zone_C
2025-10-27 09:00:00,1012.8161763117618,30.1,35,5.6,9,0,False,Zone_C
2025-10-27 10:00:00,1014.1464442812577,28.9,39,4.7,10,0,False,Zone_C
2025-10-27 11:00:00,918.8802146932707,26.4,51,11.4,11,0,False,Zone_C
2025-10-27 12:00:00,893.9908048524674,26.2,50,10.2,12,0,False,Zone_C
2025-10-27 13:00:00,847.7920463280341,25.3,46,9.0,13,0,False,Zone_C
2025-10-27 14:00:00,820.8739282206105,24.4,49,8.8,14,0,False,Zone_C
2025-10-27 15:00:00,797.6210964019136,23.6,55,7.0,15,0,False,Zone_C
2025-10-27 16:00:00,744.0832182614724,23.1,61,4.5,16,0,False,Zone_C
2025-10-27 17:00:00,715.2704172032676,22.0,71,3.6,17,0,False,Zone_C
2025-10-27 18:00:00,726.1285217664239,21.8,76,3.0,18,0,False,Zone_C
2025-10-27 19:00:00,712.7057039887134,21.8,78,2.3,19,0,False,Zone_C
2025-10-27 20:00:00,760.207813646717,21.4,82,2.1,20,0,False,Zone_C
2025-10-27 21:00:00,749.4196229979141,20.9,83,1.7,21,0,False,Zone_C
2025-10-27 22:00:00,744.7310144187521,20.6,85,1.0,22,0,False,Zone_C
2025-10-27 23:00:00,780.944232994965,20.5,84,3.7,23,0,False,Zone_C
2025-10-28 00:00:00,823.2713603434785,21.0,82,2.7,0,1,False,Zone_C
2025-10-28 01:00:00,804.4731908017467,21.0,81,3.9,1,1,False,Zone_C
2025-10-28 02:00:00,917.7928037217503,21.1,80,4.3,2,1,False,Zone_C
2025-10-28 03:00:00,911.0173563846623,22.4,75,4.4,3,1,False,Zone_C
2025-10-28 04:00:00,948.7272182756147,23.4,71,4.6,4,1,False,Zone_C
2025-10-28 05:00:00,965.7921974383252,25.1,62,3.4,5,1,False,Zone_C
2025-10-28 06:00:00,997.2345866760692,25.7,57,1.0,6,1,False,Zone_C
2025-10-28 07:00:00,1003.5705156721754,26.2,54,2.1,7,1,False,Zone_C
2025-10-28 08:00:00,1004.6392792791288,27.4,49,3.5,8,1,False,Zone_C
2025-10-28 09:00:00,1010.7871916902135,27.6,47,6.0,9,1,False,Zone_C
2025-10-28 10:00:00,951.6237396834562,27.6,46,5.2,10,1,False,Zone_C
2025-10-28 11:00:00,967.4484291600174,27.1,47,5.2,11,1,False,Zone_C
2025-10-28 12:00:00,851.5075594091685,25.3,64,3.6,12,1,False,Zone_C
2025-10-28 13:00:00,826.5191405329628,24.2,74,1.4,13,1,False,Zone_C
2025-10-28 14:00:00,810.5877935112351,23.5,76,3.0,14,1,False,Zone_C
2025-10-28 15:00:00,736.6376397537184,22.9,77,4.3,15,1,False,Zone_C
2025-10-28 16:00:00,799.5260167458699,22.5,80,5.5,16,1,False,Zone_C
2025-10-28 17:00:00,737.1306147828906,21.9,85,3.1,17,1,False,Zone_C
2025-10-28 18:00:00,725.4494916858224,21.6,85,4.8,18,1,False,Zone_C
2025-10-28 19:00:00,681.9079708758558,20.9,89,3.7,19,1,False,Zone_C
2025-10-28 20:00:00,738.497488244098,20.6,91,2.7,20,1,False,Zone_C
2025-10-28 21:00:00,731.8577148233352,20.4,92,3.5,21,1,False,Zone_C
2025-10-28 22:00:00,737.4018569223313,19.8,95,2.2,22,1,False,Zone_C
2025-10-28 23:00:00,749.7197760450106,19.6,94,3.6,23,1,False,Zone_C
2025-10-29 00:00:00,795.0998111940245,18.9,96,3.1,0,2,False,Zone_C
2025-10-29 01:00:00,843.9761405060146,19.2,95,3.4,1,2,False,Zone_C
2025-10-29 02:00:00,847.6406043041726,19.8,92,3.2,2,2,False,Zone_C
2025-10-29 03:00:00,892.6221721087087,21.7,83,3.4,3,2,False,Zone_C
2025-10-29 04:00:00,969.9602551786227,24.1,72,5.1,4,2,False,Zone_C
2025-10-29 05:00:00,968.4942940435899,26.0,63,7.5,5,2,False,Zone_C
2025-10-29 06:00:00,1018.9769967094456,27.0,60,9.2,6,2,False,Zone_C
2025-10-29 07:00:00,1035.2825656569032,27.9,55,7.4,7,2,False,Zone_C
2025-10-29 08:00:00,1024.4310755055292,28.6,50,6.3,8,2,False,Zone_C
2025-10-29 09:00:00,1013.4269615796667,29.0,48,6.7,9,2,False,Zone_C
2025-10-29 10:00:00,973.8991936432709,28.4,49,7.0,10,2,False,Zone_C
2025-10-29 11:00:00,931.9655575128924,28.2,49,5.9,11,2,False,Zone_C
2025-10-29 12:00:00,919.0661630350334,26.8,65,2.2,12,2,False,Zone_C
2025-10-29 13:00:00,840.5261522964248,25.6,67,2.6,13,2,False,Zone_C
2025-10-29 14:00:00,795.3439677840286,24.5,69,3.5,14,2,False,Zone_C
2025-10-29 15:00:00,791.4435594422857,23.6,75,3.4,15,2,False,Zone_C
2025-10-29 16:00:00,778.6875949686344,23.6,74,0.6,16,2,False,Zone_C
2025-10-29 17:00:00,782.5819867747547,23.4,75,1.5,17,2,False,Zone_C
2025-10-29 18:00:00,747.0904395613298,22.4,80,4.1,18,2,False,Zone_C
2025-10-29 19:00:00,732.7609647521509,22.4,78,4.1,19,2,False,Zone_C
2025-10-29 20:00:00,759.3495528335562,21.9,79,4.8,20,2,False,Zone_C
2025-10-29 21:00:00,786.667855571144,21.7,78,5.8,21,2,False,Zone_C
2025-10-29 22:00:00,796.1605214047001,21.5,78,6.5,22,2,False,Zone_C
2025-10-29 23:00:00,826.1499449768147,21.4,79,5.4,23,2,False,Zone_C
2025-10-30 00:00:00,821.4397654895786,21.5,85,3.9,0,3,False,Zone_C
2025-10-30 01:00:00,814.7355320288273,21.6,88,2.2,1,3,False,Zone_C
2025-10-30 02:00:00,879.4561019807946,22.1,83,3.1,2,3,False,Zone_C
2025-10-30 03:00:00,888.3205577231565,22.8,81,4.0,3,3,False,Zone_C
2025-10-30 04:00:00,978.9464983074873,24.2,74,3.6,4,3,False,Zone_C
2025-10-30 05:00:00,1003.7233168374407,25.9,68,2.7,5,3,False,Zone_C
2025-10-30 06:00:00,973.4936458429611,27.1,65,2.1,6,3,False,Zone_C
2025-10-30 07:00:00,998.4012924980075,27.5,63,2.3,7,3,False,Zone_C
2025-10-30 08:00:00,1009.0787331053211,27.2,63,3.1,8,3,False,Zone_C
2025-10-30 09:00:00,968.4347329909265,27.2,63,1.9,9,3,False,Zone_C
2025-10-30 10:00:00,952.812767070264,26.7,65,2.3,10,3,False,Zone_C
2025-10-30 11:00:00,919.6032193354156,26.2,68,2.5,11,3,False,Zone_C
2025-10-30 12:00:00,854.1890564950489,23.1,87,1.8,12,3,False,Zone_C
2025-10-30 13:00:00,788.1866939827732,22.9,92,1.0,13,3,False,Zone_C
2025-10-30 14:00:00,796.3382045810514,23.0,89,1.6,14,3,False,Zone_C
2025-10-30 15:00:00,767.7604418463116,23.1,86,3.1,15,3,False,Zone_C
2025-10-30 16:00:00,740.6491537618164,22.9,88,4.3,16,3,False,Zone_C
2025-10-30 17:00:00,741.1010051366151,22.7,91,3.8,17,3,False,Zone_C
2025-10-30 18:00:00,731.2148532300739,22.7,93,5.3,18,3,False,Zone_C
2025-10-30 19:00:00,736.7479614711923,22.5,95,3.4,19,3,False,Zone_C
2025-10-30 20:00:00,728.7985346484929,22.3,96,3.0,20,3,False,Zone_C
2025-10-30 21:00:00,740.4926361565998,22.0,96,2.7,21,3,False,Zone_C
2025-10-30 22:00:00,807.9341305685193,21.6,97,3.6,22,3,False,Zone_C
2025-10-30 23:00:00,758.7676290418774,21.6,97,1.4,23,3,False,Zone_C
2025-10-31 00:00:00,827.5218959946245,21.8,96,1.5,0,4,False,Zone_C
2025-10-31 01:00:00,848.9742778567264,21.6,98,1.5,1,4,False,Zone_C
2025-10-31 02:00:00,901.8072327793851,22.1,97,3.8,2,4,False,Zone_C
2025-10-31 03:00:00,956.680704583496,22.8,93,4.5,3,4,False,Zone_C
2025-10-31 04:00:00,972.1563234974451,24.5,81,5.7,4,4,False,Zone_C
2025-10-31 05:00:00,981.3242027380933,26.6,67,5.6,5,4,False,Zone_C
2025-10-31 06:00:00,1017.8653385167928,27.9,62,4.7,6,4,False,Zone_C
2025-10-31 07:00:00,994.0909030550727,29.1,55,5.6,7,4,False,Zone_C
2025-10-31 08:00:00,1043.583560715933,29.5,52,6.4,8,4,False,Zone_C
2025-10-31 09:00:00,1029.650884125035,29.7,51,6.4,9,4,False,Zone_C
2025-10-31 10:00:00,990.5100055269739,29.4,51,7.4,10,4,False,Zone_C
2025-10-31 11:00:00,993.0530668929856,28.6,55,7.7,11,4,False,Zone_C
2025-10-31 12:00:00,950.7484088482522,27.5,64,4.0,12,4,False,Zone_C
2025-10-31 13:00:00,868.1147266970255,26.5,71,3.5,13,4,False,Zone_C
2025-10-31 14:00:00,839.322796399743,25.8,72,4.7,14,4,False,Zone_C
2025-10-31 15:00:00,824.9733389771644,25.1,73,6.5,15,4,False,Zone_C
2025-10-31 16:00:00,767.0321229578536,24.4,75,6.5,16,4,False,Zone_C
2025-10-31 17:00:00,770.8285223365426,23.4,79,4.9,17,4,False,Zone_C
2025-10-31 18:00:00,735.2577381077003,22.6,86,5.1,18,4,False,Zone_C
2025-10-31 19:00:00,762.8868273134915,22.3,86,5.4,19,4,False,Zone_C
2025-10-31 20:00:00,744.0929592767961,21.5,88,4.5,20,4,False,Zone_C
2025-10-31 21:00:00,767.0903933347968,20.8,90,4.4,21,4,False,Zone_C
2025-10-31 22:00:00,745.3295650049232,20.1,93,4.4,22,4,False,Zone_C
2025-10-31 23:00:00,824.9977324716501,19.8,94,4.2,23,4,False,Zone_C
2025-11-01 00:00:00,781.9784894994377,19.3,97,4.2,0,5,True,Zone_C
2025-11-01 01:00:00,835.330577585552,19.5,96,3.7,1,5,True,Zone_C
2025-11-01 02:00:00,835.275353857433,19.8,93,4.5,2,5,True,Zone_C
2025-11-01 03:00:00,914.1505297627015,22.2,82,3.6,3,5,True,Zone_C
2025-11-01 04:00:00,953.1645252647176,25.5,65,4.1,4,5,True,Zone_C
2025-11-01 05:00:00,1034.5829470012238,28.0,50,5.6,5,5,True,Zone_C
2025-11-01 06:00:00,1037.558779891885,29.5,40,8.0,6,5,True,Zone_C
2025-11-01 07:00:00,1033.1568787750946,30.2,33,9.4,7,5,True,Zone_C
2025-11-01 08:00:00,1074.6503790965576,30.5,31,9.9,8,5,True,Zone_C
2025-11-01 09:00:00,1006.7642629228224,30.4,30,9.9,9,5,True,Zone_C
2025-11-01 10:00:00,1017.6156305996126,30.0,30,9.2,10,5,True,Zone_C
2025-11-01 11:00:00,957.7125325838628,28.8,34,7.8,11,5,True,Zone_C
2025-11-01 12:00:00,897.1650903327811,26.5,47,8.2,12,5,True,Zone_C
2025-11-01 13:00:00,843.6482709775256,25.1,50,8.7,13,5,True,Zone_C
2025-11-01 14:00:00,803.383357126493,24.1,53,7.5,14,5,True,Zone_C
2025-11-01 15:00:00,791.644317456586,23.6,54,7.0,15,5,True,Zone_C
2025-11-01 16:00:00,807.1852997576802,23.0,57,6.9,16,5,True,Zone_C
2025-11-01 17:00:00,749.0155091001027,22.2,60,6.8,17,5,True,Zone_C
2025-11-01 18:00:00,728.8283475406414,21.9,64,6.8,18,5,True,Zone_C
2025-11-01 19:00:00,748.7956689929422,21.0,69,6.4,19,5,True,Zone_C
2025-11-01 20:00:00,711.7824488242522,20.4,71,7.4,20,5,True,Zone_C
2025-11-01 21:00:00,712.141801774345,19.8,72,7.4,21,5,True,Zone_C
2025-11-01 22:00:00,745.8321548320365,19.3,74,7.2,22,5,True,Zone_C
2025-11-01 23:00:00,708.7050455240968,19.0,76,6.6,23,5,True,Zone_C
2025-11-02 00:00:00,822.2477707962644,19.1,80,6.8,0,6,True,Zone_C
2025-11-02 01:00:00,810.8557071430771,18.7,82,5.1,1,6,True,Zone_C
2025-11-02 02:00:00,837.1793189869848,19.2,81,5.4,2,6,True,Zone_C
2025-11-02 03:00:00,873.4605874858051,21.0,76,5.1,3,6,True,Zone_C
2025-11-02 04:00:00,950.4143464946123,23.4,67,5.2,4,6,True,Zone_C
2025-11-02 05:00:00,963.5199619835857,25.9,59,5.9,5,6,True,Zone_C
2025-11-02 06:00:00,1049.8894865629675,28.0,48,10.4,6,6,True,Zone_C
2025-11-02 07:00:00,1046.7194588178597,28.9,38,13.7,7,6,True,Zone_C
2025-11-02 08:00:00,1036.6899653113678,29.3,36,13.6,8,6,True,Zone_C
2025-11-02 09:00:00,995.4564375031537,29.2,36,13.3,9,6,True,Zone_C
2025-11-02 10:00:00,979.5982937349585,28.9,37,12.6,10,6,True,Zone_C
2025-11-02 11:00:00,966.0313266589848,27.5,43,8.9,11,6,True,Zone_C
2025-11-02 12:00:00,923.2451444728661,25.8,50,8.8,12,6,True,Zone_C
2025-11-02 13:00:00,832.6430513613075,24.0,57,7.5,13,6,True,Zone_C
2025-11-02 14:00:00,780.0676995891773,23.1,58,8.5,14,6,True,Zone_C
2025-11-02 15:00:00,772.1565450199408,22.4,58,8.7,15,6,True,Zone_C
2025-11-02 16:00:00,750.2148971524535,21.7,58,9.3,16,6,True,Zone_C
2025-11-02 17:00:00,724.2595020313033,21.2,58,9.1,17,6,True,Zone_C
2025-11-02 18:00:00,691.4426671919074,21.2,61,10.6,18,6,True,Zone_C
2025-11-02 19:00:00,722.783047263911,20.9,61,9.7,19,6,True,Zone_C
2025-11-02 20:00:00,731.6743278831555,20.1,62,9.4,20,6,True,Zone_C
2025-11-02 21:00:00,736.9255442362613,19.2,65,9.2,21,6,True,Zone_C
2025-11-02 22:00:00,694.0001807721148,18.5,68,8.7,22,6,True,Zone_C
2025-11-02 23:00:00,731.567846679383,18.0,70,8.5,23,6,True,Zone_C
2025-11-03 00:00:00,755.7113063473627,17.5,76,8.4,0,0,False,Zone_C
2025-11-03 01:00:00,779.1017485854023,17.2,77,7.4,1,0,False,Zone_C
2025-11-03 02:00:00,874.8380581044287,17.5,75,7.6,2,0,False,Zone_C
2025-11-03 03:00:00,886.5603578627772,19.5,70,6.4,3,0,False,Zone_C
2025-11-03 04:00:00,903.090772760844,22.3,60,5.4,4,0,False,Zone_C
2025-11-03 05:00:00,968.6947983874103,25.0,52,6.1,5,0,False,Zone_C
2025-11-03 06:00:00,1053.4673964020187,27.6,43,7.6,6,0,False,Zone_C
2025-11-03 07:00:00,1059.8352553488812,29.0,38,9.7,7,0,False,Zone_C
2025-11-03 08:00:00,1023.7914712569273,30.0,34,12.0,8,0,False,Zone_C
2025-11-03 09:00:00,988.439519986088,30.2,31,13.6,9,0,False,Zone_C
2025-11-03 10:00:00,1006.5582002429062,29.8,31,13.0,10,0,False,Zone_C
2025-11-03 11:00:00,943.7796444767274,28.1,38,9.6,11,0,False,Zone_C
2025-11-03 12:00:00,875.1319138402653,25.9,46,7.6,12,0,False,Zone_C
2025-11-03 13:00:00,850.9053295697487,24.5,49,7.8,13,0,False,Zone_C
2025-11-03 14:00:00,811.121797552328,23.3,53,7.3,14,0,False,Zone_C
2025-11-03 15:00:00,762.7280506796043,22.2,58,6.6,15,0,False,Zone_C
2025-11-03 16:00:00,731.4239917643214,21.9,57,3.2,16,0,False,Zone_C
2025-11-03 17:00:00,697.0624729488375,20.5,62,2.8,17,0,False,Zone_C
2025-11-03 18:00:00,689.2102698527437,19.9,67,2.4,18,0,False,Zone_C
2025-11-03 19:00:00,661.6693976119809,18.9,70,1.7,19,0,False,Zone_C
2025-11-03 20:00:00,672.030222752023,18.6,69,0.4,20,0,False,Zone_C
2025-11-03 21:00:00,695.9092527300653,18.2,71,1.3,21,0,False,Zone_C
2025-11-03 22:00:00,746.4997274757827,17.7,75,4.7,22,0,False,Zone_C
2025-11-03 23:00:00,792.4352127309122,18.4,74,5.5,23,0,False,Zone_C
2025-11-04 00:00:00,764.8313870258693,18.2,79,4.9,0,1,False,Zone_C
2025-11-04 01:00:00,827.2197670960654,19.6,75,4.6,1,1,False,Zone_C
2025-11-04 02:00:00,814.7285637313183,19.8,71,5.8,2,1,False,Zone_C
2025-11-04 03:00:00,950.9275225728798,21.8,64,5.5,3,1,False,Zone_C
2025-11-04 04:00:00,958.8994521765038,24.1,56,5.4,4,1,False,Zone_C
2025-11-04 05:00:00,987.6568531154361,26.0,50,3.7,5,1,False,Zone_C
2025-11-04 06:00:00,1017.5230162779152,28.0,42,5.2,6,1,False,Zone_C
2025-11-04 07:00:00,1042.3598239154965,29.0,36,4.9,7,1,False,Zone_C
2025-11-04 08:00:00,1018.0862737794017,29.5,33,5.0,8,1,False,Zone_C
2025-11-04 09:00:00,1023.2775142146269,29.5,35,7.1,9,1,False,Zone_C
2025-11-04 10:00:00,963.6091101356873,28.7,40,8.6,10,1,False,Zone_C
2025-11-04 11:00:00,894.2504445648829,27.4,47,8.5,11,1,False,Zone_C
2025-11-04 12:00:00,891.3853684466767,26.6,48,8.3,12,1,False,Zone_C
2025-11-04 13:00:00,854.7575811560536,25.0,58,6.6,13,1,False,Zone_C
2025-11-04 14:00:00,810.8860396445087,23.7,65,5.8,14,1,False,Zone_C
2025-11-04 15:00:00,775.7855353991092,23.5,65,6.8,15,1,False,Zone_C
2025-11-04 16:00:00,736.0179677031631,22.4,71,5.4,16,1,False,Zone_C
2025-11-04 17:00:00,724.957252038195,21.6,74,5.0,17,1,False,Zone_C
2025-11-04 18:00:00,754.6691618402039,22.1,78,4.4,18,1,False,Zone_C
2025-11-04 19:00:00,743.276495845571,21.4,80,3.7,19,1,False,Zone_C
2025-11-04 20:00:00,717.9903898049294,21.5,81,0.8,20,1,False,Zone_C
2025-11-04 21:00:00,728.9031260834269,20.4,84,9.8,21,1,False,Zone_C
2025-11-04 22:00:00,756.663640137067,19.2,85,8.9,22,1,False,Zone_C
2025-11-04 23:00:00,740.4897621492817,18.8,86,6.4,23,1,False,Zone_C
2025-11-05 00:00:00,778.282371778915,19.1,90,4.2,0,2,False,Zone_C
2025-11-05 01:00:00,885.0923524126848,19.5,90,4.8,1,2,False,Zone_C
2025-11-05 02:00:00,826.3683020237087,20.2,88,4.2,2,2,False,Zone_C
2025-11-05 03:00:00,876.9184732491674,21.9,83,4.3,3,2,False,Zone_C
2025-11-05 04:00:00,971.2616550402803,23.9,73,4.7,4,2,False,Zone_C
2025-11-05 05:00:00,992.5181022595641,25.8,65,3.3,5,2,False,Zone_C
2025-11-05 06:00:00,1041.9866891922622,28.0,55,6.5,6,2,False,Zone_C
2025-11-05 07:00:00,1013.7990898201915,28.6,49,8.7,7,2,False,Zone_C
2025-11-05 08:00:00,993.8888657620969,28.7,43,9.7,8,2,False,Zone_C
2025-11-05 09:00:00,991.1122689624485,28.7,41,9.9,9,2,False,Zone_C
2025-11-05 10:00:00,985.3098788452642,28.4,40,10.5,10,2,False,Zone_C
2025-11-05 11:00:00,918.9766641872537,27.3,43,7.8,11,2,False,Zone_C
2025-11-05 12:00:00,891.0871504355304,26.0,48,9.6,12,2,False,Zone_C
2025-11-05 13:00:00,840.6933649063017,24.4,52,9.9,13,2,False,Zone_C
2025-11-05 14:00:00,820.9254566310262,23.4,52,10.5,14,2,False,Zone_C
2025-11-05 15:00:00,756.23515289367,22.5,53,10.6,15,2,False,Zone_C
2025-11-05 16:00:00,742.5474027666114,21.8,53,11.1,16,2,False,Zone_C
2025-11-05 17:00:00,706.1981407663689,21.0,54,11.1,17,2,False,Zone_C
2025-11-05 18:00:00,676.6119547609059,20.5,62,11.5,18,2,False,Zone_C
2025-11-05 19:00:00,708.6878035604044,19.5,61,11.7,19,2,False,Zone_C
2025-11-05 20:00:00,673.8162909669048,18.6,56,11.6,20,2,False,Zone_C
2025-11-05 21:00:00,692.0375606900724,17.6,51,10.7,21,2,False,Zone_C
2025-11-05 22:00:00,653.7700768311807,16.4,54,9.8,22,2,False,Zone_C
2025-11-05 23:00:00,727.1790968234961,15.6,58,9.7,23,2,False,Zone_C
2025-11-06 00:00:00,706.5960335915263,15.7,67,10.7,0,3,False,Zone_C
2025-11-06 01:00:00,772.9640725640293,15.2,69,9.2,1,3,False,Zone_C
2025-11-06 02:00:00,769.7575998121093,15.4,69,8.9,2,3,False,Zone_C
2025-11-06 03:00:00,854.7698497211194,17.2,64,7.5,3,3,False,Zone_C
2025-11-06 04:00:00,906.326568535029,19.8,57,7.2,4,3,False,Zone_C
2025-11-06 05:00:00,922.6199769833585,22.4,48,8.4,5,3,False,Zone_C
2025-11-06 06:00:00,966.796699019693,24.5,34,11.3,6,3,False,Zone_C
2025-11-06 07:00:00,1007.4943504205684,25.5,31,10.5,7,3,False,Zone_C
2025-11-06 08:00:00,963.6423613809785,26.0,29,10.6,8,3,False,Zone_C
2025-11-06 09:00:00,984.4738954622121,26.1,29,10.7,9,3,False,Zone_C
2025-11-06 10:00:00,932.4500757973719,25.8,31,11.2,10,3,False,Zone_C
2025-11-06 11:00:00,870.3112006174101,24.8,35,9.6,11,3,False,Zone_C
2025-11-06 12:00:00,798.0198861710079,22.5,46,7.4,12,3,False,Zone_C
2025-11-06 13:00:00,768.2192864922706,21.0,51,7.4,13,3,False,Zone_C
2025-11-06 14:00:00,683.9854281515983,20.1,53,8.3,14,3,False,Zone_C
2025-11-06 15:00:00,695.5497782763151,19.4,55,8.6,15,3,False,Zone_C
2025-11-06 16:00:00,679.6990983365702,18.6,56,9.4,16,3,False,Zone_C
2025-11-06 17:00:00,676.4901784567353,18.0,55,9.6,17,3,False,Zone_C
2025-11-06 18:00:00,664.0978962317499,17.9,55,11.2,18,3,False,Zone_C
2025-11-06 19:00:00,642.7611596143729,17.0,56,10.0,19,3,False,Zone_C
2025-11-06 20:00:00,626.5927140643768,16.4,58,9.5,20,3,False,Zone_C
2025-11-06 21:00:00,669.0999883088928,15.8,60,9.3,21,3,False,Zone_C
2025-11-06 22:00:00,675.1110365296693,15.2,62,8.7,22,3,False,Zone_C
2025-11-06 23:00:00,705.2566874643663,14.8,63,8.5,23,3,False,Zone_C
2025-11-07 00:00:00,706.8415598202486,14.8,66,9.8,0,4,False,Zone_C
2025-11-07 01:00:00,759.5940487456301,14.1,68,8.1,1,4,False,Zone_C
2025-11-07 02:00:00,736.4390138535837,14.3,68,8.4,2,4,False,Zone_C
2025-11-07 03:00:00,818.3536806462878,16.1,62,6.7,3,4,False,Zone_C
2025-11-07 04:00:00,914.1248158802374,18.8,53,6.2,4,4,False,Zone_C
2025-11-07 05:00:00,920.2370830108935,21.5,46,6.8,5,4,False,Zone_C
2025-11-07 06:00:00,930.3657476683868,24.6,38,8.8,6,4,False,Zone_C
2025-11-07 07:00:00,994.0030409204924,26.2,31,9.7,7,4,False,Zone_C
2025-11-07 08:00:00,1022.3316302454145,27.0,27,10.1,8,4,False,Zone_C
2025-11-07 09:00:00,998.1757177717552,27.2,25,10.1,9,4,False,Zone_C
2025-11-07 10:00:00,965.148196489986,26.9,26,10.1,10,4,False,Zone_C
2025-11-07 11:00:00,939.4870379266575,25.5,31,8.8,11,4,False,Zone_C
2025-11-07 12:00:00,819.8381872855466,23.2,40,10.1,12,4,False,Zone_C
2025-11-07 13:00:00,817.4424406032383,21.6,43,9.6,13,4,False,Zone_C
2025-11-07 14:00:00,743.3080930274806,20.2,47,8.9,14,4,False,Zone_C
2025-11-07 15:00:00,713.27504177538,19.2,49,8.9,15,4,False,Zone_C
2025-11-07 16:00:00,681.9309283388118,18.4,50,8.9,16,4,False,Zone_C
2025-11-07 17:00:00,664.5148957288453,17.6,51,8.4,17,4,False,Zone_C
2025-11-07 18:00:00,660.9424915533522,17.2,55,9.7,18,4,False,Zone_C
2025-11-07 19:00:00,651.7808202653989,16.4,58,8.3,19,4,False,Zone_C
2025-11-07 20:00:00,645.3220487710969,15.8,59,8.3,20,4,False,Zone_C
2025-11-07 21:00:00,669.311846587043,15.3,60,8.2,21,4,False,Zone_C
2025-11-07 22:00:00,648.9416160947794,14.9,60,7.7,22,4,False,Zone_C
2025-11-07 23:00:00,676.270946520293,14.2,61,6.5,23,4,False,Zone_C
2025-11-08 00:00:00,695.560210317603,13.7,65,6.4,0,5,True,Zone_C
2025-11-08 01:00:00,726.79240482705,12.9,70,4.5,1,5,True,Zone_C
2025-11-08 02:00:00,756.3578824428407,13.5,67,3.8,2,5,True,Zone_C
2025-11-08 03:00:00,817.0475490716115,15.6,60,4.0,3,5,True,Zone_C
2025-11-08 04:00:00,860.9668439008801,18.6,50,3.3,4,5,True,Zone_C
2025-11-08 05:00:00,896.1493686206213,21.6,41,4.7,5,5,True,Zone_C
2025-11-08 06:00:00,991.8823063716316,24.5,32,8.6,6,5,True,Zone_C
2025-11-08 07:00:00,1007.0113155690929,25.9,26,10.0,7,5,True,Zone_C
2025-11-08 08:00:00,1006.5306817107105,26.4,24,10.9,8,5,True,Zone_C
2025-11-08 09:00:00,997.101204555325,26.5,24,10.6,9,5,True,Zone_C
2025-11-08 10:00:00,933.3945205508873,26.0,26,10.3,10,5,True,Zone_C
2025-11-08 11:00:00,903.758931915734,24.9,30,8.7,11,5,True,Zone_C
2025-11-08 12:00:00,839.669167394919,22.5,40,7.0,12,5,True,Zone_C
2025-11-08 13:00:00,762.5177082756114,21.2,44,7.7,13,5,True,Zone_C
2025-11-08 14:00:00,720.2341499106648,19.9,48,7.6,14,5,True,Zone_C
2025-11-08 15:00:00,730.1102313760945,18.9,51,6.8,15,5,True,Zone_C
2025-11-08 16:00:00,694.4285532627733,18.1,53,6.4,16,5,True,Zone_C
2025-11-08 17:00:00,655.9371530130635,17.8,53,7.5,17,5,True,Zone_C
2025-11-08 18:00:00,658.9704550732697,17.2,56,7.9,18,5,True,Zone_C
2025-11-08 19:00:00,623.461265366781,16.5,57,8.5,19,5,True,Zone_C
2025-11-08 20:00:00,669.1309443704594,15.9,58,8.1,20,5,True,Zone_C
2025-11-08 21:00:00,664.9035979123745,15.4,59,7.6,21,5,True,Zone_C
2025-11-08 22:00:00,687.7644483523278,14.9,60,7.5,22,5,True,Zone_C
2025-11-08 23:00:00,732.1262421795698,14.3,62,7.3,23,5,True,Zone_C
2025-11-09 00:00:00,692.7666761737896,13.7,68,7.8,0,6,True,Zone_C
2025-11-09 01:00:00,731.5027561347091,13.2,70,6.4,1,6,True,Zone_C
2025-11-09 02:00:00,788.2618158934333,13.6,69,6.9,2,6,True,Zone_C
2025-11-09 03:00:00,792.9959763696418,15.7,64,5.6,3,6,True,Zone_C
2025-11-09 04:00:00,842.1125030389877,18.8,54,4.0,4,6,True,Zone_C
2025-11-09 05:00:00,905.1236768293307,21.8,46,4.8,5,6,True,Zone_C
2025-11-09 06:00:00,947.813437794647,24.5,34,8.6,6,6,True,Zone_C
2025-11-09 07:00:00,990.6382215211747,25.9,29,9.0,7,6,True,Zone_C
2025-11-09 08:00:00,981.796271846263,26.4,28,9.3,8,6,True,Zone_C
2025-11-09 09:00:00,988.2183814703586,26.6,28,9.5,9,6,True,Zone_C
2025-11-09 10:00:00,964.9128413592456,26.2,29,9.7,10,6,True,Zone_C
2025-11-09 11:00:00,914.8237992448306,25.2,32,8.5,11,6,True,Zone_C
2025-11-09 12:00:00,828.361162022322,22.8,43,7.4,12,6,True,Zone_C
2025-11-09 13:00:00,820.6181842179441,21.2,47,8.1,13,6,True,Zone_C
2025-11-09 14:00:00,782.0182652812281,20.0,48,8.4,14,6,True,Zone_C
2025-11-09 15:00:00,710.0240589959853,18.9,51,8.1,15,6,True,Zone_C
2025-11-09 16:00:00,667.261989376999,18.1,53,6.9,16,6,True,Zone_C
2025-11-09 17:00:00,628.1865088803745,17.5,54,7.9,17,6,True,Zone_C
2025-11-09 18:00:00,665.6690185924189,17.1,56,9.4,18,6,True,Zone_C
2025-11-09 19:00:00,663.2506150558893,16.4,58,8.2,19,6,True,Zone_C
2025-11-09 20:00:00,678.0749960837985,15.7,60,7.7,20,6,True,Zone_C
2025-11-09 21:00:00,680.9002599952181,15.2,61,6.9,21,6,True,Zone_C
2025-11-09 22:00:00,644.5017208836912,14.6,63,6.3,22,6,True,Zone_C
2025-11-09 23:00:00,706.8070466533957,13.9,67,5.7,23,6,True,Zone_C
2025-11-10 00:00:00,698.0022330393025,12.9,75,5.1,0,0,False,Zone_C
2025-11-10 01:00:00,691.4750854746501,12.6,77,3.5,1,0,False,Zone_C
2025-11-10 02:00:00,749.9284264206505,13.0,74,4.4,2,0,False,Zone_C
2025-11-10 03:00:00,816.5663435157276,15.3,66,3.8,3,0,False,Zone_C
2025-11-10 04:00:00,872.9502521302477,18.5,55,2.9,4,0,False,Zone_C
2025-11-10 05:00:00,935.1164076739971,21.5,46,3.3,5,0,False,Zone_C
2025-11-10 06:00:00,990.6326564109224,24.2,38,5.2,6,0,False,Zone_C
2025-11-10 07:00:00,976.523078940255,25.8,32,7.0,7,0,False,Zone_C
2025-11-10 08:00:00,995.5038663796515,26.5,27,8.7,8,0,False,Zone_C
2025-11-10 09:00:00,969.8246583412199,26.6,25,9.5,9,0,False,Zone_C
2025-11-10 10:00:00,971.7129875663372,26.2,25,8.8,10,0,False,Zone_C
2025-11-10 11:00:00,865.9559150714672,25.1,29,7.1,11,0,False,Zone_C
2025-11-10 12:00:00,803.8887782614261,22.1,46,4.7,12,0,False,Zone_C
2025-11-10 13:00:00,778.982514211503,20.7,49,4.9,13,0,False,Zone_C
2025-11-10 14:00:00,750.3864350380225,19.3,51,5.5,14,0,False,Zone_C
2025-11-10 15:00:00,679.2445557796575,18.2,54,5.6,15,0,False,Zone_C
2025-11-10 16:00:00,668.1843869393578,17.4,54,5.7,16,0,False,Zone_C
2025-11-10 17:00:00,656.3576292379106,16.7,54,6.0,17,0,False,Zone_C
2025-11-10 18:00:00,644.3992758925401,15.9,59,6.0,18,0,False,Zone_C
2025-11-10 19:00:00,605.6215913775105,14.6,64,5.4,19,0,False,Zone_C
2025-11-10 20:00:00,627.2268082210468,14.1,66,5.4,20,0,False,Zone_C
2025-11-10 21:00:00,661.3311030586566,14.1,64,6.2,21,0,False,Zone_C
2025-11-10 22:00:00,647.9078718462332,13.4,69,5.1,22,0,False,Zone_C
2025-11-10 23:00:00,688.3355817362459,12.9,71,4.8,23,0,False,Zone_C
2025-11-11 00:00:00,671.3927131052496,12.4,77,5.2,0,1,False,Zone_C
2025-11-11 01:00:00,702.5169702345951,12.2,78,4.3,1,1,False,Zone_C
2025-11-11 02:00:00,710.4065216970816,13.0,73,4.9,2,1,False,Zone_C
2025-11-11 03:00:00,801.7493093536459,15.4,65,5.2,3,1,False,Zone_C
2025-11-11 04:00:00,858.3156049699353,18.8,54,3.8,4,1,False,Zone_C
2025-11-11 05:00:00,928.9462705129081,22.0,45,4.8,5,1,False,Zone_C
2025-11-11 06:00:00,969.8208950553392,24.9,37,7.5,6,1,False,Zone_C
2025-11-11 07:00:00,956.120553333631,26.5,28,10.1,7,1,False,Zone_C
2025-11-11 08:00:00,972.8408415978059,27.0,25,10.8,8,1,False,Zone_C
2025-11-11 09:00:00,977.0359628855024,27.1,25,10.9,9,1,False,Zone_C
2025-11-11 10:00:00,932.170807563742,26.6,26,10.6,10,1,False,Zone_C
2025-11-11 11:00:00,871.5278233783314,25.4,30,9.3,11,1,False,Zone_C
2025-11-11 12:00:00,831.5422890964538,23.0,38,8.0,12,1,False,Zone_C
2025-11-11 13:00:00,796.1964451242288,21.5,43,8.9,13,1,False,Zone_C
2025-11-11 14:00:00,749.8944418535614,20.1,49,8.2,14,1,False,Zone_C
2025-11-11 15:00:00,691.7150461883343,19.0,55,8.3,15,1,False,Zone_C
2025-11-11 16:00:00,669.0507577247215,18.4,56,8.9,16,1,False,Zone_C
2025-11-11 17:00:00,684.2237074335974,17.8,56,9.6,17,1,False,Zone_C
2025-11-11 18:00:00,645.5838269639235,17.5,56,10.5,18,1,False,Zone_C
2025-11-11 19:00:00,675.6138875957366,16.8,57,9.4,19,1,False,Zone_C
2025-11-11 20:00:00,647.2591422631173,16.4,59,8.3,20,1,False,Zone_C
2025-11-11 21:00:00,665.8549972582197,15.6,61,7.3,21,1,False,Zone_C
2025-11-11 22:00:00,689.8585454268108,14.9,64,5.9,22,1,False,Zone_C
2025-11-11 23:00:00,725.0807836424598,13.8,69,5.3,23,1,False,Zone_C
2025-11-12 00:00:00,746.7837068412671,13.2,75,6.8,0,2,False,Zone_C
2025-11-12 01:00:00,724.4264462234582,12.8,77,6.7,1,2,False,Zone_C
2025-11-12 02:00:00,734.1191303087244,13.1,76,7.4,2,2,False,Zone_C
2025-11-12 03:00:00,808.3133950034194,15.3,68,6.6,3,2,False,Zone_C
2025-11-12 04:00:00,889.0901083323869,18.5,57,5.1,4,2,False,Zone_C
2025-11-12 05:00:00,894.8328342045975,21.6,48,6.3,5,2,False,Zone_C
2025-11-12 06:00:00,939.8700696923252,24.5,40,8.6,6,2,False,Zone_C
2025-11-12 07:00:00,968.7141813547365,26.2,32,11.4,7,2,False,Zone_C
2025-11-12 08:00:00,974.586977863768,27.0,27,13.4,8,2,False,Zone_C
2025-11-12 09:00:00,981.1835418982065,27.0,26,13.1,9,2,False,Zone_C
2025-11-12 10:00:00,927.8921470471668,26.6,27,12.3,10,2,False,Zone_C
2025-11-12 11:00:00,899.6027220850708,25.5,31,9.8,11,2,False,Zone_C
2025-11-12 12:00:00,773.0573829042083,23.1,40,7.8,12,2,False,Zone_C
2025-11-12 13:00:00,829.0578509727569,21.9,43,8.2,13,2,False,Zone_C
2025-11-12 14:00:00,735.2020892008852,20.6,46,7.3,14,2,False,Zone_C
2025-11-12 15:00:00,725.7827260011464,19.2,52,5.8,15,2,False,Zone_C
2025-11-12 16:00:00,690.8420069606624,18.5,56,5.6,16,2,False,Zone_C
2025-11-12 17:00:00,698.7493770827027,17.9,59,5.0,17,2,False,Zone_C
2025-11-12 18:00:00,653.6199610591474,16.5,65,4.9,18,2,False,Zone_C
2025-11-12 19:00:00,622.9491778200526,15.1,69,5.3,19,2,False,Zone_C
2025-11-12 20:00:00,620.509856720789,14.2,75,5.2,20,2,False,Zone_C
2025-11-12 21:00:00,643.424813706758,13.4,79,4.8,21,2,False,Zone_C
2025-11-12 22:00:00,676.9793706058723,12.9,82,4.7,22,2,False,Zone_C
2025-11-12 23:00:00,672.851652413652,12.4,83,4.8,23,2,False,Zone_C
2025-11-13 00:00:00,654.0141247313661,12.2,84,5.4,0,3,False,Zone_C
2025-11-13 01:00:00,685.1204887510929,11.8,84,5.0,1,3,False,Zone_C
2025-11-13 02:00:00,751.473186721549,12.4,80,6.0,2,3,False,Zone_C
2025-11-13 03:00:00,764.9906014756202,14.6,71,5.4,3,3,False,Zone_C
2025-11-13 04:00:00,829.8753340244215,17.8,60,4.0,4,3,False,Zone_C
2025-11-13 05:00:00,914.0078890200689,21.0,49,4.7,5,3,False,Zone_C
2025-11-13 06:00:00,945.9179415426735,24.0,38,9.0,6,3,False,Zone_C
2025-11-13 07:00:00,953.1908708941136,25.2,32,10.2,7,3,False,Zone_C
2025-11-13 08:00:00,1007.7813076241296,25.9,28,10.2,8,3,False,Zone_C
2025-11-13 09:00:00,1001.963706352252,26.0,27,10.1,9,3,False,Zone_C
2025-11-13 10:00:00,895.9693845202867,25.7,28,9.8,10,3,False,Zone_C
2025-11-13 11:00:00,899.9538583585253,24.5,32,8.6,11,3,False,Zone_C
2025-11-13 12:00:00,798.6089377224635,22.0,40,7.7,12,3,False,Zone_C
2025-11-13 13:00:00,813.8734071670929,20.5,45,8.8,13,3,False,Zone_C
2025-11-13 14:00:00,714.8277614303819,19.1,49,7.7,14,3,False,Zone_C
2025-11-13 15:00:00,698.4119496133427,18.0,55,6.7,15,3,False,Zone_C
2025-11-13 16:00:00,674.570833759482,17.2,58,6.5,16,3,False,Zone_C
2025-11-13 17:00:00,627.0531793296886,16.6,60,6.9,17,3,False,Zone_C
2025-11-13 18:00:00,627.1749328390341,16.2,62,8.3,18,3,False,Zone_C
2025-11-13 19:00:00,638.0759973005727,15.3,64,6.9,19,3,False,Zone_C
2025-11-13 20:00:00,629.4474838112077,14.5,67,5.9,20,3,False,Zone_C
2025-11-13 21:00:00,651.9300492851036,13.9,69,5.8,21,3,False,Zone_C
2025-11-13 22:00:00,663.2404913421872,13.2,72,5.5,22,3,False,Zone_C
2025-11-13 23:00:00,631.937845365111,12.7,74,5.4,23,3,False,Zone_C
2025-11-14 00:00:00,657.9202737118056,12.0,82,5.5,0,4,False,Zone_C
2025-11-14 01:00:00,723.3091549972634,11.9,83,4.6,1,4,False,Zone_C
2025-11-14 02:00:00,738.5256200143175,12.4,80,4.7,2,4,False,Zone_C
2025-11-14 03:00:00,788.7538280828821,14.4,73,4.5,3,4,False,Zone_C
2025-11-14 04:00:00,846.1838242948033,17.4,62,3.3,4,4,False,Zone_C
2025-11-14 05:00:00,886.9853333252673,20.4,52,4.1,5,4,False,Zone_C
2025-11-14 06:00:00,920.6224728601171,23.1,43,5.4,6,4,False,Zone_C
2025-11-14 07:00:00,956.1391478618827,24.8,34,7.7,7,4,False,Zone_C
2025-11-14 08:00:00,960.7528545922994,25.6,27,9.1,8,4,False,Zone_C
2025-11-14 09:00:00,909.8396829992038,25.8,26,9.4,9,4,False,Zone_C
2025-11-14 10:00:00,943.3800941010367,25.4,27,9.4,10,4,False,Zone_C
2025-11-14 11:00:00,880.2262653247153,24.3,32,7.5,11,4,False,Zone_C
2025-11-14 12:00:00,811.4264648847061,21.5,44,5.1,12,4,False,Zone_C
2025-11-14 13:00:00,773.0872700611601,20.5,45,6.3,13,4,False,Zone_C
2025-11-14 14:00:00,771.1957663829286,19.5,48,7.5,14,4,False,Zone_C
2025-11-14 15:00:00,684.3565109183193,18.6,51,6.8,15,4,False,Zone_C
2025-11-14 16:00:00,674.7893411888331,17.5,56,6.1,16,4,False,Zone_C
2025-11-14 17:00:00,673.7491213558294,16.9,58,6.2,17,4,False,Zone_C
2025-11-14 18:00:00,676.8280769087692,16.5,59,7.9,18,4,False,Zone_C
2025-11-14 19:00:00,619.3157085972372,15.4,62,6.6,19,4,False,Zone_C
2025-11-14 20:00:00,606.8855058817229,14.4,66,6.0,20,4,False,Zone_C
2025-11-14 21:00:00,624.6408055503216,13.8,69,5.6,21,4,False,Zone_C
2025-11-14 22:00:00,656.9748007941025,13.1,73,5.2,22,4,False,Zone_C
2025-11-14 23:00:00,641.9499829784538,12.4,76,3.5,23,4,False,Zone_C
2025-11-15 00:00:00,663.9629182927936,11.6,83,4.7,0,5,True,Zone_C
2025-11-15 01:00:00,695.5412416407288,11.2,85,4.5,1,5,True,Zone_C
2025-11-15 02:00:00,755.5767299405575,11.8,83,5.7,2,5,True,Zone_C
2025-11-15 03:00:00,742.8684160871366,14.1,74,5.2,3,5,True,Zone_C
2025-11-15 04:00:00,858.5038101352877,17.2,62,3.7,4,5,True,Zone_C
2025-11-15 05:00:00,896.7292735283621,20.4,51,4.4,5,5,True,Zone_C
2025-11-15 06:00:00,909.6472830663712,23.3,41,5.9,6,5,True,Zone_C
2025-11-15 07:00:00,976.5498793078293,25.0,34,7.5,7,5,True,Zone_C
2025-11-15 08:00:00,972.2823049668104,26.0,28,9.3,8,5,True,Zone_C
2025-11-15 09:00:00,931.4412883786077,26.3,27,10.7,9,5,True,Zone_C
2025-11-15 10:00:00,951.073203495241,26.0,29,10.9,10,5,True,Zone_C
2025-11-15 11:00:00,888.1345119602626,24.9,33,8.5,11,5,True,Zone_C
2025-11-15 12:00:00,866.1608538668546,22.5,39,7.6,12,5,True,Zone_C
2025-11-15 13:00:00,776.5026799910908,21.0,43,9.1,13,5,True,Zone_C
2025-11-15 14:00:00,728.9463865503112,19.8,47,8.7,14,5,True,Zone_C
2025-11-15 15:00:00,685.1935836898604,18.8,51,8.4,15,5,True,Zone_C
2025-11-15 16:00:00,694.2144237631186,18.0,54,8.4,16,5,True,Zone_C
2025-11-15 17:00:00,654.3670211387304,17.1,56,7.2,17,5,True,Zone_C
2025-11-15 18:00:00,652.7904647490425,15.8,61,6.1,18,5,True,Zone_C
2025-11-15 19:00:00,628.9596357396998,14.3,69,5.2,19,5,True,Zone_C
2025-11-15 20:00:00,616.9395047511833,13.6,72,4.6,20,5,True,Zone_C
2025-11-15 21:00:00,630.8587593152048,13.1,74,3.3,21,5,True,Zone_C
2025-11-15 22:00:00,596.383455133116,12.5,76,2.8,22,5,True,Zone_C
2025-11-15 23:00:00,685.3870602764788,11.6,79,3.8,23,5,True,Zone_C
2025-11-16 00:00:00,696.2749408824909,10.8,88,4.5,0,6,True,Zone_C
2025-11-16 01:00:00,659.8608087948579,10.6,87,4.0,1,6,True,Zone_C
2025-11-16 02:00:00,716.0297607565303,11.4,82,5.4,2,6,True,Zone_C
2025-11-16 03:00:00,762.3106944705944,13.8,70,4.7,3,6,True,Zone_C
2025-11-16 04:00:00,823.2800137285628,17.4,58,3.6,4,6,True,Zone_C
2025-11-16 05:00:00,936.7089734970386,20.6,49,4.6,5,6,True,Zone_C
2025-11-16 06:00:00,957.2285593836458,23.5,41,6.4,6,6,True,Zone_C
2025-11-16 07:00:00,976.382002463275,25.4,32,9.6,7,6,True,Zone_C
2025-11-16 08:00:00,992.2218192291725,26.4,26,11.5,8,6,True,Zone_C
2025-11-16 09:00:00,937.3087481475586,26.5,25,11.8,9,6,True,Zone_C
2025-11-16 10:00:00,929.4168901363107,26.0,26,11.3,10,6,True,Zone_C
2025-11-16 11:00:00,897.1639687586357,24.9,30,9.5,11,6,True,Zone_C
2025-11-16 12:00:00,803.258738341198,22.4,38,8.6,12,6,True,Zone_C
2025-11-16 13:00:00,777.492260636618,20.9,42,9.0,13,6,True,Zone_C
2025-11-16 14:00:00,770.8383938665668,19.5,46,7.9,14,6,True,Zone_C
2025-11-16 15:00:00,736.5531871416308,18.3,51,6.6,15,6,True,Zone_C
2025-11-16 16:00:00,670.8656521650156,17.6,53,8.0,16,6,True,Zone_C
2025-11-16 17:00:00,675.7087403544903,17.2,52,8.6,17,6,True,Zone_C
2025-11-16 18:00:00,632.8426667560793,16.0,56,8.2,18,6,True,Zone_C
2025-11-16 19:00:00,637.4143568987092,14.4,61,6.1,19,6,True,Zone_C
2025-11-16 20:00:00,603.4891828968009,13.4,66,5.4,20,6,True,Zone_C
2025-11-16 21:00:00,605.7841191426886,12.9,69,5.2,21,6,True,Zone_C
2025-11-16 22:00:00,629.7671809623757,12.2,71,4.8,22,6,True,Zone_C
2025-11-16 23:00:00,638.8702132243213,11.6,73,4.7,23,6,True,Zone_C
2025-11-17 00:00:00,664.3888833681214,10.9,82,4.7,0,0,False,Zone_C
2025-11-17 01:00:00,691.6032345252896,10.9,83,4.9,1,0,False,Zone_C
2025-11-17 02:00:00,746.2527671554305,11.2,81,6.2,2,0,False,Zone_C
2025-11-17 03:00:00,743.0866394016144,13.5,71,5.3,3,0,False,Zone_C
2025-11-17 04:00:00,808.447370959891,16.9,59,3.7,4,0,False,Zone_C
2025-11-17 05:00:00,891.7061165832624,20.0,49,3.4,5,0,False,Zone_C
2025-11-17 06:00:00,969.8113491399457,22.9,42,3.7,6,0,False,Zone_C
2025-11-17 07:00:00,955.7600752109486,24.6,36,5.7,7,0,False,Zone_C
2025-11-17 08:00:00,985.609306579095,25.5,32,7.1,8,0,False,Zone_C
2025-11-17 09:00:00,1008.4785846927633,25.7,30,6.8,9,0,False,Zone_C
2025-11-17 10:00:00,940.1575801229448,25.4,31,6.4,10,0,False,Zone_C
2025-11-17 11:00:00,871.967204073068,24.2,39,3.7,11,0,False,Zone_C
2025-11-17 12:00:00,834.5058823991588,21.6,51,2.7,12,0,False,Zone_C
2025-11-17 13:00:00,774.1448179849891,20.5,55,3.1,13,0,False,Zone_C
2025-11-17 14:00:00,713.7769291983163,19.2,59,2.9,14,0,False,Zone_C
2025-11-17 15:00:00,721.2672360351828,17.9,64,3.4,15,0,False,Zone_C
2025-11-17 16:00:00,670.5840591678173,17.2,66,1.5,16,0,False,Zone_C
2025-11-17 17:00:00,671.7732287719218,17.0,66,0.4,17,0,False,Zone_C
2025-11-17 18:00:00,628.4636599759399,15.3,74,1.7,18,0,False,Zone_C
2025-11-17 19:00:00,607.5631978124022,13.9,79,2.7,19,0,False,Zone_C
2025-11-17 20:00:00,617.5942251252897,13.1,82,2.7,20,0,False,Zone_C
2025-11-17 21:00:00,640.7660361055199,12.6,83,1.9,21,0,False,Zone_C
2025-11-17 22:00:00,683.1072545461556,12.1,85,2.3,22,0,False,Zone_C
2025-11-17 23:00:00,626.4636940590366,11.7,86,2.4,23,0,False,Zone_C
2025-11-18 00:00:00,703.0279617489177,11.6,86,0.6,0,1,False,Zone_C
2025-11-18 01:00:00,669.643164193027,11.1,89,2.7,1,1,False,Zone_C
2025-11-18 02:00:00,715.2432274236154,11.6,86,5.0,2,1,False,Zone_C
2025-11-18 03:00:00,789.1707756941857,14.1,75,3.8,3,1,False,Zone_C
2025-11-18 04:00:00,840.8519167288165,17.3,63,2.9,4,1,False,Zone_C
2025-11-18 05:00:00,886.9888253983333,20.2,53,3.5,5,1,False,Zone_C
2025-11-18 06:00:00,930.473433424558,22.9,45,4.7,6,1,False,Zone_C
2025-11-18 07:00:00,993.0839780652785,24.5,40,6.4,7,1,False,Zone_C
2025-11-18 08:00:00,953.8521865155795,25.3,38,7.7,8,1,False,Zone_C
2025-11-18 09:00:00,969.4534993294525,25.5,39,8.2,9,1,False,Zone_C
2025-11-18 10:00:00,904.322644889911,25.1,43,8.4,10,1,False,Zone_C
2025-11-18 11:00:00,887.54362423325,24.2,47,7.7,11,1,False,Zone_C
2025-11-18 12:00:00,831.03765935857,21.5,63,3.6,12,1,False,Zone_C
2025-11-18 13:00:00,772.1917023568313,20.7,67,2.5,13,1,False,Zone_C
2025-11-18 14:00:00,748.6161200619307,19.8,70,1.7,14,1,False,Zone_C
2025-11-18 15:00:00,739.650369632404,19.1,72,0.5,15,1,False,Zone_C
2025-11-18 16:00:00,661.14040477447,17.5,78,1.9,16,1,False,Zone_C
2025-11-18 17:00:00,667.329365196897,16.4,82,2.2,17,1,False,Zone_C
2025-11-18 18:00:00,634.6112157738876,15.4,86,2.2,18,1,False,Zone_C
2025-11-18 19:00:00,602.0630086071376,14.6,88,1.6,19,1,False,Zone_C
2025-11-18 20:00:00,625.3675356618138,13.8,90,3.8,20,1,False,Zone_C
2025-11-18 21:00:00,638.5799826802557,13.4,88,4.3,21,1,False,Zone_C
2025-11-18 22:00:00,645.9424041860885,13.1,86,2.7,22,1,False,Zone_C
2025-11-18 23:00:00,646.7498479379805,12.6,87,2.4,23,1,False,Zone_C
2025-11-19 00:00:00,681.7672877079112,12.1,88,2.2,0,2,False,Zone_C
2025-11-19 01:00:00,709.2729874410587,11.6,90,2.2,1,2,False,Zone_C
2025-11-19 02:00:00,765.4953859909893,11.9,89,2.5,2,2,False,Zone_C
2025-11-19 03:00:00,775.3542527443371,14.2,78,1.7,3,2,False,Zone_C
2025-11-19 04:00:00,828.4032186459577,17.6,65,0.6,4,2,False,Zone_C
2025-11-19 05:00:00,929.9768497994401,20.8,53,1.5,5,2,False,Zone_C
2025-11-19 06:00:00,939.3300325534958,23.8,46,3.5,6,2,False,Zone_C
2025-11-19 07:00:00,926.4855293352011,25.3,39,4.2,7,2,False,Zone_C
2025-11-19 08:00:00,975.0226443414576,26.0,37,3.2,8,2,False,Zone_C
2025-11-19 09:00:00,923.173219958548,26.2,36,2.4,9,2,False,Zone_C
2025-11-19 10:00:00,930.2292880169981,26.0,37,1.9,10,2,False,Zone_C
2025-11-19 11:00:00,914.9083032301604,25.0,43,3.2,11,2,False,Zone_C
2025-11-19 12:00:00,831.33876431786,22.2,59,1.7,12,2,False,Zone_C
2025-11-19 13:00:00,783.3397730812759,20.9,65,2.8,13,2,False,Zone_C
2025-11-19 14:00:00,763.7401226981632,20.0,69,2.6,14,2,False,Zone_C
2025-11-19 15:00:00,696.8728540045851,19.4,71,2.8,15,2,False,Zone_C
2025-11-19 16:00:00,704.7627859946981,18.6,75,3.6,16,2,False,Zone_C
2025-11-19 17:00:00,673.7549210761141,17.9,78,3.6,17,2,False,Zone_C
2025-11-19 18:00:00,666.2903473399841,17.4,80,1.1,18,2,False,Zone_C
2025-11-19 19:00:00,635.1750352089974,16.5,84,0.4,19,2,False,Zone_C
2025-11-19 20:00:00,605.2365634481771,15.6,87,0.2,20,2,False,Zone_C
2025-11-19 21:00:00,639.7599591792548,14.9,90,0.4,21,2,False,Zone_C
2025-11-19 22:00:00,684.0863122907557,14.2,92,1.7,22,2,False,Zone_C
2025-11-19 23:00:00,657.378399826309,13.6,94,3.0,23,2,False,Zone_C
2025-11-20 00:00:00,715.8262726049436,12.9,95,3.9,0,3,False,Zone_C
2025-11-20 01:00:00,712.5774441643072,12.4,96,3.5,1,3,False,Zone_C
2025-11-20 02:00:00,733.7234005841988,12.8,95,4.5,2,3,False,Zone_C
2025-11-20 03:00:00,817.8054662980018,15.1,84,2.8,3,3,False,Zone_C
2025-11-20 04:00:00,862.9621645750818,18.3,71,1.7,4,3,False,Zone_C
2025-11-20 05:00:00,929.979825165354,21.4,62,1.2,5,3,False,Zone_C
2025-11-20 06:00:00,968.4598567000654,23.8,50,3.7,6,3,False,Zone_C
2025-11-20 07:00:00,970.0098617038644,25.3,43,5.3,7,3,False,Zone_C
2025-11-20 08:00:00,979.5829169147161,25.8,41,5.0,8,3,False,Zone_C
2025-11-20 09:00:00,981.6719989998485,26.0,40,4.9,9,3,False,Zone_C
2025-11-20 10:00:00,933.2094568870286,25.8,41,5.6,10,3,False,Zone_C
2025-11-20 11:00:00,897.5494255468897,24.9,44,6.6,11,3,False,Zone_C
2025-11-20 12:00:00,846.0028741774015,22.5,56,4.5,12,3,False,Zone_C
2025-11-20 13:00:00,791.3421038147517,21.4,64,2.5,13,3,False,Zone_C
2025-11-20 14:00:00,741.5316748768706,20.3,67,0.5,14,3,False,Zone_C
2025-11-20 15:00:00,711.241186659228,19.0,71,3.1,15,3,False,Zone_C
2025-11-20 16:00:00,706.7979043227665,18.4,74,3.6,16,3,False,Zone_C
2025-11-20 17:00:00,647.1237410775689,17.5,78,3.0,17,3,False,Zone_C
2025-11-20 18:00:00,625.6913942389868,16.9,81,1.1,18,3,False,Zone_C
2025-11-20 19:00:00,645.1048741457696,16.5,82,0.4,19,3,False,Zone_C
2025-11-20 20:00:00,633.5789405568469,15.9,84,0.9,20,3,False,Zone_C
2025-11-20 21:00:00,659.7249928427476,15.2,86,0.9,21,3,False,Zone_C
2025-11-20 22:00:00,680.3193478775621,14.7,87,0.8,22,3,False,Zone_C
2025-11-20 23:00:00,685.6974102768144,14.2,88,0.9,23,3,False,Zone_C
2025-11-21 00:00:00,736.1935516128764,13.6,89,1.5,0,4,False,Zone_C
2025-11-21 01:00:00,724.7210470627339,13.2,89,2.7,1,4,False,Zone_C
2025-11-21 02:00:00,726.0701866184725,13.6,87,4.3,2,4,False,Zone_C
2025-11-21 03:00:00,838.4696808539286,16.2,75,5.1,3,4,False,Zone_C
2025-11-21 04:00:00,910.6707144900695,19.6,64,2.6,4,4,False,Zone_C
2025-11-21 05:00:00,945.9465898111112,22.2,56,3.7,5,4,False,Zone_C
2025-11-21 06:00:00,949.4973810337846,24.2,48,6.1,6,4,False,Zone_C
2025-11-21 07:00:00,979.8240451305327,25.5,41,4.9,7,4,False,Zone_C
2025-11-21 08:00:00,978.5043066063363,25.9,39,3.8,8,4,False,Zone_C
2025-11-21 09:00:00,941.1820096158021,26.0,39,4.4,9,4,False,Zone_C
2025-11-21 10:00:00,979.3691593116727,25.8,38,5.1,10,4,False,Zone_C
2025-11-21 11:00:00,893.2719099020482,24.9,41,6.4,11,4,False,Zone_C
2025-11-21 12:00:00,859.928157514254,22.6,51,4.4,12,4,False,Zone_C
2025-11-21 13:00:00,791.5936146005149,21.5,55,4.9,13,4,False,Zone_C
2025-11-21 14:00:00,765.7183920751509,20.9,58,7.6,14,4,False,Zone_C
2025-11-21 15:00:00,767.3214166667528,20.4,60,5.5,15,4,False,Zone_C
2025-11-21 16:00:00,688.1492817148678,18.8,68,4.2,16,4,False,Zone_C
2025-11-21 17:00:00,662.4348181114339,17.7,73,3.8,17,4,False,Zone_C
2025-11-21 18:00:00,658.2536981218846,17.3,76,2.4,18,4,False,Zone_C
2025-11-21 19:00:00,621.8832801329119,16.3,80,3.1,19,4,False,Zone_C
2025-11-21 20:00:00,627.1256894330961,15.6,83,2.0,20,4,False,Zone_C
2025-11-21 21:00:00,667.2124363400783,15.2,84,0.3,21,4,False,Zone_C
2025-11-21 22:00:00,660.5007290830112,14.7,86,0.7,22,4,False,Zone_C
2025-11-21 23:00:00,673.2629748702591,14.1,88,1.9,23,4,False,Zone_C
2025-11-22 00:00:00,682.7461241086564,13.1,93,3.1,0,5,True,Zone_C
2025-11-22 01:00:00,742.6005848589731,12.9,93,4.5,1,5,True,Zone_C
2025-11-22 02:00:00,713.2744326838097,13.4,91,6.1,2,5,True,Zone_C
2025-11-22 03:00:00,789.4330133728218,15.6,80,5.5,3,5,True,Zone_C
2025-11-22 04:00:00,872.038776950559,19.0,68,3.7,4,5,True,Zone_C
2025-11-22 05:00:00,943.8461784858509,22.0,57,4.4,5,5,True,Zone_C
2025-11-22 06:00:00,973.8308526781753,24.1,47,5.9,6,5,True,Zone_C
2025-11-22 07:00:00,953.9106766937008,25.2,38,6.1,7,5,True,Zone_C
2025-11-22 08:00:00,941.3814237773597,25.6,34,7.2,8,5,True,Zone_C
2025-11-22 09:00:00,964.1917241650302,25.7,32,8.0,9,5,True,Zone_C
2025-11-22 10:00:00,950.4558279319458,25.3,32,7.7,10,5,True,Zone_C
2025-11-22 11:00:00,882.0609417618357,24.0,38,6.0,11,5,True,Zone_C
2025-11-22 12:00:00,820.8697283956442,21.6,49,4.8,12,5,True,Zone_C
2025-11-22 13:00:00,788.4408794596708,20.5,52,4.8,13,5,True,Zone_C
2025-11-22 14:00:00,727.5023882364404,19.2,55,5.0,14,5,True,Zone_C
2025-11-22 15:00:00,669.5216750930105,18.0,59,4.8,15,5,True,Zone_C
2025-11-22 16:00:00,666.910406474002,17.0,65,3.9,16,5,True,Zone_C
2025-11-22 17:00:00,675.3343066293121,16.5,67,2.1,17,5,True,Zone_C
2025-11-22 18:00:00,688.9196688978617,16.0,70,1.1,18,5,True,Zone_C
2025-11-22 19:00:00,622.7107059618736,14.6,75,4.3,19,5,True,Zone_C
2025-11-22 20:00:00,654.606475465566,13.9,79,3.5,20,5,True,Zone_C
2025-11-22 21:00:00,651.6716261495045,14.0,79,0.6,21,5,True,Zone_C
2025-11-22 22:00:00,653.741691131546,13.1,83,2.1,22,5,True,Zone_C
2025-11-22 23:00:00,681.1882543869077,12.3,86,3.1,23,5,True,Zone_C
2025-11-23 00:00:00,693.6340710171195,12.1,89,2.0,0,6,True,Zone_C
2025-11-23 01:00:00,713.6778607817733,12.1,89,1.1,1,6,True,Zone_C
2025-11-23 02:00:00,757.0735705016523,12.3,90,1.7,2,6,True,Zone_C
2025-11-23 03:00:00,806.8471980441764,14.7,78,2.9,3,6,True,Zone_C
2025-11-23 04:00:00,837.9794175945623,18.2,63,1.9,4,6,True,Zone_C
2025-11-23 05:00:00,936.8529884673947,21.2,51,2.2,5,6,True,Zone_C
2025-11-23 06:00:00,943.1586703423994,23.4,43,2.6,6,6,True,Zone_C
2025-11-23 07:00:00,980.3197105865324,24.9,36,4.4,7,6,True,Zone_C
2025-11-23 08:00:00,947.9251636916174,25.4,33,6.3,8,6,True,Zone_C
2025-11-23 09:00:00,942.9584556213217,25.4,33,6.9,9,6,True,Zone_C
2025-11-23 10:00:00,900.0675871022173,25.0,33,7.2,10,6,True,Zone_C
2025-11-23 11:00:00,910.7634132331809,24.0,36,6.7,11,6,True,Zone_C
2025-11-23 12:00:00,803.9543324055666,21.3,51,5.0,12,6,True,Zone_C
2025-11-23 13:00:00,815.1647360702618,20.0,55,5.1,13,6,True,Zone_C
2025-11-23 14:00:00,751.5652803246503,18.5,61,4.7,14,6,True,Zone_C
2025-11-23 15:00:00,660.6902941833007,17.2,66,4.5,15,6,True,Zone_C
2025-11-23 16:00:00,637.2587359644151,16.2,71,4.4,16,6,True,Zone_C
2025-11-23 17:00:00,637.541653378027,15.5,74,4.8,17,6,True,Zone_C
2025-11-23 18:00:00,657.2070444437736,14.9,76,4.7,18,6,True,Zone_C
2025-11-23 19:00:00,624.6213247092113,14.2,78,2.8,19,6,True,Zone_C
2025-11-23 20:00:00,615.1167320714613,13.6,80,1.7,20,6,True,Zone_C
2025-11-23 21:00:00,595.5356503427626,13.0,82,2.2,21,6,True,Zone_C
2025-11-23 22:00:00,643.6619332362117,12.4,84,2.9,22,6,True,Zone_C
2025-11-23 23:00:00,639.4755654789076,11.9,86,2.3,23,6,True,Zone_C
2025-11-24 00:00:00,655.9431159501883,11.0,93,4.5,0,0,False,Zone_C
2025-11-24 01:00:00,677.3459451267605,11.1,92,2.4,1,0,False,Zone_C
2025-11-24 02:00:00,735.4371606859798,11.4,91,2.7,2,0,False,Zone_C
2025-11-24 03:00:00,760.088629361122,13.6,80,3.5,3,0,False,Zone_C
2025-11-24 04:00:00,786.1747314333463,16.9,67,2.5,4,0,False,Zone_C
2025-11-24 05:00:00,873.558500975172,20.0,55,2.4,5,0,False,Zone_C
2025-11-24 06:00:00,958.5651191454614,22.3,46,3.1,6,0,False,Zone_C
2025-11-24 07:00:00,949.3451377721066,23.8,38,4.0,7,0,False,Zone_C
2025-11-24 08:00:00,964.5728375367883,24.4,35,5.0,8,0,False,Zone_C
2025-11-24 09:00:00,905.5490229996702,24.6,32,5.9,9,0,False,Zone_C
2025-11-24 10:00:00,947.7750706483616,24.3,31,7.0,10,0,False,Zone_C
2025-11-24 11:00:00,847.8973468415033,23.4,35,6.9,11,0,False,Zone_C
2025-11-24 12:00:00,797.52254537736,20.8,46,5.2,12,0,False,Zone_C
2025-11-24 13:00:00,744.4953963035766,19.5,51,5.5,13,0,False,Zone_C
2025-11-24 14:00:00,713.9821687773601,18.0,55,5.3,14,0,False,Zone_C
2025-11-24 15:00:00,663.61133231741,16.6,61,4.8,15,0,False,Zone_C
2025-11-24 16:00:00,647.663612410277,15.6,65,5.0,16,0,False,Zone_C
2025-11-24 17:00:00,597.6398478630884,14.7,68,5.0,17,0,False,Zone_C
2025-11-24 18:00:00,623.156707643586,13.9,73,3.8,18,0,False,Zone_C
2025-11-24 19:00:00,624.6051163323685,13.0,75,5.1,19,0,False,Zone_C
2025-11-24 20:00:00,629.2300377352285,12.4,78,4.9,20,0,False,Zone_C
2025-11-24 21:00:00,596.1713256231632,11.9,81,4.5,21,0,False,Zone_C
2025-11-24 22:00:00,639.333323131368,11.3,83,2.7,22,0,False,Zone_C
2025-11-24 23:00:00,600.9087716391878,10.8,85,2.1,23,0,False,Zone_C
2025-11-25 00:00:00,662.1029437977992,10.2,89,3.1,0,1,False,Zone_C
2025-11-25 01:00:00,678.5810595124495,9.9,90,3.8,1,1,False,Zone_C
2025-11-25 02:00:00,700.6338277294283,10.4,87,4.4,2,1,False,Zone_C
2025-11-25 03:00:00,740.1768951356974,12.7,76,4.4,3,1,False,Zone_C
2025-11-25 04:00:00,848.347882651479,15.9,64,3.1,4,1,False,Zone_C
2025-11-25 05:00:00,908.9272020895412,18.9,54,3.8,5,1,False,Zone_C
2025-11-25 06:00:00,939.2062400200307,21.5,48,5.4,6,1,False,Zone_C
2025-11-25 07:00:00,938.0550860675856,23.0,39,7.7,7,1,False,Zone_C
2025-11-25 08:00:00,932.2646236268517,23.5,37,8.5,8,1,False,Zone_C
2025-11-25 09:00:00,952.729866270312,23.6,34,8.8,9,1,False,Zone_C
2025-11-25 10:00:00,908.6758880826807,23.2,34,8.9,10,1,False,Zone_C
2025-11-25 11:00:00,850.7685724583448,22.2,37,8.2,11,1,False,Zone_C
2025-11-25 12:00:00,815.2004910077288,20.1,47,7.1,12,1,False,Zone_C
2025-11-25 13:00:00,788.8789693987237,19.1,50,7.2,13,1,False,Zone_C
2025-11-25 14:00:00,740.0865043331364,17.8,56,7.0,14,1,False,Zone_C
2025-11-25 15:00:00,662.0422781596027,16.5,62,6.3,15,1,False,Zone_C
2025-11-25 16:00:00,634.6586783621191,15.5,67,5.8,16,1,False,Zone_C
2025-11-25 17:00:00,638.4021157349246,14.6,70,5.3,17,1,False,Zone_C
2025-11-25 18:00:00,620.5081718518015,14.1,72,6.8,18,1,False,Zone_C
2025-11-25 19:00:00,624.164072412465,13.5,73,6.3,19,1,False,Zone_C
2025-11-25 20:00:00,612.9279062875898,12.9,75,6.1,20,1,False,Zone_C
2025-11-25 21:00:00,597.7645541148923,12.1,78,5.5,21,1,False,Zone_C
2025-11-25 22:00:00,623.048358985671,11.3,82,4.3,22,1,False,Zone_C
2025-11-25 23:00:00,642.6140450420734,10.9,84,2.3,23,1,False,Zone_C
2025-11-26 00:00:00,618.6839522934599,10.3,89,2.5,0,2,False,Zone_C
2025-11-26 01:00:00,669.9240537427739,10.0,90,2.3,1,2,False,Zone_C
2025-11-26 02:00:00,692.0052877911235,10.2,90,3.6,2,2,False,Zone_C
2025-11-26 03:00:00,742.6524248742494,12.3,80,3.6,3,2,False,Zone_C
2025-11-26 04:00:00,843.0553025313327,15.6,66,2.2,4,2,False,Zone_C
2025-11-26 05:00:00,858.7299381444614,18.6,55,1.7,5,2,False,Zone_C
2025-11-26 06:00:00,902.2397448058186,20.8,46,2.9,6,2,False,Zone_C
2025-11-26 07:00:00,930.8409852780145,22.3,39,3.6,7,2,False,Zone_C
2025-11-26 08:00:00,933.1703728438634,22.9,36,4.6,8,2,False,Zone_C
2025-11-26 09:00:00,909.0357223692931,23.1,34,4.9,9,2,False,Zone_C
2025-11-26 10:00:00,859.6325729522961,22.9,35,5.4,10,2,False,Zone_C
2025-11-26 11:00:00,840.5286413652852,22.0,39,5.7,11,2,False,Zone_C
2025-11-26 12:00:00,832.4991668452785,19.1,54,4.1,12,2,False,Zone_C
2025-11-26 13:00:00,736.4835524148355,18.1,58,4.1,13,2,False,Zone_C
2025-11-26 14:00:00,695.7350932118311,17.1,63,3.9,14,2,False,Zone_C
2025-11-26 15:00:00,678.0036551571077,16.4,63,4.2,15,2,False,Zone_C
2025-11-26 16:00:00,663.4174654033441,15.3,67,4.2,16,2,False,Zone_C
2025-11-26 17:00:00,595.9689076823836,14.6,69,2.2,17,2,False,Zone_C
2025-11-26 18:00:00,631.4346974114485,14.0,71,1.9,18,2,False,Zone_C
2025-11-26 19:00:00,568.3041350111318,13.0,75,1.3,19,2,False,Zone_C
2025-11-26 20:00:00,596.2664152312284,12.1,79,0.6,20,2,False,Zone_C
2025-11-26 21:00:00,595.5107129610842,11.2,82,1.0,21,2,False,Zone_C
2025-11-26 22:00:00,617.4741086990446,10.7,83,1.3,22,2,False,Zone_C
2025-11-26 23:00:00,631.7567201162441,10.2,84,1.8,23,2,False,Zone_C
2025-11-27 00:00:00,642.7850470425216,9.6,89,2.4,0,3,False,Zone_C
2025-11-27 01:00:00,666.9208520052354,9.7,89,2.4,1,3,False,Zone_C
2025-11-27 02:00:00,677.4696232565998,10.1,90,3.3,2,3,False,Zone_C
2025-11-27 03:00:00,767.0373966737731,12.6,78,3.8,3,3,False,Zone_C
2025-11-27 04:00:00,838.6357264492365,16.3,63,2.2,4,3,False,Zone_C
2025-11-27 05:00:00,886.6905938314292,19.4,50,2.5,5,3,False,Zone_C
2025-11-27 06:00:00,931.3007714200804,21.2,45,3.2,6,3,False,Zone_C
2025-11-27 07:00:00,970.451841028003,22.8,39,3.0,7,3,False,Zone_C
2025-11-27 08:00:00,897.836413755474,23.5,35,2.4,8,3,False,Zone_C
2025-11-27 09:00:00,926.933783536501,23.9,33,3.3,9,3,False,Zone_C
2025-11-27 10:00:00,877.7382255534757,23.6,34,4.4,10,3,False,Zone_C
2025-11-27 11:00:00,882.7084652016686,22.6,37,5.4,11,3,False,Zone_C
2025-11-27 12:00:00,804.0168228376712,20.0,51,5.6,12,3,False,Zone_C
2025-11-27 13:00:00,750.8742430421369,19.1,56,6.3,13,3,False,Zone_C
2025-11-27 14:00:00,698.7226208301335,17.7,63,4.8,14,3,False,Zone_C
2025-11-27 15:00:00,654.8291780611248,16.8,66,5.0,15,3,False,Zone_C
2025-11-27 16:00:00,628.3983024149893,15.6,71,4.8,16,3,False,Zone_C
2025-11-27 17:00:00,604.223339991744,14.9,75,5.2,17,3,False,Zone_C
2025-11-27 18:00:00,587.3037241154519,13.6,80,5.2,18,3,False,Zone_C
2025-11-27 19:00:00,621.1313082074513,12.8,84,4.9,19,3,False,Zone_C
2025-11-27 20:00:00,576.047377649368,12.3,86,5.0,20,3,False,Zone_C
2025-11-27 21:00:00,608.8400130889214,11.6,89,4.4,21,3,False,Zone_C
2025-11-27 22:00:00,617.0200300249919,11.1,91,4.6,22,3,False,Zone_C
2025-11-27 23:00:00,648.1089739887349,10.6,91,4.8,23,3,False,Zone_C
2025-11-28 00:00:00,610.0980420477654,10.3,91,3.7,0,4,False,Zone_C
2025-11-28 01:00:00,679.8918259032674,10.3,90,3.2,1,4,False,Zone_C
2025-11-28 02:00:00,689.9010095268775,10.6,88,4.4,2,4,False,Zone_C
2025-11-28 03:00:00,756.2872829446055,12.9,78,5.0,3,4,False,Zone_C
2025-11-28 04:00:00,861.3273429240197,16.1,67,3.3,4,4,False,Zone_C
2025-11-28 05:00:00,880.8709745412277,19.1,58,3.5,5,4,False,Zone_C
2025-11-28 06:00:00,884.2574511879911,21.6,48,4.1,6,4,False,Zone_C
2025-11-28 07:00:00,947.0469963983364,23.6,40,4.9,7,4,False,Zone_C
2025-11-28 08:00:00,987.7112353145757,24.5,37,6.4,8,4,False,Zone_C
2025-11-28 09:00:00,924.5857090799178,24.8,35,7.4,9,4,False,Zone_C
2025-11-28 10:00:00,918.2205498196806,24.4,35,8.2,10,4,False,Zone_C
2025-11-28 11:00:00,903.6841593368059,23.3,41,8.1,11,4,False,Zone_C
2025-11-28 12:00:00,820.5742766258816,20.4,56,5.1,12,4,False,Zone_C
2025-11-28 13:00:00,769.9746116927931,19.9,57,5.5,13,4,False,Zone_C
2025-11-28 14:00:00,729.6914677566671,18.7,61,6.0,14,4,False,Zone_C
2025-11-28 15:00:00,688.2585265571437,17.8,64,6.5,15,4,False,Zone_C
2025-11-28 16:00:00,637.9870286921572,17.0,66,6.6,16,4,False,Zone_C
2025-11-28 17:00:00,640.2091596295736,16.2,69,5.4,17,4,False,Zone_C
2025-11-28 18:00:00,618.1176655833422,15.1,75,5.6,18,4,False,Zone_C
2025-11-28 19:00:00,614.3534615056442,14.5,76,6.7,19,4,False,Zone_C
2025-11-28 20:00:00,587.4283200676266,14.1,77,6.6,20,4,False,Zone_C
2025-11-28 21:00:00,642.3743204805439,13.6,78,7.5,21,4,False,Zone_C
2025-11-28 22:00:00,642.0308900096271,13.2,77,7.9,22,4,False,Zone_C
2025-11-28 23:00:00,643.2933320392466,13.1,76,7.7,23,4,False,Zone_C
2025-11-29 00:00:00,705.8464242592318,12.6,79,7.8,0,5,True,Zone_C
2025-11-29 01:00:00,726.9139361811038,12.2,81,7.0,1,5,True,Zone_C
2025-11-29 02:00:00,748.2536142657552,12.4,81,6.9,2,5,True,Zone_C
2025-11-29 03:00:00,787.6023388440136,14.1,74,6.6,3,5,True,Zone_C
2025-11-29 04:00:00,808.6073471013264,16.7,64,4.9,4,5,True,Zone_C
2025-11-29 05:00:00,859.5983064861119,19.5,54,5.7,5,5,True,Zone_C
2025-11-29 06:00:00,964.7331357173155,22.2,47,6.3,6,5,True,Zone_C
2025-11-29 07:00:00,961.1115790996517,24.2,39,7.8,7,5,True,Zone_C
2025-11-29 08:00:00,963.7582445982655,25.1,35,9.1,8,5,True,Zone_C
2025-11-29 09:00:00,927.6886850736124,25.2,34,10.4,9,5,True,Zone_C
2025-11-29 10:00:00,911.5691725296934,24.9,34,10.3,10,5,True,Zone_C
2025-11-29 11:00:00,874.4066676649419,23.8,37,9.0,11,5,True,Zone_C
2025-11-29 12:00:00,830.0679781470484,21.6,46,6.7,12,5,True,Zone_C
2025-11-29 13:00:00,727.3637552415677,20.3,49,7.5,13,5,True,Zone_C
2025-11-29 14:00:00,743.88601570184,19.0,52,7.6,14,5,True,Zone_C
2025-11-29 15:00:00,691.3847023829661,17.9,54,8.5,15,5,True,Zone_C
2025-11-29 16:00:00,650.8658375245955,17.0,56,7.7,16,5,True,Zone_C
2025-11-29 17:00:00,645.0107414939275,16.1,58,8.1,17,5,True,Zone_C
2025-11-29 18:00:00,599.7872219193533,15.2,61,9.2,18,5,True,Zone_C
2025-11-29 19:00:00,578.4647678026037,14.4,62,9.3,19,5,True,Zone_C
2025-11-29 20:00:00,593.7791482931758,13.6,61,9.2,20,5,True,Zone_C
2025-11-29 21:00:00,628.22139587779,12.9,61,8.0,21,5,True,Zone_C
2025-11-29 22:00:00,627.3337159675109,12.4,62,6.2,22,5,True,Zone_C
2025-11-29 23:00:00,621.2354716304199,11.6,65,5.0,23,5,True,Zone_C
2025-11-30 00:00:00,671.1478558034972,11.1,74,5.8,0,6,True,Zone_C
2025-11-30 01:00:00,668.318397452787,10.5,77,5.2,1,6,True,Zone_C
2025-11-30 02:00:00,725.8937292698308,10.5,78,6.8,2,6,True,Zone_C
2025-11-30 03:00:00,731.2153167955192,12.1,72,7.0,3,6,True,Zone_C
2025-11-30 04:00:00,822.1797921125252,14.9,62,5.5,4,6,True,Zone_C
2025-11-30 05:00:00,895.8267428992046,17.7,53,6.3,5,6,True,Zone_C
2025-11-30 06:00:00,885.8503629028331,20.5,44,7.8,6,6,True,Zone_C
2025-11-30 07:00:00,935.3102522201353,22.3,37,9.0,7,6,True,Zone_C
2025-11-30 08:00:00,945.826180386724,23.1,34,11.3,8,6,True,Zone_C
2025-11-30 09:00:00,973.017991728259,23.3,32,12.9,9,6,True,Zone_C
2025-11-30 10:00:00,912.4275490561616,23.0,31,12.8,10,6,True,Zone_C
2025-11-30 11:00:00,850.8063429746338,21.9,35,10.1,11,6,True,Zone_C
2025-11-30 12:00:00,802.62843893346,19.7,43,8.1,12,6,True,Zone_C
2025-11-30 13:00:00,741.2193803139278,18.1,48,7.1,13,6,True,Zone_C
2025-11-30 14:00:00,680.7567393641455,16.7,52,5.8,14,6,True,Zone_C
2025-11-30 15:00:00,658.9674040652706,15.8,53,6.1,15,6,True,Zone_C
2025-11-30 16:00:00,648.4196874498842,15.2,51,6.9,16,6,True,Zone_C
2025-11-30 17:00:00,654.418848516768,14.6,49,6.8,17,6,True,Zone_C
2025-11-30 18:00:00,621.9311991432377,13.8,51,7.4,18,6,True,Zone_C
2025-11-30 19:00:00,573.2981115417704,12.4,56,6.7,19,6,True,Zone_C
2025-11-30 20:00:00,623.1665955233599,11.5,60,6.1,20,6,True,Zone_C
2025-11-30 21:00:00,627.3290354925575,10.7,65,5.7,21,6,True,Zone_C
2025-11-30 22:00:00,598.1615576308202,9.9,70,5.0,22,6,True,Zone_C
2025-11-30 23:00:00,614.9634075698838,9.5,72,5.1,23,6,True,Zone_C
2025-12-01 00:00:00,618.798712744221,9.2,80,1.2,0,0,False,Zone_C
2025-12-01 01:00:00,694.0968023681886,8.6,83,0.5,1,0,False,Zone_C
2025-12-01 02:00:00,677.4956183182136,8.3,85,1.6,2,0,False,Zone_C
2025-12-01 03:00:00,705.4420386480538,10.6,74,3.9,3,0,False,Zone_C
2025-12-01 04:00:00,796.9544887443844,13.9,60,1.7,4,0,False,Zone_C
2025-12-01 05:00:00,861.3461890349311,17.0,49,1.9,5,0,False,Zone_C
2025-12-01 06:00:00,915.815114967969,20.4,38,2.7,6,0,False,Zone_C
2025-12-01 07:00:00,937.796997984378,22.4,31,3.6,7,0,False,Zone_C
2025-12-01 08:00:00,939.0407177260593,23.3,29,4.7,8,0,False,Zone_C
2025-12-01 09:00:00,919.7334549598792,23.5,30,5.5,9,0,False,Zone_C
2025-12-01 10:00:00,905.7788315531334,23.1,32,5.5,10,0,False,Zone_C
2025-12-01 11:00:00,852.9428180102728,22.1,36,5.2,11,0,False,Zone_C
2025-12-01 12:00:00,799.7632164995207,19.0,48,4.7,12,0,False,Zone_C
2025-12-01 13:00:00,705.3817180744575,18.2,51,4.4,13,0,False,Zone_C
2025-12-01 14:00:00,707.9424217294927,17.2,54,4.5,14,0,False,Zone_C
2025-12-01 15:00:00,687.1379923388571,16.5,57,4.6,15,0,False,Zone_C
2025-12-01 16:00:00,648.8841096425799,15.8,61,4.5,16,0,False,Zone_C
2025-12-01 17:00:00,605.650147508053,15.1,64,4.2,17,0,False,Zone_C
2025-12-01 18:00:00,632.3411298995146,15.1,64,2.6,18,0,False,Zone_C
2025-12-01 19:00:00,611.0723523640402,14.3,67,2.7,19,0,False,Zone_C
2025-12-01 20:00:00,630.6386080684022,13.6,69,4.6,20,0,False,Zone_C
2025-12-01 21:00:00,622.3192544088522,13.2,69,7.0,21,0,False,Zone_C
2025-12-01 22:00:00,646.7778068543906,12.8,69,6.2,22,0,False,Zone_C
2025-12-01 23:00:00,656.1456888054488,12.4,70,5.6,23,0,False,Zone_C
2025-12-02 00:00:00,679.999226049479,12.2,74,3.6,0,1,False,Zone_C
2025-12-02 01:00:00,652.8878415019369,11.8,77,4.6,1,1,False,Zone_C
2025-12-02 02:00:00,746.3037234666209,11.9,76,3.8,2,1,False,Zone_C
2025-12-02 03:00:00,797.4332138830122,14.3,67,4.0,3,1,False,Zone_C
2025-12-02 04:00:00,863.8902891403505,17.2,55,1.5,4,1,False,Zone_C
2025-12-02 05:00:00,872.3744064544553,20.1,44,1.5,5,1,False,Zone_C
2025-12-02 06:00:00,948.2137796359675,22.4,44,3.1,6,1,False,Zone_C
2025-12-02 07:00:00,963.8704756931716,23.9,45,2.7,7,1,False,Zone_C
2025-12-02 08:00:00,935.8360616673691,24.5,45,3.0,8,1,False,Zone_C
2025-12-02 09:00:00,943.6032839515403,24.6,45,4.6,9,1,False,Zone_C
2025-12-02 10:00:00,880.4037649218686,24.2,46,6.6,10,1,False,Zone_C
2025-12-02 11:00:00,882.560972075104,23.0,51,8.8,11,1,False,Zone_C
2025-12-02 12:00:00,803.4957128880361,20.6,54,9.1,12,1,False,Zone_C
2025-12-02 13:00:00,755.5199625659693,19.4,54,8.6,13,1,False,Zone_C
2025-12-02 14:00:00,717.0305432842142,18.3,54,7.9,14,1,False,Zone_C
2025-12-02 15:00:00,698.0005566548973,17.5,54,5.8,15,1,False,Zone_C
2025-12-02 16:00:00,666.8215580037672,16.2,59,6.0,16,1,False,Zone_C
2025-12-02 17:00:00,615.2467565250953,14.8,65,4.9,17,1,False,Zone_C
2025-12-02 18:00:00,581.0751866423461,13.8,69,6.0,18,1,False,Zone_C
2025-12-02 19:00:00,618.5219133330345,12.9,69,7.5,19,1,False,Zone_C
2025-12-02 20:00:00,597.709750251863,12.1,66,7.3,20,1,False,Zone_C
2025-12-02 21:00:00,568.3061613455687,11.4,68,6.8,21,1,False,Zone_C
2025-12-02 22:00:00,596.4444889728901,10.6,71,6.8,22,1,False,Zone_C
2025-12-02 23:00:00,638.3503716578,10.1,75,5.7,23,1,False,Zone_C
2025-12-03 00:00:00,662.3073757858066,9.6,82,5.6,0,2,False,Zone_C
2025-12-03 01:00:00,665.965196921016,9.1,84,4.7,1,2,False,Zone_C
2025-12-03 02:00:00,692.2467663307433,9.1,84,4.3,2,2,False,Zone_C
2025-12-03 03:00:00,775.8684560459336,11.0,75,4.9,3,2,False,Zone_C
2025-12-03 04:00:00,824.7813009929756,14.0,66,3.2,4,2,False,Zone_C
2025-12-03 05:00:00,832.7800600998722,17.1,56,4.5,5,2,False,Zone_C
2025-12-03 06:00:00,904.7431351635439,19.9,46,7.7,6,2,False,Zone_C
2025-12-03 07:00:00,912.9814980452069,21.3,40,8.7,7,2,False,Zone_C
2025-12-03 08:00:00,917.905349785936,22.0,36,9.4,8,2,False,Zone_C
2025-12-03 09:00:00,903.2644254274998,22.2,35,10.1,9,2,False,Zone_C
2025-12-03 10:00:00,858.8301554239764,21.9,35,10.3,10,2,False,Zone_C
2025-12-03 11:00:00,856.2674439428567,20.8,39,8.3,11,2,False,Zone_C
2025-12-03 12:00:00,819.5118164228568,19.0,46,7.3,12,2,False,Zone_C
2025-12-03 13:00:00,737.7081340680039,17.9,50,8.5,13,2,False,Zone_C
2025-12-03 14:00:00,687.7770089959232,16.5,54,8.9,14,2,False,Zone_C
2025-12-03 15:00:00,658.8091680737721,15.4,56,8.1,15,2,False,Zone_C
2025-12-03 16:00:00,652.3443571591993,14.6,59,7.7,16,2,False,Zone_C
2025-12-03 17:00:00,590.4492536133674,13.8,62,8.1,17,2,False,Zone_C
2025-12-03 18:00:00,586.6511451244817,12.6,68,8.9,18,2,False,Zone_C
2025-12-03 19:00:00,567.8939309578661,11.6,71,7.5,19,2,False,Zone_C
2025-12-03 20:00:00,556.7659632963067,10.9,72,7.0,20,2,False,Zone_C
2025-12-03 21:00:00,582.0516117199047,10.5,73,7.5,21,2,False,Zone_C
2025-12-03 22:00:00,620.8200582810084,10.1,75,7.4,22,2,False,Zone_C
2025-12-03 23:00:00,555.0042164417172,9.6,77,7.2,23,2,False,Zone_C
2025-12-04 00:00:00,627.1881907516035,9.1,79,8.2,0,3,False,Zone_C
2025-12-04 01:00:00,612.5515359958819,8.6,81,7.2,1,3,False,Zone_C
2025-12-04 02:00:00,690.4620103005,8.6,81,8.0,2,3,False,Zone_C
2025-12-04 03:00:00,727.6758402916128,10.2,74,8.4,3,3,False,Zone_C
2025-12-04 04:00:00,789.417850784501,13.1,64,5.2,4,3,False,Zone_C
2025-12-04 05:00:00,831.0115019415739,15.9,56,5.7,5,3,False,Zone_C
2025-12-04 06:00:00,895.7934043516852,18.9,49,9.2,6,3,False,Zone_C
2025-12-04 07:00:00,890.4543766617805,20.5,42,10.5,7,3,False,Zone_C
2025-12-04 08:00:00,965.3676891854697,21.3,38,11.0,8,3,False,Zone_C
2025-12-04 09:00:00,914.1905370151032,21.5,35,10.7,9,3,False,Zone_C
2025-12-04 10:00:00,869.77273696913,21.2,35,10.6,10,3,False,Zone_C
2025-12-04 11:00:00,787.3685777948052,20.1,38,9.4,11,3,False,Zone_C
2025-12-04 12:00:00,796.250630483944,17.6,48,5.3,12,3,False,Zone_C
2025-12-04 13:00:00,723.4074174366106,16.6,52,5.5,13,3,False,Zone_C
2025-12-04 14:00:00,630.5411244009427,15.2,57,5.6,14,3,False,Zone_C
2025-12-04 15:00:00,610.1005490457959,14.4,59,6.5,15,3,False,Zone_C
2025-12-04 16:00:00,662.3305176117369,13.5,62,5.7,16,3,False,Zone_C
2025-12-04 17:00:00,611.0577565943247,12.6,64,5.6,17,3,False,Zone_C
2025-12-04 18:00:00,579.4355961718588,11.8,67,5.8,18,3,False,Zone_C
2025-12-04 19:00:00,535.2927499810254,11.1,67,6.1,19,3,False,Zone_C
2025-12-04 20:00:00,586.8188559140604,10.6,67,6.1,20,3,False,Zone_C
2025-12-04 21:00:00,596.8605562326862,9.8,70,5.5,21,3,False,Zone_C
2025-12-04 22:00:00,579.1887358377944,9.1,73,3.0,22,3,False,Zone_C
2025-12-04 23:00:00,623.5317592275412,8.3,77,2.5,23,3,False,Zone_C
2025-12-05 00:00:00,579.4306676112359,7.3,87,3.8,0,4,False,Zone_C
2025-12-05 01:00:00,627.8510160768129,7.0,89,4.1,1,4,False,Zone_C
2025-12-05 02:00:00,629.3655474774162,7.2,88,3.7,2,4,False,Zone_C
2025-12-05 03:00:00,699.6673550850631,9.4,77,4.4,3,4,False,Zone_C
2025-12-05 04:00:00,764.6891678750815,12.8,62,2.7,4,4,False,Zone_C
2025-12-05 05:00:00,841.4822990148133,16.0,51,3.5,5,4,False,Zone_C
2025-12-05 06:00:00,864.1925570047345,18.9,44,4.4,6,4,False,Zone_C
2025-12-05 07:00:00,932.9014460664448,20.5,37,5.2,7,4,False,Zone_C
2025-12-05 08:00:00,910.0520687771532,21.2,36,5.2,8,4,False,Zone_C
2025-12-05 09:00:00,888.1867119256683,21.5,36,5.7,9,4,False,Zone_C
2025-12-05 10:00:00,855.5244670647485,21.2,38,6.5,10,4,False,Zone_C
2025-12-05 11:00:00,824.1881172900003,20.3,42,7.3,11,4,False,Zone_C
2025-12-05 12:00:00,781.20127933245,18.2,51,6.1,12,4,False,Zone_C
2025-12-05 13:00:00,728.6333066412527,16.8,57,5.0,13,4,False,Zone_C
2025-12-05 14:00:00,632.7498303112812,15.6,62,6.6,14,4,False,Zone_C
2025-12-05 15:00:00,630.7187923643141,14.7,65,7.1,15,4,False,Zone_C
2025-12-05 16:00:00,641.7276222470721,14.1,65,7.7,16,4,False,Zone_C
2025-12-05 17:00:00,603.9267408996857,13.4,66,7.3,17,4,False,Zone_C
2025-12-05 18:00:00,559.641169553136,12.7,68,8.4,18,4,False,Zone_C
2025-12-05 19:00:00,621.2460766955927,11.9,68,7.8,19,4,False,Zone_C
2025-12-05 20:00:00,585.0794421431635,11.2,70,6.8,20,4,False,Zone_C
2025-12-05 21:00:00,610.0820885270864,10.6,72,6.9,21,4,False,Zone_C
2025-12-05 22:00:00,601.1444300301367,10.1,74,8.2,22,4,False,Zone_C
2025-12-05 23:00:00,622.9299981619821,9.9,75,9.1,23,4,False,Zone_C
2025-12-06 00:00:00,642.2584494345374,9.8,79,9.6,0,5,True,Zone_C
2025-12-06 01:00:00,645.4400251943764,9.5,80,9.1,1,5,True,Zone_C
2025-12-06 02:00:00,730.6311600232257,9.6,79,10.1,2,5,True,Zone_C
2025-12-06 03:00:00,772.6964025414935,11.2,72,10.7,3,5,True,Zone_C
2025-12-06 04:00:00,782.1331694447894,13.9,62,7.8,4,5,True,Zone_C
2025-12-06 05:00:00,821.8942682678598,16.6,53,8.3,5,5,True,Zone_C
2025-12-06 06:00:00,866.6690543894293,19.6,45,9.4,6,5,True,Zone_C
2025-12-06 07:00:00,915.8680023198789,21.7,38,10.0,7,5,True,Zone_C
2025-12-06 08:00:00,927.7599754283315,22.8,35,11.3,8,5,True,Zone_C
2025-12-06 09:00:00,883.5518065627919,23.2,35,11.9,9,5,True,Zone_C
2025-12-06 10:00:00,882.7702250780577,22.9,36,12.6,10,5,True,Zone_C
2025-12-06 11:00:00,881.7753303593938,21.5,41,11.0,11,5,True,Zone_C
2025-12-06 12:00:00,758.04102822314,19.4,48,11.7,12,5,True,Zone_C
2025-12-06 13:00:00,729.6988419788935,18.2,47,11.7,13,5,True,Zone_C
2025-12-06 14:00:00,695.8638250646607,17.2,49,10.9,14,5,True,Zone_C
2025-12-06 15:00:00,678.0121555831139,16.5,51,10.2,15,5,True,Zone_C
2025-12-06 16:00:00,674.3320045498511,15.5,54,10.0,16,5,True,Zone_C
2025-12-06 17:00:00,607.8760639856598,15.0,56,10.2,17,5,True,Zone_C
2025-12-06 18:00:00,597.0358038702618,14.3,60,10.2,18,5,True,Zone_C
2025-12-06 19:00:00,656.2992270619964,13.4,63,9.6,19,5,True,Zone_C
2025-12-06 20:00:00,642.2228247124004,12.8,66,8.5,20,5,True,Zone_C
2025-12-06 21:00:00,633.7130788092995,12.2,68,8.3,21,5,True,Zone_C
2025-12-06 22:00:00,624.8777420931312,11.8,71,9.0,22,5,True,Zone_C
2025-12-06 23:00:00,626.2813482814438,11.2,74,9.1,23,5,True,Zone_C
2025-12-07 00:00:00,664.1264934694758,10.4,79,8.9,0,6,True,Zone_C
2025-12-07 01:00:00,661.0011766356685,9.9,82,7.8,1,6,True,Zone_C
2025-12-07 02:00:00,709.2003345512251,9.9,82,8.6,2,6,True,Zone_C
2025-12-07 03:00:00,733.3602355197706,11.4,76,8.8,3,6,True,Zone_C
2025-12-07 04:00:00,801.9771171566457,14.1,66,6.7,4,6,True,Zone_C
2025-12-07 05:00:00,808.4012565525005,17.0,57,7.1,5,6,True,Zone_C
2025-12-07 06:00:00,896.434968875194,19.9,49,7.8,6,6,True,Zone_C
2025-12-07 07:00:00,920.9906685611664,22.1,43,8.8,7,6,True,Zone_C
2025-12-07 08:00:00,963.6765110468526,23.2,40,9.3,8,6,True,Zone_C
2025-12-07 09:00:00,907.235209723463,23.6,39,9.7,9,6,True,Zone_C
2025-12-07 10:00:00,919.5993445240466,23.2,41,10.6,10,6,True,Zone_C
2025-12-07 11:00:00,856.8896239007651,22.1,47,8.8,11,6,True,Zone_C
2025-12-07 12:00:00,807.6564928175717,20.1,55,8.3,12,6,True,Zone_C
2025-12-07 13:00:00,764.4401800963016,19.0,59,9.4,13,6,True,Zone_C
2025-12-07 14:00:00,698.3369434548445,17.9,62,10.2,14,6,True,Zone_C
2025-12-07 15:00:00,695.4284493044277,16.9,63,9.2,15,6,True,Zone_C
2025-12-07 16:00:00,626.6424735460598,16.1,65,8.2,16,6,True,Zone_C
2025-12-07 17:00:00,621.0010555872997,15.4,67,7.5,17,6,True,Zone_C
2025-12-07 18:00:00,652.4051786226745,14.6,69,8.7,18,6,True,Zone_C
2025-12-07 19:00:00,625.9098226593326,13.9,69,8.9,19,6,True,Zone_C
2025-12-07 20:00:00,628.7016144307955,13.8,68,9.4,20,6,True,Zone_C
2025-12-07 21:00:00,649.1150807329616,13.4,67,9.2,21,6,True,Zone_C
2025-12-07 22:00:00,624.6307816655183,12.9,69,9.3,22,6,True,Zone_C
2025-12-07 23:00:00,669.3692654360667,12.5,71,9.3,23,6,True,Zone_C
2025-12-08 00:00:00,657.3942779120465,11.7,76,9.7,0,0,False,Zone_C
2025-12-08 01:00:00,697.7102036007312,11.1,80,8.3,1,0,False,Zone_C
2025-12-08 02:00:00,764.3021748824614,10.9,81,8.1,2,0,False,Zone_C
2025-12-08 03:00:00,777.2726568260313,12.4,75,8.4,3,0,False,Zone_C
2025-12-08 04:00:00,772.1889090543691,15.1,66,5.9,4,0,False,Zone_C
2025-12-08 05:00:00,852.9478827337879,18.1,57,6.9,5,0,False,Zone_C
2025-12-08 06:00:00,935.2007008448024,21.0,49,7.9,6,0,False,Zone_C
2025-12-08 07:00:00,962.7477582298194,23.3,42,8.7,7,0,False,Zone_C
2025-12-08 08:00:00,977.855163113068,24.4,37,9.8,8,0,False,Zone_C
2025-12-08 09:00:00,944.1175684621737,24.6,35,11.4,9,0,False,Zone_C
2025-12-08 10:00:00,914.9212002340812,24.2,35,12.2,10,0,False,Zone_C
2025-12-08 11:00:00,883.1882770223883,22.9,40,10.0,11,0,False,Zone_C
2025-12-08 12:00:00,808.7346327705158,20.5,50,9.5,12,0,False,Zone_C
2025-12-08 13:00:00,744.4142158167939,19.0,55,9.9,13,0,False,Zone_C
2025-12-08 14:00:00,692.5688796283602,17.9,57,9.5,14,0,False,Zone_C
2025-12-08 15:00:00,636.3436483772923,16.9,59,10.1,15,0,False,Zone_C
2025-12-08 16:00:00,658.870136529537,15.9,59,10.9,16,0,False,Zone_C
2025-12-08 17:00:00,639.3382527807847,15.3,57,10.5,17,0,False,Zone_C
2025-12-08 18:00:00,607.838402393189,14.6,60,11.0,18,0,False,Zone_C
2025-12-08 19:00:00,607.6816823197413,13.9,62,10.6,19,0,False,Zone_C
2025-12-08 20:00:00,602.2419092535558,13.1,65,10.0,20,0,False,Zone_C
2025-12-08 21:00:00,610.3196644103203,12.6,69,10.4,21,0,False,Zone_C
2025-12-08 22:00:00,626.4748515272727,12.1,72,10.6,22,0,False,Zone_C
2025-12-08 23:00:00,620.9980892445571,11.9,73,10.7,23,0,False,Zone_C
2025-12-09 00:00:00,661.844704929997,11.4,76,11.4,0,1,False,Zone_C
2025-12-09 01:00:00,719.8345042950817,10.9,78,10.1,1,1,False,Zone_C
2025-12-09 02:00:00,708.6910165124119,10.7,79,10.8,2,1,False,Zone_C
2025-12-09 03:00:00,770.662508720288,12.2,72,11.2,3,1,False,Zone_C
2025-12-09 04:00:00,825.7787874888799,14.9,63,7.3,4,1,False,Zone_C
2025-12-09 05:00:00,848.673593832597,17.6,55,7.4,5,1,False,Zone_C
2025-12-09 06:00:00,885.9235246041361,20.5,49,9.0,6,1,False,Zone_C
2025-12-09 07:00:00,936.4303651145947,22.5,42,10.4,7,1,False,Zone_C
2025-12-09 08:00:00,937.362234278177,23.6,38,10.9,8,1,False,Zone_C
2025-12-09 09:00:00,905.8218842105165,24.0,37,11.2,9,1,False,Zone_C
2025-12-09 10:00:00,910.6514178298671,23.7,37,11.9,10,1,False,Zone_C
2025-12-09 11:00:00,845.3839684990164,22.5,41,9.7,11,1,False,Zone_C
2025-12-09 12:00:00,809.1883026959856,20.2,52,8.8,12,1,False,Zone_C
2025-12-09 13:00:00,763.8299212170493,19.0,56,9.1,13,1,False,Zone_C
2025-12-09 14:00:00,716.3908449411394,18.0,59,8.7,14,1,False,Zone_C
2025-12-09 15:00:00,697.4709103082497,17.2,60,9.1,15,1,False,Zone_C
2025-12-09 16:00:00,654.4625424099885,16.5,62,9.6,16,1,False,Zone_C
2025-12-09 17:00:00,622.02009997807,15.8,64,9.6,17,1,False,Zone_C
2025-12-09 18:00:00,625.0660427957903,14.9,66,10.5,18,1,False,Zone_C
2025-12-09 19:00:00,618.8233675557603,13.9,69,10.1,19,1,False,Zone_C
2025-12-09 20:00:00,609.3355085688842,13.4,71,10.2,20,1,False,Zone_C
2025-12-09 21:00:00,600.8933162207635,13.0,72,9.8,21,1,False,Zone_C
2025-12-09 22:00:00,628.0276517721909,12.5,74,9.3,22,1,False,Zone_C
2025-12-09 23:00:00,635.9594718180443,11.9,77,9.2,23,1,False,Zone_C
2025-12-10 00:00:00,643.0422741324467,11.5,77,8.8,0,2,False,Zone_C
2025-12-10 01:00:00,714.2668832180223,10.9,80,8.7,1,2,False,Zone_C
2025-12-10 02:00:00,696.6972392679199,10.6,82,8.8,2,2,False,Zone_C
2025-12-10 03:00:00,767.735820328845,11.9,76,8.5,3,2,False,Zone_C
2025-12-10 04:00:00,779.1939722168786,14.5,66,4.9,4,2,False,Zone_C
2025-12-10 05:00:00,816.0966971359686,17.4,57,4.9,5,2,False,Zone_C
2025-12-10 06:00:00,899.7662833394943,20.1,49,5.4,6,2,False,Zone_C
2025-12-10 07:00:00,920.8931689084924,22.1,44,6.6,7,2,False,Zone_C
2025-12-10 08:00:00,955.9957650445219,23.1,41,6.8,8,2,False,Zone_C
2025-12-10 09:00:00,875.6936801793936,23.5,41,7.7,9,2,False,Zone_C
2025-12-10 10:00:00,884.6378290995312,23.2,43,8.3,10,2,False,Zone_C
2025-12-10 11:00:00,871.9888260825525,22.5,46,6.7,11,2,False,Zone_C
2025-12-10 12:00:00,794.9720959620778,19.9,57,5.6,12,2,False,Zone_C
2025-12-10 13:00:00,750.0133821072599,19.2,59,6.8,13,2,False,Zone_C
2025-12-10 14:00:00,703.6864510812607,17.9,63,5.6,14,2,False,Zone_C
2025-12-10 15:00:00,702.2147765999424,16.9,65,5.7,15,2,False,Zone_C
2025-12-10 16:00:00,677.2325424703228,16.1,66,5.5,16,2,False,Zone_C
2025-12-10 17:00:00,630.4788391215527,15.4,67,5.6,17,2,False,Zone_C
2025-12-10 18:00:00,631.5891086945852,15.0,66,6.2,18,2,False,Zone_C
2025-12-10 19:00:00,586.8478450271856,13.7,71,6.3,19,2,False,Zone_C
2025-12-10 20:00:00,612.1998268285637,12.9,75,5.6,20,2,False,Zone_C
2025-12-10 21:00:00,636.9634154742106,11.9,80,5.1,21,2,False,Zone_C
2025-12-10 22:00:00,591.932220243521,11.1,84,3.7,22,2,False,Zone_C
2025-12-10 23:00:00,624.3492645059157,10.4,87,4.0,23,2,False,Zone_C
2025-12-11 00:00:00,690.7778867166527,9.9,90,5.8,0,3,False,Zone_C
2025-12-11 01:00:00,634.4974330609307,9.4,91,4.8,1,3,False,Zone_C
2025-12-11 02:00:00,700.7041997225431,9.4,91,5.0,2,3,False,Zone_C
2025-12-11 03:00:00,731.7387396519215,11.1,82,5.2,3,3,False,Zone_C
2025-12-11 04:00:00,783.2309760695537,14.2,69,2.0,4,3,False,Zone_C
2025-12-11 05:00:00,876.7263187114324,17.5,57,2.6,5,3,False,Zone_C
2025-12-11 06:00:00,881.8676847196001,20.8,49,4.3,6,3,False,Zone_C
2025-12-11 07:00:00,960.9005015921989,22.8,44,6.5,7,3,False,Zone_C
2025-12-11 08:00:00,958.5735403579911,23.7,41,8.8,8,3,False,Zone_C
2025-12-11 09:00:00,900.6113988388335,24.0,39,10.0,9,3,False,Zone_C
2025-12-11 10:00:00,901.1717914881791,23.7,40,9.6,10,3,False,Zone_C
2025-12-11 11:00:00,890.167822881312,22.7,43,8.1,11,3,False,Zone_C
2025-12-11 12:00:00,807.5633083118631,20.1,56,5.5,12,3,False,Zone_C
2025-12-11 13:00:00,759.8611784808985,19.0,61,5.2,13,3,False,Zone_C
2025-12-11 14:00:00,740.3567692651383,17.5,67,5.0,14,3,False,Zone_C
2025-12-11 15:00:00,693.1333383831994,16.4,72,5.0,15,3,False,Zone_C
2025-12-11 16:00:00,655.4009500196014,15.4,75,4.6,16,3,False,Zone_C
2025-12-11 17:00:00,628.3124951376985,14.9,75,3.2,17,3,False,Zone_C
2025-12-11 18:00:00,601.9316669693366,13.9,80,3.1,18,3,False,Zone_C
2025-12-11 19:00:00,587.269461695639,12.5,84,3.4,19,3,False,Zone_C
2025-12-11 20:00:00,588.9385520562528,11.7,87,5.2,20,3,False,Zone_C
2025-12-11 21:00:00,614.9653551075079,11.3,87,5.1,21,3,False,Zone_C
2025-12-11 22:00:00,611.6265220171298,10.8,87,4.1,22,3,False,Zone_C
2025-12-11 23:00:00,662.2025829738097,10.4,88,2.7,23,3,False,Zone_C
2025-12-12 00:00:00,625.1365848482093,9.3,93,4.4,0,4,False,Zone_C
2025-12-12 01:00:00,658.5283812634236,9.0,93,2.5,1,4,False,Zone_C
2025-12-12 02:00:00,714.1361023085894,8.9,94,3.1,2,4,False,Zone_C
2025-12-12 03:00:00,716.79668226349,10.9,86,4.6,3,4,False,Zone_C
2025-12-12 04:00:00,789.7807609500533,14.1,74,3.1,4,4,False,Zone_C
2025-12-12 05:00:00,829.3043746127431,17.2,62,3.1,5,4,False,Zone_C
2025-12-12 06:00:00,879.9485411526482,20.0,54,3.0,6,4,False,Zone_C
2025-12-12 07:00:00,921.0016293155044,22.0,46,2.3,7,4,False,Zone_C
2025-12-12 08:00:00,939.2346676105118,23.0,42,2.4,8,4,False,Zone_C
2025-12-12 09:00:00,920.790079737198,23.4,41,3.0,9,4,False,Zone_C
2025-12-12 10:00:00,896.0158541474224,23.1,42,3.6,10,4,False,Zone_C
2025-12-12 11:00:00,856.1979961260935,22.0,51,4.2,11,4,False,Zone_C
2025-12-12 12:00:00,766.3025166275611,19.1,64,4.3,12,4,False,Zone_C
2025-12-12 13:00:00,763.318668418884,18.2,68,3.7,13,4,False,Zone_C
2025-12-12 14:00:00,706.0988735726211,17.3,72,2.7,14,4,False,Zone_C
2025-12-12 15:00:00,671.2994886961336,16.1,77,3.5,15,4,False,Zone_C
2025-12-12 16:00:00,596.7964802108255,15.2,81,3.6,16,4,False,Zone_C
2025-12-12 17:00:00,616.2289149953147,14.6,83,3.2,17,4,False,Zone_C
2025-12-12 18:00:00,606.7166257512284,14.1,85,2.7,18,4,False,Zone_C
2025-12-12 19:00:00,594.7819506998778,13.3,87,3.5,19,4,False,Zone_C
2025-12-12 20:00:00,565.080484040711,12.9,88,5.0,20,4,False,Zone_C
2025-12-12 21:00:00,629.0693983596212,12.6,88,2.9,21,4,False,Zone_C
2025-12-12 22:00:00,648.5659776469902,11.9,90,3.2,22,4,False,Zone_C
2025-12-12 23:00:00,626.910705920065,11.2,92,1.9,23,4,False,Zone_C
2025-12-13 00:00:00,645.7393880380856,10.9,92,1.3,0,5,True,Zone_C
2025-12-13 01:00:00,653.2545722055195,10.3,94,0.4,1,5,True,Zone_C
2025-12-13 02:00:00,672.4567597853412,10.1,97,0.2,2,5,True,Zone_C
2025-12-13 03:00:00,738.6956549650065,11.4,93,3.1,3,5,True,Zone_C
2025-12-13 04:00:00,837.4253142033494,15.1,77,1.8,4,5,True,Zone_C
2025-12-13 05:00:00,859.2338415720662,18.5,62,2.0,5,5,True,Zone_C
2025-12-13 06:00:00,900.1987878429223,21.0,53,2.7,6,5,True,Zone_C
2025-12-13 07:00:00,944.8591769787973,22.9,45,1.5,7,5,True,Zone_C
2025-12-13 08:00:00,943.6196318002926,23.8,41,0.8,8,5,True,Zone_C
2025-12-13 09:00:00,969.03110439377,24.0,40,1.8,9,5,True,Zone_C
2025-12-13 10:00:00,895.1294682280324,23.8,41,3.2,10,5,True,Zone_C
2025-12-13 11:00:00,891.2559751761648,22.6,49,6.1,11,5,True,Zone_C
2025-12-13 12:00:00,784.4221087679609,19.8,61,4.9,12,5,True,Zone_C
2025-12-13 13:00:00,744.2863784255911,19.0,65,5.5,13,5,True,Zone_C
2025-12-13 14:00:00,721.6937312699303,18.1,69,4.8,14,5,True,Zone_C
2025-12-13 15:00:00,735.4415148665722,17.4,74,4.6,15,5,True,Zone_C
2025-12-13 16:00:00,644.1897491789069,16.6,78,4.2,16,5,True,Zone_C
2025-12-13 17:00:00,574.4640081918936,16.1,81,4.4,17,5,True,Zone_C
2025-12-13 18:00:00,632.1653398403072,15.9,80,3.1,18,5,True,Zone_C
2025-12-13 19:00:00,617.8572555548735,15.1,84,3.8,19,5,True,Zone_C
2025-12-13 20:00:00,659.9841282637789,14.2,87,3.9,20,5,True,Zone_C
2025-12-13 21:00:00,658.4537147107023,13.4,90,2.8,21,5,True,Zone_C
2025-12-13 22:00:00,635.1437534403517,12.7,93,1.5,22,5,True,Zone_C
2025-12-13 23:00:00,664.4984663084471,12.2,95,0.9,23,5,True,Zone_C
2025-12-14 00:00:00,679.9431145782454,12.1,92,1.5,0,6,True,Zone_C
2025-12-14 01:00:00,715.9959021509933,11.7,93,2.5,1,6,True,Zone_C
2025-12-14 02:00:00,695.4903714535429,11.5,94,2.7,2,6,True,Zone_C
2025-12-14 03:00:00,774.376629410034,13.1,89,3.1,3,6,True,Zone_C
2025-12-14 04:00:00,859.5852671813049,16.1,76,0.7,4,6,True,Zone_C
2025-12-14 05:00:00,907.6105696951028,19.0,64,1.0,5,6,True,Zone_C
2025-12-14 06:00:00,926.7822842797757,20.9,56,1.6,6,6,True,Zone_C
2025-12-14 07:00:00,913.5518629915008,22.4,50,1.3,7,6,True,Zone_C
2025-12-14 08:00:00,932.5661586011857,23.1,46,2.1,8,6,True,Zone_C
2025-12-14 09:00:00,934.0232313573447,23.4,45,2.8,9,6,True,Zone_C
2025-12-14 10:00:00,912.2539037764141,23.1,47,4.1,10,6,True,Zone_C
2025-12-14 11:00:00,837.2500611283169,22.0,55,4.3,11,6,True,Zone_C
2025-12-14 12:00:00,838.4866009033298,19.6,65,4.5,12,6,True,Zone_C
2025-12-14 13:00:00,748.3492698912253,18.5,71,3.8,13,6,True,Zone_C
2025-12-14 14:00:00,721.0997483646194,17.1,80,3.5,14,6,True,Zone_C
2025-12-14 15:00:00,663.477192775619,16.4,84,3.3,15,6,True,Zone_C
2025-12-14 16:00:00,660.2898544280595,15.9,85,2.4,16,6,True,Zone_C
2025-12-14 17:00:00,625.8273966687112,15.2,87,2.0,17,6,True,Zone_C
2025-12-14 18:00:00,576.320620057048,14.3,89,1.3,18,6,True,Zone_C
2025-12-14 19:00:00,606.6699481945344,13.3,92,1.0,19,6,True,Zone_C
2025-12-14 20:00:00,597.8964370356042,12.4,95,2.7,20,6,True,Zone_C
2025-12-14 21:00:00,632.5126368078434,11.5,100,5.4,21,6,True,Zone_C
2025-12-14 22:00:00,623.6084273803855,11.0,100,6.0,22,6,True,Zone_C
2025-12-14 23:00:00,652.7797921606195,10.6,99,5.1,23,6,True,Zone_C
2025-12-15 00:00:00,653.0444882475011,10.4,97,5.3,0,0,False,Zone_C
2025-12-15 01:00:00,680.9422810445127,9.6,99,4.7,1,0,False,Zone_C
2025-12-15 02:00:00,718.9208768029298,9.2,100,4.5,2,0,False,Zone_C
2025-12-15 03:00:00,757.3134351548989,10.7,97,5.5,3,0,False,Zone_C
2025-12-15 04:00:00,742.5605537732138,12.4,92,4.8,4,0,False,Zone_C
2025-12-15 05:00:00,821.4257605651902,15.6,79,4.2,5,0,False,Zone_C
2025-12-15 06:00:00,897.271138019742,19.2,67,5.6,6,0,False,Zone_C
2025-12-15 07:00:00,889.4686286403488,21.5,57,6.6,7,0,False,Zone_C
2025-12-15 08:00:00,934.9787275941754,22.8,51,7.6,8,0,False,Zone_C
2025-12-15 09:00:00,923.9703717187565,23.4,46,8.3,9,0,False,Zone_C
2025-12-15 10:00:00,897.157166615201,23.2,44,8.0,10,0,False,Zone_C
2025-12-15 11:00:00,820.9811945232289,22.1,49,6.9,11,0,False,Zone_C
2025-12-15 12:00:00,775.24310589619,19.2,61,5.6,12,0,False,Zone_C
2025-12-15 13:00:00,729.9918403373396,18.0,66,5.6,13,0,False,Zone_C
2025-12-15 14:00:00,697.6677686256792,16.6,71,5.6,14,0,False,Zone_C
2025-12-15 15:00:00,663.6562734745041,15.9,72,6.2,15,0,False,Zone_C
2025-12-15 16:00:00,634.1789043104992,15.3,74,7.3,16,0,False,Zone_C
2025-12-15 17:00:00,633.9753590192516,14.7,74,8.8,17,0,False,Zone_C
2025-12-15 18:00:00,605.3005352584847,14.1,75,9.6,18,0,False,Zone_C
2025-12-15 19:00:00,598.6658011527966,13.1,79,8.4,19,0,False,Zone_C
2025-12-15 20:00:00,603.8436573120509,12.5,82,8.6,20,0,False,Zone_C
2025-12-15 21:00:00,619.6478235202613,12.0,86,8.7,21,0,False,Zone_C
2025-12-15 22:00:00,623.3519756310062,11.7,89,9.1,22,0,False,Zone_C
2025-12-15 23:00:00,648.0322418204263,11.6,90,9.3,23,0,False,Zone_C
2025-12-16 00:00:00,661.2578040443922,11.4,91,10.2,0,1,False,Zone_C
2025-12-16 01:00:00,709.4053789402321,11.1,92,8.9,1,1,False,Zone_C
2025-12-16 02:00:00,702.3883401273201,11.0,92,9.3,2,1,False,Zone_C
2025-12-16 03:00:00,793.7025966639038,12.3,88,10.4,3,1,False,Zone_C
2025-12-16 04:00:00,813.1116705921539,14.8,78,8.3,4,1,False,Zone_C
2025-12-16 05:00:00,865.5340882142389,17.4,68,9.2,5,1,False,Zone_C
2025-12-16 06:00:00,903.1621384006446,19.6,61,10.6,6,1,False,Zone_C
2025-12-16 07:00:00,895.4889214229082,21.5,53,11.3,7,1,False,Zone_C
2025-12-16 08:00:00,945.1051503391257,22.5,49,11.4,8,1,False,Zone_C
2025-12-16 09:00:00,911.974893394586,22.9,48,11.4,9,1,False,Zone_C
2025-12-16 10:00:00,899.5510983187783,22.7,50,11.9,10,1,False,Zone_C
2025-12-16 11:00:00,882.4288311690755,21.8,54,10.4,11,1,False,Zone_C
2025-12-16 12:00:00,785.631088406624,19.8,64,9.1,12,1,False,Zone_C
2025-12-16 13:00:00,710.4546680365853,18.5,70,8.9,13,1,False,Zone_C
2025-12-16 14:00:00,725.2245265170028,17.5,73,9.1,14,1,False,Zone_C
2025-12-16 15:00:00,688.5115072554586,16.7,76,9.4,15,1,False,Zone_C
2025-12-16 16:00:00,676.1501819275113,15.9,79,9.5,16,1,False,Zone_C
2025-12-16 17:00:00,643.8569132167515,15.2,81,8.8,17,1,False,Zone_C
2025-12-16 18:00:00,639.3596152073708,14.2,85,8.0,18,1,False,Zone_C
2025-12-16 19:00:00,605.9898940216195,13.4,88,7.7,19,1,False,Zone_C
2025-12-16 20:00:00,624.7133234571407,12.9,89,7.5,20,1,False,Zone_C
2025-12-16 21:00:00,619.3755965165074,12.5,89,8.2,21,1,False,Zone_C
2025-12-16 22:00:00,598.5864093674495,12.2,90,8.2,22,1,False,Zone_C
2025-12-16 23:00:00,653.0103012981446,12.0,90,8.7,23,1,False,Zone_C
2025-12-17 00:00:00,670.8764439415955,11.0,92,8.8,0,2,False,Zone_C
2025-12-17 01:00:00,704.0753805504083,10.9,92,8.0,1,2,False,Zone_C
2025-12-17 02:00:00,704.5330496411646,10.9,91,8.3,2,2,False,Zone_C
2025-12-17 03:00:00,754.0811321696785,12.2,86,9.4,3,2,False,Zone_C
2025-12-17 04:00:00,809.9357216279344,14.7,76,7.7,4,2,False,Zone_C
2025-12-17 05:00:00,884.4611526536466,17.3,67,8.2,5,2,False,Zone_C
2025-12-17 06:00:00,851.2611827869401,19.5,62,8.8,6,2,False,Zone_C
2025-12-17 07:00:00,890.5703533278273,21.5,56,8.8,7,2,False,Zone_C
2025-12-17 08:00:00,922.4464573383958,22.8,52,8.8,8,2,False,Zone_C
2025-12-17 09:00:00,927.1951996106659,23.4,50,8.4,9,2,False,Zone_C
2025-12-17 10:00:00,863.0406908586347,23.3,50,8.3,10,2,False,Zone_C
2025-12-17 11:00:00,843.9452205450333,22.4,54,7.0,11,2,False,Zone_C
2025-12-17 12:00:00,825.7126381144064,20.0,65,7.6,12,2,False,Zone_C
2025-12-17 13:00:00,734.840973830166,18.7,70,8.7,13,2,False,Zone_C
2025-12-17 14:00:00,731.081416675099,17.6,72,8.5,14,2,False,Zone_C
2025-12-17 15:00:00,647.2462129452192,16.8,73,7.7,15,2,False,Zone_C
2025-12-17 16:00:00,650.9564114705264,15.8,76,7.1,16,2,False,Zone_C
2025-12-17 17:00:00,618.6697321516831,14.9,79,6.1,17,2,False,Zone_C
2025-12-17 18:00:00,611.8325798097268,13.5,85,5.2,18,2,False,Zone_C
2025-12-17 19:00:00,601.2400971330245,12.9,88,5.6,19,2,False,Zone_C
2025-12-17 20:00:00,581.610253258872,12.1,91,4.8,20,2,False,Zone_C
2025-12-17 21:00:00,634.459382963489,11.4,92,4.6,21,2,False,Zone_C
2025-12-17 22:00:00,580.2156233959721,11.1,93,4.5,22,2,False,Zone_C
2025-12-17 23:00:00,616.0684113544776,10.8,94,4.6,23,2,False,Zone_C
2025-12-18 00:00:00,671.9411552729186,10.7,96,5.6,0,3,False,Zone_C
2025-12-18 01:00:00,677.6877152038521,10.6,97,4.9,1,3,False,Zone_C
2025-12-18 02:00:00,705.7961278242163,9.6,98,4.9,2,3,False,Zone_C
2025-12-18 03:00:00,737.9314090745428,11.8,93,5.4,3,3,False,Zone_C
2025-12-18 04:00:00,786.701573079043,14.2,84,3.1,4,3,False,Zone_C
2025-12-18 05:00:00,820.4379593281078,17.2,74,3.3,5,3,False,Zone_C
2025-12-18 06:00:00,884.9766531717596,18.7,67,3.8,6,3,False,Zone_C
2025-12-18 07:00:00,866.8447530088216,20.6,59,4.7,7,3,False,Zone_C
2025-12-18 08:00:00,893.51426180035,21.6,55,5.6,8,3,False,Zone_C
2025-12-18 09:00:00,843.6165104472976,22.0,54,6.6,9,3,False,Zone_C
2025-12-18 10:00:00,888.8200484488652,21.7,56,7.6,10,3,False,Zone_C
2025-12-18 11:00:00,840.7118433035267,20.9,59,7.9,11,3,False,Zone_C
2025-12-18 12:00:00,778.4550272996315,18.5,70,6.0,12,3,False,Zone_C
2025-12-18 13:00:00,748.5329654188388,17.3,76,6.2,13,3,False,Zone_C
2025-12-18 14:00:00,675.3250077901415,16.5,80,6.1,14,3,False,Zone_C
2025-12-18 15:00:00,684.9444156011602,15.7,83,5.9,15,3,False,Zone_C
2025-12-18 16:00:00,627.4651516049269,15.1,87,5.4,16,3,False,Zone_C
2025-12-18 17:00:00,623.0023600659528,14.2,91,4.5,17,3,False,Zone_C
2025-12-18 18:00:00,605.9805186639867,13.4,93,4.6,18,3,False,Zone_C
2025-12-18 19:00:00,593.1974278802023,12.9,95,5.2,19,3,False,Zone_C
2025-12-18 20:00:00,617.0949569402783,12.3,97,5.1,20,3,False,Zone_C
2025-12-18 21:00:00,640.6131562932055,12.2,96,6.1,21,3,False,Zone_C
2025-12-18 22:00:00,644.6669922779745,11.1,97,5.2,22,3,False,Zone_C
2025-12-18 23:00:00,602.3330839812139,10.6,98,5.2,23,3,False,Zone_C
2025-12-19 00:00:00,665.2806903833952,10.9,96,6.2,0,4,False,Zone_C
2025-12-19 01:00:00,677.0275144267781,9.7,98,5.5,1,4,False,Zone_C
2025-12-19 02:00:00,736.3390586671948,9.6,99,5.0,2,4,False,Zone_C
2025-12-19 03:00:00,740.7502344454878,11.4,98,5.6,3,4,False,Zone_C
2025-12-19 04:00:00,788.4321790501534,13.0,97,4.7,4,4,False,Zone_C
2025-12-19 05:00:00,833.4441273468935,15.2,84,3.8,5,4,False,Zone_C
2025-12-19 06:00:00,872.1489389462479,17.0,73,5.3,6,4,False,Zone_C
2025-12-19 07:00:00,841.0771816903407,19.1,63,6.2,7,4,False,Zone_C
2025-12-19 08:00:00,916.592611751225,20.5,55,6.6,8,4,False,Zone_C
2025-12-19 09:00:00,884.9405029602747,21.1,51,6.0,9,4,False,Zone_C
2025-12-19 10:00:00,864.5368840342661,21.1,51,6.6,10,4,False,Zone_C
2025-12-19 11:00:00,809.7657245779096,20.2,58,7.1,11,4,False,Zone_C
2025-12-19 12:00:00,769.4462314403914,17.8,71,5.2,12,4,False,Zone_C
2025-12-19 13:00:00,744.2566353560056,16.6,78,5.5,13,4,False,Zone_C
2025-12-19 14:00:00,671.7934223782453,15.4,82,5.7,14,4,False,Zone_C
2025-12-19 15:00:00,638.0691976798832,14.2,86,5.2,15,4,False,Zone_C
2025-12-19 16:00:00,575.798280920632,13.2,88,5.1,16,4,False,Zone_C
2025-12-19 17:00:00,576.0526048179357,12.6,89,4.0,17,4,False,Zone_C
2025-12-19 18:00:00,576.7575407736273,12.1,90,5.3,18,4,False,Zone_C
2025-12-19 19:00:00,585.0906236366573,11.1,91,5.3,19,4,False,Zone_C
2025-12-19 20:00:00,568.3804364307458,10.6,93,5.3,20,4,False,Zone_C
2025-12-19 21:00:00,582.1128171180914,10.1,94,3.7,21,4,False,Zone_C
2025-12-19 22:00:00,575.3552975421424,9.6,95,3.6,22,4,False,Zone_C
2025-12-19 23:00:00,607.087262412386,9.1,97,3.6,23,4,False,Zone_C
2025-12-20 00:00:00,641.0765863663929,8.6,100,3.6,0,5,True,Zone_C
2025-12-20 01:00:00,661.6903211772076,8.5,100,3.2,1,5,True,Zone_C
2025-12-20 02:00:00,678.1116482895794,8.2,99,2.1,2,5,True,Zone_C
2025-12-20 03:00:00,684.7869090237527,8.9,98,2.1,3,5,True,Zone_C
2025-12-20 04:00:00,755.6239512488193,11.2,95,1.3,4,5,True,Zone_C
2025-12-20 05:00:00,808.670023614907,14.3,80,1.4,5,5,True,Zone_C
2025-12-20 06:00:00,827.2635271056895,17.3,67,2.3,6,5,True,Zone_C
2025-12-20 07:00:00,905.9836158762905,19.5,59,1.7,7,5,True,Zone_C
2025-12-20 08:00:00,892.0350343819706,20.8,53,0.2,8,5,True,Zone_C
2025-12-20 09:00:00,880.0470600207634,21.2,50,1.3,9,5,True,Zone_C
2025-12-20 10:00:00,871.5131131833062,21.2,49,1.7,10,5,True,Zone_C
2025-12-20 11:00:00,845.8342601433028,20.5,62,1.4,11,5,True,Zone_C
2025-12-20 12:00:00,761.507828846136,18.1,64,1.2,12,5,True,Zone_C
2025-12-20 13:00:00,746.8435260585827,17.1,68,6.0,13,5,True,Zone_C
2025-12-20 14:00:00,712.7407103812683,15.8,78,7.6,14,5,True,Zone_C
2025-12-20 15:00:00,647.540980270229,15.2,83,6.9,15,5,True,Zone_C
2025-12-20 16:00:00,616.9627814432458,14.6,86,7.2,16,5,True,Zone_C
2025-12-20 17:00:00,622.4406980728647,14.0,89,7.4,17,5,True,Zone_C
2025-12-20 18:00:00,613.656530434784,13.1,93,6.3,18,5,True,Zone_C
2025-12-20 19:00:00,588.641841624317,12.7,94,5.6,19,5,True,Zone_C
2025-12-20 20:00:00,564.6194242194365,12.4,94,5.6,20,5,True,Zone_C
2025-12-20 21:00:00,607.915820233814,11.9,95,4.5,21,5,True,Zone_C
2025-12-20 22:00:00,626.6510001789518,11.6,96,4.7,22,5,True,Zone_C
2025-12-20 23:00:00,633.0380315262311,11.2,96,5.0,23,5,True,Zone_C
2025-12-21 00:00:00,672.2816083358334,10.6,98,4.0,0,6,True,Zone_C
2025-12-21 01:00:00,672.5826238336667,11.0,98,4.0,1,6,True,Zone_C
2025-12-21 02:00:00,730.8515743633512,11.2,99,4.2,2,6,True,Zone_C
2025-12-21 03:00:00,749.8871295205581,11.6,97,4.8,3,6,True,Zone_C
2025-12-21 04:00:00,775.26477888747,12.8,91,5.5,4,6,True,Zone_C
2025-12-21 05:00:00,831.8662631414637,15.0,80,4.9,5,6,True,Zone_C
2025-12-21 06:00:00,839.8004704327595,16.4,72,2.2,6,6,True,Zone_C
2025-12-21 07:00:00,858.5887995146911,18.5,62,3.1,7,6,True,Zone_C
2025-12-21 08:00:00,867.9657219452865,19.9,56,3.2,8,6,True,Zone_C
2025-12-21 09:00:00,898.8080970872967,20.5,53,3.2,9,6,True,Zone_C
2025-12-21 10:00:00,854.6929954598126,20.8,52,3.6,10,6,True,Zone_C
2025-12-21 11:00:00,851.4024924347262,20.4,54,3.3,11,6,True,Zone_C
2025-12-21 12:00:00,778.8486725126467,17.5,68,0.5,12,6,True,Zone_C
2025-12-21 13:00:00,751.626427160355,16.8,69,0.4,13,6,True,Zone_C
2025-12-21 14:00:00,687.3981655131375,15.9,73,1.1,14,6,True,Zone_C
2025-12-21 15:00:00,716.9485388951753,15.1,77,1.8,15,6,True,Zone_C
2025-12-21 16:00:00,644.6251832587138,14.6,80,1.3,16,6,True,Zone_C
2025-12-21 17:00:00,593.8355624919363,13.9,84,1.8,17,6,True,Zone_C
2025-12-21 18:00:00,613.7884323545068,13.3,89,4.4,18,6,True,Zone_C
2025-12-21 19:00:00,598.2809966603559,13.2,91,4.6,19,6,True,Zone_C
2025-12-21 20:00:00,610.0125599340072,12.6,93,4.1,20,6,True,Zone_C
2025-12-21 21:00:00,611.4917415691361,12.4,94,3.3,21,6,True,Zone_C
2025-12-21 22:00:00,668.1427510214722,12.1,95,2.3,22,6,True,Zone_C
2025-12-21 23:00:00,661.5238158918332,11.6,96,1.9,23,6,True,Zone_C
2025-12-22 00:00:00,686.7191036514939,11.5,100,3.0,0,0,False,Zone_C
2025-12-22 01:00:00,692.6675865773984,11.8,100,3.9,1,0,False,Zone_C
2025-12-22 02:00:00,720.9479614105871,11.8,100,4.1,2,0,False,Zone_C
2025-12-22 03:00:00,761.2861066754201,12.1,99,4.0,3,0,False,Zone_C
2025-12-22 04:00:00,810.9937778867935,12.8,96,4.4,4,0,False,Zone_C
2025-12-22 05:00:00,812.668020729353,15.1,82,2.8,5,0,False,Zone_C
2025-12-22 06:00:00,831.3768987598711,15.9,78,0.9,6,0,False,Zone_C
2025-12-22 07:00:00,864.5307698611559,18.3,67,1.3,7,0,False,Zone_C
2025-12-22 08:00:00,859.8381017071497,20.0,61,2.8,8,0,False,Zone_C
2025-12-22 09:00:00,896.9817326383369,20.9,59,3.7,9,0,False,Zone_C
2025-12-22 10:00:00,855.3887961936618,21.0,60,3.5,10,0,False,Zone_C
2025-12-22 11:00:00,862.1176706635764,20.4,64,4.6,11,0,False,Zone_C
2025-12-22 12:00:00,754.1573590183281,18.0,79,2.6,12,0,False,Zone_C
2025-12-22 13:00:00,745.9830517869657,16.8,85,2.9,13,0,False,Zone_C
2025-12-22 14:00:00,705.0715562636257,15.7,90,2.7,14,0,False,Zone_C
2025-12-22 15:00:00,682.7609412937223,14.8,93,3.3,15,0,False,Zone_C
2025-12-22 16:00:00,606.0153846528224,14.2,93,2.9,16,0,False,Zone_C
2025-12-22 17:00:00,585.7628489329112,13.8,94,3.1,17,0,False,Zone_C
2025-12-22 18:00:00,589.3419899218312,12.9,97,2.3,18,0,False,Zone_C
2025-12-22 19:00:00,583.4542771089474,11.9,100,1.8,19,0,False,Zone_C
2025-12-22 20:00:00,602.6007773317488,11.4,100,4.5,20,0,False,Zone_C
2025-12-22 21:00:00,608.6739276529963,11.7,99,4.4,21,0,False,Zone_C
2025-12-22 22:00:00,606.3512400451403,11.1,99,5.2,22,0,False,Zone_C
2025-12-22 23:00:00,644.7637246824969,10.9,100,6.1,23,0,False,Zone_C
2025-12-23 00:00:00,687.5374990937838,10.8,99,7.9,0,1,False,Zone_C
2025-12-23 01:00:00,713.2376141274581,11.2,100,7.6,1,1,False,Zone_C
2025-12-23 02:00:00,725.4852682643583,11.3,100,7.8,2,1,False,Zone_C
2025-12-23 03:00:00,721.2514117971398,11.9,99,8.3,3,1,False,Zone_C
2025-12-23 04:00:00,754.6584878231381,13.4,95,7.8,4,1,False,Zone_C
2025-12-23 05:00:00,846.4830276689727,16.3,81,6.3,5,1,False,Zone_C
2025-12-23 06:00:00,917.5564188068428,18.5,72,6.8,6,1,False,Zone_C
2025-12-23 07:00:00,911.0086749793597,20.8,65,7.6,7,1,False,Zone_C
2025-12-23 08:00:00,937.162332074705,22.2,59,8.7,8,1,False,Zone_C
2025-12-23 09:00:00,906.747612961585,22.9,56,10.5,9,1,False,Zone_C
2025-12-23 10:00:00,869.902982909629,22.7,57,11.2,10,1,False,Zone_C
2025-12-23 11:00:00,869.2238130917705,21.8,60,10.4,11,1,False,Zone_C
2025-12-23 12:00:00,760.6687532771108,19.9,69,9.7,12,1,False,Zone_C
2025-12-23 13:00:00,757.4288012266499,18.4,76,10.2,13,1,False,Zone_C
2025-12-23 14:00:00,730.2478686564375,17.3,79,10.7,14,1,False,Zone_C
2025-12-23 15:00:00,685.7593162001218,16.5,81,10.8,15,1,False,Zone_C
2025-12-23 16:00:00,664.9886298812909,15.7,83,10.7,16,1,False,Zone_C
2025-12-23 17:00:00,634.097646167461,15.0,86,10.7,17,1,False,Zone_C
2025-12-23 18:00:00,638.1266585007177,14.4,88,11.5,18,1,False,Zone_C
2025-12-23 19:00:00,617.1497441605646,13.8,90,11.0,19,1,False,Zone_C
2025-12-23 20:00:00,667.5689368112071,13.5,91,10.9,20,1,False,Zone_C
2025-12-23 21:00:00,605.8974443724748,13.2,92,10.9,21,1,False,Zone_C
2025-12-23 22:00:00,651.1443828686344,12.9,92,10.2,22,1,False,Zone_C
2025-12-23 23:00:00,666.8640082478238,12.4,92,9.6,23,1,False,Zone_C
2025-12-24 00:00:00,687.5476816324742,12.1,92,10.8,0,2,False,Zone_C
2025-12-24 01:00:00,729.4036077971605,11.4,92,10.6,1,2,False,Zone_C
2025-12-24 02:00:00,738.1633534306825,11.1,92,10.2,2,2,False,Zone_C
2025-12-24 03:00:00,754.9768532667591,12.1,88,10.4,3,2,False,Zone_C
2025-12-24 04:00:00,834.1270590830816,14.1,78,8.3,4,2,False,Zone_C
2025-12-24 05:00:00,856.350931072501,16.5,70,8.6,5,2,False,Zone_C
2025-12-24 06:00:00,876.0746092435177,18.8,62,10.5,6,2,False,Zone_C
2025-12-24 07:00:00,892.4285752387019,20.4,46,12.6,7,2,False,Zone_C
2025-12-24 08:00:00,915.2166654411566,20.9,42,12.3,8,2,False,Zone_C
2025-12-24 09:00:00,877.0922259870426,20.9,41,12.3,9,2,False,Zone_C
2025-12-24 10:00:00,845.9904857431851,20.5,42,12.0,10,2,False,Zone_C
2025-12-24 11:00:00,815.9144054600979,19.8,44,10.8,11,2,False,Zone_C
2025-12-24 12:00:00,808.8298005250367,18.0,55,7.8,12,2,False,Zone_C
2025-12-24 13:00:00,726.1033990060047,16.8,61,6.9,13,2,False,Zone_C
2025-12-24 14:00:00,660.2562252513994,15.4,67,4.9,14,2,False,Zone_C
2025-12-24 15:00:00,641.0632075999034,14.4,70,5.7,15,2,False,Zone_C
2025-12-24 16:00:00,600.4754303068196,13.6,73,5.4,16,2,False,Zone_C
2025-12-24 17:00:00,605.7461410824412,12.9,74,6.1,17,2,False,Zone_C
2025-12-24 18:00:00,576.9106266719731,12.1,79,6.0,18,2,False,Zone_C
2025-12-24 19:00:00,599.8704992349609,11.1,82,5.4,19,2,False,Zone_C
2025-12-24 20:00:00,585.3350178575408,10.6,82,6.1,20,2,False,Zone_C
2025-12-24 21:00:00,573.9444503502062,10.0,84,5.4,21,2,False,Zone_C
2025-12-24 22:00:00,587.5931983122966,9.4,85,4.9,22,2,False,Zone_C
2025-12-24 23:00:00,626.5142035875261,9.1,85,5.2,23,2,False,Zone_C
2025-12-25 00:00:00,659.8908162220974,8.6,89,7.5,0,3,False,Zone_C
2025-12-25 01:00:00,626.6411728932667,8.4,88,6.3,1,3,False,Zone_C
2025-12-25 02:00:00,666.7104109603496,8.2,86,6.4,2,3,False,Zone_C
2025-12-25 03:00:00,732.7741345584417,9.6,78,6.2,3,3,False,Zone_C
2025-12-25 04:00:00,763.7142869777919,12.3,67,2.7,4,3,False,Zone_C
2025-12-25 05:00:00,825.5737077596452,15.2,56,3.3,5,3,False,Zone_C
2025-12-25 06:00:00,877.9408162726675,17.9,50,4.0,6,3,False,Zone_C
2025-12-25 07:00:00,868.325347691341,19.6,45,4.6,7,3,False,Zone_C
2025-12-25 08:00:00,864.4065649649339,20.5,42,5.6,8,3,False,Zone_C
2025-12-25 09:00:00,874.6431526525857,20.8,41,5.8,9,3,False,Zone_C
2025-12-25 10:00:00,831.1579007624432,20.5,42,6.4,10,3,False,Zone_C
2025-12-25 11:00:00,849.982662176556,19.8,46,6.2,11,3,False,Zone_C
2025-12-25 12:00:00,734.643715542938,17.1,63,4.0,12,3,False,Zone_C
2025-12-25 13:00:00,686.089813653097,16.0,67,3.8,13,3,False,Zone_C
2025-12-25 14:00:00,655.508744039601,14.9,72,3.8,14,3,False,Zone_C
2025-12-25 15:00:00,622.1107829841063,13.9,75,4.2,15,3,False,Zone_C
2025-12-25 16:00:00,578.2247596135281,13.2,78,2.8,16,3,False,Zone_C
2025-12-25 17:00:00,601.3581706042611,12.6,81,1.5,17,3,False,Zone_C
2025-12-25 18:00:00,561.6028044799338,11.6,85,1.7,18,3,False,Zone_C
2025-12-25 19:00:00,584.1621456822287,11.1,86,0.7,19,3,False,Zone_C
2025-12-25 20:00:00,569.673848860211,10.6,88,0.6,20,3,False,Zone_C
2025-12-25 21:00:00,548.1511643590002,9.9,90,1.2,21,3,False,Zone_C
2025-12-25 22:00:00,582.1049882397235,9.1,93,1.9,22,3,False,Zone_C
2025-12-25 23:00:00,612.6548703157713,8.9,93,3.2,23,3,False,Zone_C
2025-12-26 00:00:00,580.1109941589037,8.9,94,4.2,0,4,False,Zone_C
2025-12-26 01:00:00,651.8695446366459,9.1,92,2.6,1,4,False,Zone_C
2025-12-26 02:00:00,703.2417527152176,9.1,91,1.0,2,4,False,Zone_C
2025-12-26 03:00:00,755.4594700949991,10.2,85,0.6,3,4,False,Zone_C
2025-12-26 04:00:00,786.0362008404737,12.6,75,0.9,4,4,False,Zone_C
2025-12-26 05:00:00,838.5018481973435,15.1,64,2.0,5,4,False,Zone_C
2025-12-26 06:00:00,866.0187962139096,17.7,57,5.1,6,4,False,Zone_C
2025-12-26 07:00:00,866.4856547452886,19.6,50,7.4,7,4,False,Zone_C
2025-12-26 08:00:00,880.7315604159091,20.4,45,8.2,8,4,False,Zone_C
2025-12-26 09:00:00,880.0062207752042,20.5,45,8.7,9,4,False,Zone_C
2025-12-26 10:00:00,915.4159441764174,20.2,48,7.9,10,4,False,Zone_C
2025-12-26 11:00:00,854.4861614642653,19.5,52,7.0,11,4,False,Zone_C
2025-12-26 12:00:00,752.2490006913447,17.2,66,4.3,12,4,False,Zone_C
2025-12-26 13:00:00,702.831317406453,16.5,72,3.9,13,4,False,Zone_C
2025-12-26 14:00:00,698.3452557565789,15.4,75,4.4,14,4,False,Zone_C
2025-12-26 15:00:00,653.1776245656237,14.6,78,4.7,15,4,False,Zone_C
2025-12-26 16:00:00,634.6342104513727,13.8,82,5.2,16,4,False,Zone_C
2025-12-26 17:00:00,585.4013357480983,12.8,87,4.9,17,4,False,Zone_C
2025-12-26 18:00:00,549.1083881594316,12.1,90,5.1,18,4,False,Zone_C
2025-12-26 19:00:00,619.5149878487402,11.1,93,5.0,19,4,False,Zone_C
2025-12-26 20:00:00,560.1600804787462,10.6,94,4.9,20,4,False,Zone_C
2025-12-26 21:00:00,569.0145515533952,10.7,94,5.2,21,4,False,Zone_C
2025-12-26 22:00:00,610.4676236722721,10.4,95,5.4,22,4,False,Zone_C
2025-12-26 23:00:00,642.6404666594445,9.8,96,5.2,23,4,False,Zone_C
2025-12-27 00:00:00,637.899507234303,8.9,98,4.8,0,5,True,Zone_C
2025-12-27 01:00:00,642.3058859548354,8.2,99,4.2,1,5,True,Zone_C
2025-12-27 02:00:00,699.9895404866841,8.4,98,3.6,2,5,True,Zone_C
2025-12-27 03:00:00,751.7696342341554,10.4,92,5.2,3,5,True,Zone_C
2025-12-27 04:00:00,799.0856239965494,12.6,83,3.5,4,5,True,Zone_C
2025-12-27 05:00:00,792.9494998923864,15.3,73,3.8,5,5,True,Zone_C
2025-12-27 06:00:00,861.3256551262787,17.4,68,4.8,6,5,True,Zone_C
2025-12-27 07:00:00,919.7154957145019,19.0,61,6.5,7,5,True,Zone_C
2025-12-27 08:00:00,875.4059273623405,19.9,57,7.0,8,5,True,Zone_C
2025-12-27 09:00:00,871.3515448743807,20.2,54,7.2,9,5,True,Zone_C
2025-12-27 10:00:00,843.8181795867724,20.1,55,7.5,10,5,True,Zone_C
2025-12-27 11:00:00,806.0924863460913,19.5,57,7.3,11,5,True,Zone_C
2025-12-27 12:00:00,748.5091197445003,17.8,68,4.2,12,5,True,Zone_C
2025-12-27 13:00:00,729.9718450971659,17.0,73,4.4,13,5,True,Zone_C
2025-12-27 14:00:00,669.2032929003079,15.6,80,3.7,14,5,True,Zone_C
2025-12-27 15:00:00,675.9772293573259,14.4,86,3.1,15,5,True,Zone_C
2025-12-27 16:00:00,626.3042852403163,13.4,89,3.8,16,5,True,Zone_C
2025-12-27 17:00:00,608.1645713761665,12.8,90,1.7,17,5,True,Zone_C
2025-12-27 18:00:00,550.6562062131585,11.6,93,3.5,18,5,True,Zone_C
2025-12-27 19:00:00,569.1583859199792,11.1,95,5.0,19,5,True,Zone_C
2025-12-27 20:00:00,563.3510219402244,10.1,97,4.5,20,5,True,Zone_C
2025-12-27 21:00:00,599.9204837059779,9.8,98,4.7,21,5,True,Zone_C
2025-12-27 22:00:00,599.3845182925177,9.7,97,5.4,22,5,True,Zone_C
2025-12-27 23:00:00,598.0997458236639,8.9,99,4.6,23,5,True,Zone_C
2025-12-28 00:00:00,598.7275586892652,8.4,100,3.1,0,6,True,Zone_C
2025-12-28 01:00:00,639.6468216391418,8.2,100,2.0,1,6,True,Zone_C
2025-12-28 02:00:00,657.0851822067219,7.9,100,2.8,2,6,True,Zone_C
2025-12-28 03:00:00,739.8692237206476,8.8,98,3.3,3,6,True,Zone_C
2025-12-28 04:00:00,786.4948446406247,10.5,94,3.4,4,6,True,Zone_C
2025-12-28 05:00:00,796.0401726736155,13.6,80,3.4,5,6,True,Zone_C
2025-12-28 06:00:00,820.594539384403,16.5,70,5.7,6,6,True,Zone_C
2025-12-28 07:00:00,883.2346252041285,18.7,60,6.5,7,6,True,Zone_C
2025-12-28 08:00:00,884.0078322505416,19.8,56,6.4,8,6,True,Zone_C
2025-12-28 09:00:00,912.682384504169,20.2,54,6.3,9,6,True,Zone_C
2025-12-28 10:00:00,852.7582282403827,20.0,56,5.8,10,6,True,Zone_C
2025-12-28 11:00:00,818.5029669040744,19.3,60,6.2,11,6,True,Zone_C
2025-12-28 12:00:00,751.6293652393188,17.1,74,3.9,12,6,True,Zone_C
2025-12-28 13:00:00,725.358830279657,16.4,78,2.4,13,6,True,Zone_C
2025-12-28 14:00:00,718.336415804542,15.1,84,3.7,14,6,True,Zone_C
2025-12-28 15:00:00,614.2252586363534,14.3,88,4.6,15,6,True,Zone_C
2025-12-28 16:00:00,605.8532261895136,13.4,91,4.0,16,6,True,Zone_C
2025-12-28 17:00:00,566.8151043142815,12.8,93,3.1,17,6,True,Zone_C
2025-12-28 18:00:00,539.2780725230598,12.3,95,1.3,18,6,True,Zone_C
2025-12-28 19:00:00,601.955292149688,11.7,97,0.6,19,6,True,Zone_C
2025-12-28 20:00:00,552.6504033595816,10.9,100,0.2,20,6,True,Zone_C
2025-12-28 21:00:00,576.572753151435,9.6,99,0.9,21,6,True,Zone_C
2025-12-28 22:00:00,574.2715160059224,9.2,100,2.3,22,6,True,Zone_C
2025-12-28 23:00:00,579.4833616715068,9.5,100,2.2,23,6,True,Zone_C
2025-12-29 00:00:00,645.5882841102845,9.6,99,4.5,0,0,False,Zone_C
2025-12-29 01:00:00,665.3341552183751,9.4,100,3.1,1,0,False,Zone_C
2025-12-29 02:00:00,688.1042020212928,9.6,99,3.3,2,0,False,Zone_C
2025-12-29 03:00:00,729.7548141147306,9.9,99,3.2,3,0,False,Zone_C
2025-12-29 04:00:00,757.9421526346365,10.9,98,3.6,4,0,False,Zone_C
2025-12-29 05:00:00,782.0345689245802,12.2,95,3.9,5,0,False,Zone_C
2025-12-29 06:00:00,795.9680854695747,14.0,84,4.8,6,0,False,Zone_C
2025-12-29 07:00:00,846.0489857598517,16.4,74,4.4,7,0,False,Zone_C
2025-12-29 08:00:00,844.3532008087285,18.0,65,4.7,8,0,False,Zone_C
2025-12-29 09:00:00,865.0227964359406,19.0,59,5.1,9,0,False,Zone_C
2025-12-29 10:00:00,833.1629926011034,19.0,59,5.6,10,0,False,Zone_C
2025-12-29 11:00:00,782.3735981510084,18.4,62,6.1,11,0,False,Zone_C
2025-12-29 12:00:00,762.8021535534365,16.1,77,3.7,12,0,False,Zone_C
2025-12-29 13:00:00,705.1391346157511,15.0,81,2.3,13,0,False,Zone_C
2025-12-29 14:00:00,686.6694458122391,13.9,85,3.2,14,0,False,Zone_C
2025-12-29 15:00:00,613.5911248660707,12.8,88,2.2,15,0,False,Zone_C
2025-12-29 16:00:00,629.7518119833027,11.8,92,2.6,16,0,False,Zone_C
2025-12-29 17:00:00,538.3765025872699,11.0,94,2.4,17,0,False,Zone_C
2025-12-29 18:00:00,570.2880775882271,10.4,96,1.9,18,0,False,Zone_C
2025-12-29 19:00:00,561.2002816294723,9.8,97,1.8,19,0,False,Zone_C
2025-12-29 20:00:00,528.7792161727826,8.9,100,1.8,20,0,False,Zone_C
2025-12-29 21:00:00,525.3615252968485,8.3,100,3.5,21,0,False,Zone_C
2025-12-29 22:00:00,588.0405666900115,8.2,99,5.2,22,0,False,Zone_C
2025-12-29 23:00:00,575.6055417480507,8.0,99,5.2,23,0,False,Zone_C
